ref_#,domain,media_description,title,instruction,question,assessment_type,cefr_level,cefr_descriptor,question_type,subtype,skill_focus,topic,context,learning_objective,difficulty,expected_time,discrimination,guessing_factor,weight,considerations,tips,tags,partial_credit_enabled,feedback_correct,feedback_incorrect,correct_count,incorrect_count,max_attempts,word_limit_min,word_limit_max,text_genre,media_key,requirement_1,requirement_1_score_0,requirement_1_score_1,requirement_1_score_2,requirement_1_score_3,requirement_2,requirement_2_score_0,requirement_2_score_1,requirement_2_score_2,requirement_2_score_3,requirement_3,requirement_3_score_0,requirement_3_score_1,requirement_3_score_2,requirement_3_score_3,generic_requirement,generic_requirement_score_0,generic_requirement_score_1,generic_requirement_score_2,generic_requirement_score_3
W-A1-1,General,,,Read the task below and write your response in the space provided.,"Write a note to your family. Tell them:

where you are going
what time you will come back",Writing,b1,"can write clear, detailed, well-structured reviews on complex topics",note,critical review,writing for main idea,shopping and consumer activities,,,0.15,600,0.15,0.0,1.0,,,,FALSE,,,0.0,41.0,0,,,,,,,,,,,,,,,,,,,,,,,,
W-A1-2,General,,,,"""Write about your best friend. Write three sentences. Write about: Who your friend is, What you do together, What you like about your friend.""",Writing,a1,"""can produce simple phrases and sentences about themselves and imaginary people, where they live and what they do.""",sentence level,simple sentence writing,,,,,0.15,600,0.15,0.0,1.0,,,,FALSE,,,0.0,10.0,0,,,,,,,,,,,,,,,,,,,,,,,,
W-A1-3,General,,,,"""Write about your family. Write three sentences. Say: Who is in your family, Where you live, What you like about your family.""",Writing,a1,"""can produce simple phrases and sentences about themselves and imaginary people, where they live and what they do.""",sentence level,simple sentence writing,,,,,0.15,600,0.15,0.0,1.0,,,,FALSE,,,0.0,8.0,0,,,,,,,,,,,,,,,,,,,,,,,,
W-A1-4,General,,,,"""Write about your daily routine. Write three sentences. Say: What you do in the morning, What you do in the afternoon, When you go to bed""",Writing,a1,"""can use simple words/signs and phrases to describe certain everyday objects.""",sentence level,simple sentence writing,,,,,0.15,600,0.15,0.0,1.0,,,,FALSE,,,0.0,10.0,0,,,,,,,,,,,,,,,,,,,,,,,,
W-A1-5,General,,,,"""Write about your favourite food. Write three sentences. Say: What your favourite food is, Where you usually eat it, Why you like it""",Writing,a1,"""can use simple words/signs and phrases to describe certain everyday objects""",long answer,simple sentence writing,,,,,0.15,600,0.15,0.0,1.0,,,,FALSE,,,0.0,5.0,0,,,,,,,,,,,,,,,,,,,,,,,,
W-A1-6,General,,,,"""Write a note to your roommate. Tell them: - where you are going (supermarket/library/gym) - what time you will come back""",Writing,a1,"""can leave a simple message giving information regarding for instance where they have gone, or what time they will be back (e.g. shopping: back at 5 p.m.)""",note,short note writing,,,,,0.15,600,0.15,0.0,1.0,,,,FALSE,,,1.0,33.0,0,,,,,,,,,,,,,,,,,,,,,,,,
W-A1-7,General,,,,Write an email to your friend about food. Tell them: - your favorite food - when you eat it - why you like it,Writing,a1,"can write short, simple emails expressing likes and dislikes",letter/email,simple email,,,,,0.15,600,0.15,0.0,1.0,,,,FALSE,,,1.0,20.0,0,,,,,,,,,,,,,,,,,,,,,,,,
W-A1-8,General,,,,Complete the form with your information AND write a note about your favorite class. Include: - which class you like - why you like it - what you do in class,Writing,a1,can fill in personal information on a form,note,basic form + note,,,,,0.15,600,0.15,0.0,1.0,,,,FALSE,,,0.0,45.0,0,,,,,,,,,,,,,,,,,,,,,,,,
W-A1-9,General,,,,Write about your family. Include: - who is in your family - where you live - what you like doing together,Writing,a1,can produce simple phrases and sentences about themselves and imaginary people,note,simple note writing,,,,,0.15,600,0.15,0.0,1.0,,,,FALSE,,,0.0,33.0,0,,,,,,,,,,,,,,,,,,,,,,,,
W-A1-10,General,,,,Write a note to your friend. Tell them: - where you are - what time you will return - what you are doing,Writing,a1,can leave a simple message giving basic information,note,short message,,,,,0.15,600,0.15,0.0,1.0,,,,FALSE,,,0.0,37.0,0,,,,,,,,,,,,,,,,,,,,,,,,
W-A1-11,General,,,,Write about yourself. Include: - your name and age - what you like doing - your favorite things,Writing,a1,can give information about matters of personal relevance using simple words,simple note,short message,,self and identity,,,0.15,600,0.15,0.0,1.0,,,,FALSE,,,0.0,11.0,0,,,,,,,,,,,,,,,,,,,,,,,,
W-A2-1,General,,,,"""Write a text message to your friend about going to a football match. Include the date, time, and place.""",Writing,a2,"""can write short, simple notes and messages relating to matters in areas of immediate need""",note,simple note writing,,,,,0.3,600,0.15,0.0,1.0,,,,FALSE,,,0.0,4.0,0,,,,,,,,,,,,,,,,,,,,,,,,
W-A2-2,General,,,,Write about your favorite place in your town. Include: - where it is - what you can do there - why you like it,Writing,a2,"can write very short, basic descriptions of events, past activities and personal experiences",paragraph,short paragraph writing,,,,,0.3,600,0.15,0.0,1.0,,,,FALSE,,,0.0,8.0,0,,,,,,,,,,,,,,,,,,,,,,,,
W-A2-3,General,,,,Write a note to your teacher explaining: - why you missed class - when you will return - what homework you need,Writing,a2,"can write short, simple notes and messages relating to matters in areas of immediate need",note,simple note writing,,,,,0.3,600,0.15,0.0,1.0,,,,FALSE,,,0.0,4.0,0,,,,,,,,,,,,,,,,,,,,,,,,
W-A2-4,General,,,,Write an email inviting a friend to join your sports club. Include: - type of sport - when you meet - what they need - why they should join,Writing,a2,"can write short, simple notes and messages",letter/email,simple email writing,,,,,0.3,600,0.15,0.0,1.0,,,,FALSE,,,0.0,3.0,0,,,,,,,,,,,,,,,,,,,,,,,,
W-A2-5,General,,,,"""Write a note to your teacher saying why you forgot your homework and when you will finish it.""",Writing,a2,"""can compose short, simple formulaic notes relating to matters in areas of immediate need""",note,simple note writing,,,,,0.3,600,0.15,0.0,1.0,,,,FALSE,,,0.0,6.0,0,,,,,,,,,,,,,,,,,,,,,,,,
W-A2-6,General,,,,"""Write an email to your friend inviting them to a picnic. Include the date, time, and what to bring.""",Writing,a2,"""can write very simple personal letters expressing thanks and apology""",letter/email,simple email writing,,,,,0.3,600,0.15,0.0,1.0,,,,FALSE,,,0.0,3.0,0,,,,,,,,,,,,,,,,,,,,,,,,
W-A2-7,General,,,Write a letter,"""Write a letter to your friend about a recent holiday you went on. Include where you went, what you did, and what you liked the most.""",Writing,a2,can write a short description of a trip or event.,paragraph,short paragraph writing,holistic (a2),"countries, cities, towns, and public places (a2)",,,0.3,600,0.15,0.0,1.0,,,,FALSE,,,0,7,0,50,150,,,Describe where you went on holiday,No location mentioned,Location mentioned briefly without detail,Location described with some details,Location described clearly with specific place details,Explain what you did during the holiday,No activities described,One activity mentioned but not explained,Activities described with some explanation,Activities described with clear detail and examples,Say what you liked the most and why,No personal preference given,Liked something mentioned but not explained,Liked something and gave a reason,Liked something and explained it with specific detail,Use an appropriate letter style and write clearly,No letter style or unclear writing,Some letter cues but writing is weak,Letter format is present and writing is mostly clear,Letter format is strong and writing is clear with good structure
W-A2-8,General,,,,"""Write a message to your friend inviting them to join you for a weekend trip. Include where you want to go, what you plan to do, and when you will leave.""",Writing,a2,"""can compose short, simple notes, emails and text messages""",paragraph,short paragraph writing,,,,,0.3,600,0.15,0.0,1.0,,,,FALSE,,,0.0,4.0,0,,,,,,,,,,,,,,,,,,,,,,,,
W-A2-9,General,,,,"""Write a shopping list for your friend. Include: - 5 items you need - quantities for each item - where to buy them""",Writing,a2,"""can write short, simple notes and messages relating to matters in areas of immediate need""",note,simple note writing,,,,,0.3,600,0.15,0.0,1.0,,,,FALSE,,,0.0,2.0,0,,,,,,,,,,,,,,,,,,,,,,,,
W-A2-10,General,,,,"""Write an email responding to your friend's party invitation. Say: - if you can come - thank them - ask what to bring""",Writing,a2,"""can write very simple personal letters expressing thanks and apology""",letter/email,simple email writing,,,,,0.3,600,0.15,0.0,1.0,,,,FALSE,,,0.0,2.0,0,,,,,,,,,,,,,,,,,,,,,,,,
W-A2-11,General,,,,Write a note to your exercise partner about tomorrow's workout. Tell them: - what time to meet - where to meet - what exercise you plan to do - what they need to bring,Writing,a2,"can write short, simple notes and messages relating to matters in areas of immediate need",note,simple note writing,,,,,0.3,600,0.15,0.0,1.0,,,,FALSE,,,0.0,6.0,0,,,,,,,,,,,,,,,,,,,,,,,,
W-A2-12,General,,,,Write an email to a shop about an item you bought yesterday that doesn't work. Include: - what you bought - what the problem is - what you want them to do,Writing,a2,can write very simple personal letters expressing thanks and apology,simple email writing,simple email writing,,shopping and consumer activities,,,0.3,600,0.15,0.0,1.0,,,,FALSE,,,0.0,6.0,0,,,,,,,,,,,,,,,,,,,,,,,,
W-B1-1,General,,,,"Your local council is concerned about the increasing amount of waste produced in the community. Write a report outlining the current situation, its causes, and possible solutions. Include recommendations for reducing waste.

Prompts to support thinking:

Describe the current waste management practices and their shortcomings.
Identify the main sources of waste in your community.
Suggest practical measures that individuals and the council can take to reduce waste.",Writing,b1,"""can synthesize information and arguments from a number of sources""",report,report writing,,,,,0.3,1200,0.15,0.0,1.0,,,,FALSE,,,1.0,1.0,0,,,,,,,,,,,,,,,,,,,,,,,,
W-B1-2,General,,,,"You recently stayed at a hotel where you experienced several issues with the service. Write a formal letter of complaint to the hotel manager, explaining the problems you encountered and suggesting appropriate solutions or compensations.

Prompts to support thinking:

Detail specific issues you faced during your stay (e.g., cleanliness, service delays).
Explain how these issues affected your stay.
Suggest possible solutions or compensations (e.g., refund, free stay).",Writing,b1,"""can compose formal e-mails/letters of complaint using appropriate register and conventions""",letter/email,formal letter writing,,,,,0.3,1200,0.15,0.0,1.0,,,,FALSE,,,0.0,2.0,0,,,,,,,,,,,,,,,,,,,,,,,,
W-B1-3,General,,,,"Write a review of a book or movie that you have recently read or watched. Discuss its themes, characters, and your personal response to it. Evaluate its strengths and weaknesses and recommend it to a specific audience.

Prompts to support thinking:

Summarize the plot and main themes of the book or movie.
Discuss the development of the main characters.
Evaluate what you liked and disliked about it.
Recommend it to a particular audience (e.g., teenagers, history enthusiasts).",Writing,b1,"""can write reviews of films, books or plays""",article,review writing,,,,,0.3,1200,0.15,0.0,1.0,,,,FALSE,,,0.0,0.0,0,,,,,,,,,,,,,,,,,,,,,,,,
W-B1-4,General,,,,"Write an article for an international magazine about cultural differences and how they can affect communication in the workplace. Provide examples of common misunderstandings and suggest ways to improve cross-cultural communication.

Prompts to support thinking:

Identify common cultural differences that affect workplace communication.
Provide real-life examples of misunderstandings caused by these differences.
Suggest strategies to enhance cross-cultural communication (e.g., cultural sensitivity training, clear communication protocols).",Writing,b1,"""can write clear, detailed descriptions on a variety of subjects related to their field of interest""",article,article writing,,,,,0.3,1200,0.15,0.0,1.0,,,,FALSE,,,0.0,0.0,0,,,,,,,,,,,,,,,,,,,,,,,,
W-B1-5,General,,,,"""The use of plastic packaging is affecting our environment. Write an essay discussing how plastic packaging impacts your community. Provide specific examples to support your points. Prompts to support thinking: - Consider how plastic affects wildlife, streets, and waterways - Think about both necessity (food safety, convenience) and problems (pollution, waste) - Use examples from your local area and daily life""",Writing,b1,"""can produce short, simple essays on topics of interest""",essay,opinion essay,,,,,0.45,900,0.15,0.0,1.0,,,,FALSE,,,0.0,6.0,0,,,,,,,,,,,,,,,,,,,,,,,,
W-B1-6,General,,,,"""Fast food restaurants are becoming more popular in many neighborhoods. Write a report about how this affects people's eating habits. Provide specific examples from your experience. Prompts to support thinking: - Consider effects on family mealtimes and cooking habits - Think about both advantages (convenience, cost) and disadvantages (health, traditional food culture) - Use examples from your own community""",Writing,b1,"""can summarise, report and give their opinion about accumulated factual information on routine matters""",report,report writing,,,,,0.45,900,0.15,0.0,1.0,,,,FALSE,,,1.0,0.0,0,,,,,,,,,,,,,,,,,,,,,,,,
W-B1-7,General,,,,Your English friend wrote asking for advice about a disagreement with their roommate. Write a reply including: - your understanding of the situation - similar experience you had - suggestions for solution - offer of support,Writing,b1,can write personal letters giving news and expressing thoughts,letter/email,response letter,,,,,0.45,900,0.15,0.0,1.0,,,,FALSE,,,0.0,1.0,0,,,,,,,,,,,,,,,,,,,,,,,,
W-B1-8,General,,,,"""You are going away for a week. Write a note to your friend who is taking care of your cat. Tell them what to feed the cat, how often, and any other important details.""",Writing,b1,"""can take messages communicating enquiries and explaining problems""",paragraph,descriptive writing,,,,,0.45,300,0.15,0.0,1.0,,,,FALSE,,,0.0,1.0,0,,,,,,,,,,,,,,,,,,,,,,,,
W-B1-9,General,,,,"""Write a text message to a friend inviting them to a movie night at your place. Include the time, date, and any special instructions.""",Writing,b1,"""can compose personal letters giving news and expressing thoughts about abstract or cultural topics""",letter/email,informal letter writing,,,,,0.45,300,0.15,0.0,1.0,,,,FALSE,,,0.0,1.0,0,,,,,,,,,,,,,,,,,,,,,,,,
W-B1-10,General,,,,"""Write a post for a social media platform about a recent trip you took. Describe where you went and what you enjoyed the most.""",Writing,b1,"""can write straightforward, detailed descriptions on a range of familiar subjects""",paragraph,descriptive writing,,,,,0.45,300,0.15,0.0,1.0,,,,FALSE,,,0.0,1.0,0,,,,,,,,,,,,,,,,,,,,,,,,
W-B1-11,General,,,,"""Write a text message to a friend explaining why you will be late to a meeting. Include how late you will be and the reason for the delay.""",Writing,b1,"""can compose basic formal e-mails/letters""",letter/email,formal email writing,,,,,0.45,300,0.15,0.0,1.0,,,,FALSE,,,0.0,2.0,0,,,,,,,,,,,,,,,,,,,,,,,,
W-B1-12,General,,,,"""Write a diary entry about your day at school or work. Mention at least one activity you did and how you felt about it.""",Writing,b1,"""can write a description of an event, a recent trip - real or imagined""",paragraph,descriptive writing,,,,,0.45,300,0.15,0.0,1.0,,,,FALSE,,,0.0,1.0,0,,,,,,,,,,,,,,,,,,,,,,,,
W-B1-13,General,,,,"""Post a comment on an online forum recommending a book you recently read. Explain why you liked it and why others should read it.""",Writing,b1,"""can write straightforward reviews of books and films""",paragraph,opinion paragraph,,,,,0.45,300,0.15,0.0,1.0,,,,FALSE,,,0.0,1.0,0,,,,,,,,,,,,,,,,,,,,,,,,
W-B1-14,General,,,,"""Write a short description of your favourite place. Explain why you like it and what you can do there.""",Writing,b1,"""can write straightforward, detailed descriptions on a range of familiar subjects""",paragraph,descriptive writing,,,,,0.45,300,0.15,0.0,1.0,,,,FALSE,,,0.0,1.0,0,,,,,,,,,,,,,,,,,,,,,,,,
W-B1-15,General,,,,"""Write instructions for playing your favourite game. Include the rules and how to win.""",Writing,b1,"""can write very brief reports in a standard conventionalised format""",paragraph,descriptive writing,,,,,0.45,300,0.15,0.0,1.0,,,,FALSE,,,0.0,1.0,0,,,,,,,,,,,,,,,,,,,,,,,,
W-B1-16,General,,,,"""Read the following text about the Scottish Highlands, then write a short summary.""  The Scottish Highlands
The Scottish Highlands are a region of outstanding natural beauty located in the northern part of Scotland. Known for their dramatic landscapes, the Highlands feature towering mountains, deep glens, and clear lochs. One of the most famous natural landmarks is Ben Nevis, the tallest mountain in the United Kingdom, which attracts hikers and climbers from around the world.

The region is not just about nature; it also has a rich cultural history. The Highlands were the site of many historical events, including the famous Jacobite uprisings of the 18th century. Castles such as Eilean Donan and Urquhart tell the story of Scotland’s turbulent past. The area is also home to traditions such as Highland games, which celebrate Scottish culture through sports, music, and dancing.

Today, the Highlands are a popular destination for tourists. Visitors can enjoy activities like hiking, wildlife spotting, and exploring picturesque villages. The local economy relies heavily on tourism, alongside agriculture and fishing. Despite its remoteness, the region offers a unique blend of natural beauty and cultural heritage.",Writing,b1,"""can summarise, report and give their opinion about accumulated factual information on familiar matters""",summary,summary writing,,,,,0.45,600,0.15,0.0,1.0,,,,FALSE,,,0.0,0.0,0,,,,,,,,,,,,,,,,,,,,,,,,
W-B1-17,General,,,,"""Read the following text comparing two mobile phones, then write a short summary.""   Comparing Two Mobile Phones
When choosing a new mobile phone, comparing features is essential. Let’s look at two popular models: the TechPhone X2 and the Galaxy Lite 12. Both offer excellent functionality but cater to slightly different users.

The TechPhone X2 is known for its long battery life, lasting up to 48 hours on a single charge. It also has a sleek design and a large 6.5-inch screen, making it ideal for watching videos or browsing the internet. Its camera is capable of capturing high-resolution images, perfect for photography enthusiasts. However, the TechPhone X2 is slightly heavier and costs more than the Galaxy Lite 12.

On the other hand, the Galaxy Lite 12 is lightweight and more affordable. While its battery lasts only 36 hours, it charges faster. Its 6.1-inch screen is slightly smaller but still offers excellent quality for streaming content. The Galaxy Lite 12’s camera is not as advanced as the TechPhone X2, but it performs well in good lighting conditions.

Both phones include advanced features like face recognition and high-speed processors. Ultimately, the choice depends on personal preferences and priorities, such as budget, screen size, or battery life.",Writing,b1,"""can summarise straightforward factual information on familiar routine matters""",summary,summary writing,,,,,0.45,600,0.15,0.0,1.0,,,,FALSE,,,0.0,0.0,0,,,,,,,,,,,,,,,,,,,,,,,,
W-B1-18,General,,,,Write a review of a movie you've seen recently for an English website. Include: - type of movie - brief plot summary - what you liked/didn't like - who would enjoy this movie,Writing,b1,can write a review of a film or book,article,review writing,,,,,0.45,900,0.15,0.0,1.0,,,,FALSE,,,0.0,0.0,0,,,,,,,,,,,,,,,,,,,,,,,,
W-B1-19,General,,,,"""Read the following text about the Industrial Revolution, then write a short summary.""   The Industrial Revolution
The Industrial Revolution, which began in the late 18th century, was a period of significant change in Europe and North America. It marked the transition from manual labor to machine-based manufacturing, starting in Britain before spreading worldwide.

During this time, new inventions such as the spinning jenny and the steam engine transformed industries like textiles and transportation. Factories replaced small workshops, and cities grew as people moved to urban areas for work. This period also saw the rise of railways, which made it easier to transport goods across long distances.

However, the Industrial Revolution brought challenges as well. Many factory workers faced long hours and poor working conditions. Child labor was common, and pollution from factories increased. Despite these issues, the era laid the foundation for modern industrial economies and led to improvements in areas like education and healthcare over time.

The Industrial Revolution was a turning point in history, shaping the way we live and work today.",Writing,b1,"""can summarise the main points in simple, factual texts on familiar subjects""",summary,summary writing,,,,,0.45,600,0.15,0.0,1.0,,,,FALSE,,,0.0,0.0,0,,,,,,,,,,,,,,,,,,,,,,,,
W-B1-20,General,,,,"""Write an email to a friend about your recent vacation. Include: - where you went - what you did - how you felt""",Writing,b1,"""can write personal letters describing experiences, feelings and events in some detail""",letter/email,informal letter writing,,,,,0.45,900,0.15,0.0,1.0,,,,FALSE,,,0.0,5.0,0,,,,,,,,,,,,,,,,,,,,,,,,
W-B1-21,General,,,,"""Write a paragraph about recycling in your city. Discuss: - current situation - problems - your suggestions""",Writing,b1,"""can write short, simple essays on topics of interest""",paragraph,opinion paragraph,,,,,0.45,900,0.15,0.0,1.0,,,,FALSE,,,0.0,1.0,0,,,,,,,,,,,,,,,,,,,,,,,,
W-B1-22,General,,,,Write an article for your English class website about staying healthy. Include: - importance of exercise - healthy eating tips - stress management - daily routine suggestions,Writing,b1,"can write straightforward, detailed descriptions on familiar subjects",article,article writing,,,,,0.45,900,0.15,0.0,1.0,,,,FALSE,,,0.0,0.0,0,,,,,,,,,,,,,,,,,,,,,,,,
W-B1-23,General,,,,Write a blog post about a place you visited recently. Include: - where you went - what you did there - what impressed you most - recommendations for visitors,Writing,b1,"can write straightforward, detailed descriptions on familiar subjects",article,personal blog post,,,,,0.45,900,0.15,0.0,1.0,,,,FALSE,,,0.0,1.0,0,,,,,,,,,,,,,,,,,,,,,,,,
W-B1-24,General,,,,Write an email to an online store about a delayed delivery. Include: - order details - description of problem - how it affected you - what you want them to do,Writing,b1,can write personal letters describing experiences and expressing opinions,letter/email,complaint email,,,,,0.45,900,0.15,0.0,1.0,,,,FALSE,,,0.0,4.0,0,,,,,,,,,,,,,,,,,,,,,,,,
W-B1-25,General,,,,Write a report about your school's study facilities. Include: - current situation - positive points - problems - suggestions for improvement,Writing,b1,can write very brief reports conveying factual information,report,report writing,,,,,0.45,900,0.15,0.0,1.0,,,,FALSE,,,0.0,0.0,0,,,,,,,,,,,,,,,,,,,,,,,,
W-B1-26,General,,,,Write a proposal for a community cultural festival. Include: - event description - suggested activities - required resources - potential benefits,Writing,b1,"can write short, simple essays on topics of interest",report,event proposal,,,,,0.45,900,0.15,0.0,1.0,,,,FALSE,,,0.0,0.0,0,,,,,,,,,,,,,,,,,,,,,,,,
W-B1-27,General,,,,"Write an email to an English-speaking friend about your future plans. Include:

Your main goal for next year (study or work)
Why you chose this goal
How you feel about it
What steps you are taking to achieve it
Ask your friend about their plans",Writing,b1,"can give accounts of experiences, describing feelings and reactions in simple, connected text.",letter/email,informal letter writing,,,,,0.45,1200,0.15,0.0,1.0,,,,FALSE,,,0.0,0.0,0,,,,,,,,,,,,,,,,,,,,,,,,
W-B1-28,General,,,,"""Write a note to your landlord complaining about a problem in your apartment. Describe what the problem is, how it affects you, and what you want the landlord to do about it.""",Writing,b1,"""can formulate notes conveying simple information of immediate relevance to friends, service people, teachers and others""",letter/email,informal letter writing,,,,,0.45,300,0.15,0.0,1.0,,,,FALSE,,,0.0,1.0,0,,,,,,,,,,,,,,,,,,,,,,,,
W-B1-29,General,,,,Write an email to your English-speaking friend about social media. Include: - how you use social media - what you like about it - any problems you've had - ask about their social media habits,Writing,b1,"can write personal letters describing experiences, feelings and events in some detail",letter/email,informal letter writing,,,,,0.45,900,0.15,0.0,1.0,,,,FALSE,,,0.0,2.0,0,,,,,,,,,,,,,,,,,,,,,,,,
W-B1-30,General,,,,Your local newspaper wants opinions about recycling. Write about: - current recycling situation in your area - main problems - your suggestions for improvement - how people can help,Writing,b1,"can write short, simple essays on topics of interest",paragraph,opinion paragraph,,,,,0.45,900,0.15,0.0,1.0,,,,FALSE,,,0.0,1.0,0,,,,,,,,,,,,,,,,,,,,,,,,
W-B2-1,General,,,,"""Write a review of a movie you recently watched. Include: - plot summary - acting/effects - your recommendation""",Writing,b2,"""can write a review of a film or book""",article,review writing,,,,,0.75,900,0.15,0.0,1.0,,,,FALSE,,,0.0,0.0,0,,,,,,,,,,,,,,,,,,,,,,,,
W-B2-2,General,,,,"""Working from home has become common for many people. Write an article about how this changes the way people work. Share your observations and experiences. Prompts to support thinking: - Consider impacts on teamwork and communication - Think about both benefits (flexibility, no commute) and challenges (isolation, work-life balance) - Use examples from personal experience or friends' experiences""",Writing,b2,"""can write very brief reports in a standard conventionalised format""",article,article writing,,,,,0.75,900,0.15,0.0,1.0,,,,FALSE,,,0.0,1.0,0,,,,,,,,,,,,,,,,,,,,,,,,
W-B2-3,General,,,,"""Social media has changed how people maintain friendships. Write about how online communication affects relationships. Provide specific examples. Prompts to support thinking: - Consider effects on keeping in touch with friends and making new friends - Think about both positive aspects (staying connected) and negative aspects (superficial connections) - Use examples from your own social media use""",Writing,b2,"""can write straightforward, detailed descriptions on a range of familiar subjects""",essay,opinion essay,,,,,0.75,900,0.15,0.0,1.0,,,,FALSE,,,0.0,4.0,0,,,,,,,,,,,,,,,,,,,,,,,,
W-B2-4,General,,,,"""Exercise habits have changed with new technology and apps. Write about how technology affects people's fitness routines. Share observations and experiences. Prompts to support thinking: - Consider the impact of fitness apps and online classes - Think about both advantages (convenience, variety) and disadvantages (motivation, proper form) - Use examples from your own fitness experience""",Writing,b2,"""can write straightforward, detailed descriptions on a range of familiar subjects within their field of interest""",article,article writing,,,,,0.75,900,0.15,0.0,1.0,,,,FALSE,,,0.0,0.0,0,,,,,,,,,,,,,,,,,,,,,,,,
W-B2-5,General,,,,"""Write an email inquiring about a job posting. Ask about: - schedule - requirements - application process""",Writing,b2,"""can write basic formal emails/letters requesting or providing information""",letter/email,formal email writing,,,,,0.75,900,0.15,0.0,1.0,,,,FALSE,,,0.0,0.0,0,,,,,,,,,,,,,,,,,,,,,,,,
W-B2-6,General,,,,"In recent years, technology has significantly impacted various aspects of our lives. Write an essay discussing both the positive and negative effects of technology on society. Provide specific examples to support your points.

Prompts to support thinking:

Consider how technology affects communication, education, and the workplace.
Think about both the benefits (e.g., convenience, connectivity) and drawbacks (e.g., privacy concerns, job displacement).
Use examples from your own experience or recent news.",Writing,b2,"""can write an essay or report which develops an argument, giving reasons in support of or against a particular point of view and explaining the advantages and disadvantages of various options""",essay,argumentative essay,,,,,0.75,1200,0.15,0.0,1.0,,,,FALSE,,,0.0,5.0,0,,,,,,,,,,,,,,,,,,,,,,,,
W-B2-7,General,,,,Write an essay about online shopping consumer rights. Discuss: - current protections - common problems - needed improvements - consumer responsibilities,Writing,b2,"can write clear, detailed texts supporting or opposing a point of view",essay,persuasive essay,,,,,0.75,1200,0.15,0.0,1.0,,,,FALSE,,,0.0,4.0,0,,,,,,,,,,,,,,,,,,,,,,,,
W-B2-8,General,,,,Write a report comparing online and traditional learning. Include: - learning effectiveness - cost factors - social aspects - recommendations,Writing,b2,can synthesize information and arguments from multiple sources,report,report writing,,,,,0.75,1200,0.15,0.0,1.0,,,,FALSE,,,0.0,0.0,0,,,,,,,,,,,,,,,,,,,,,,,,
W-B2-9,General,,,,Write an email to international colleagues about a project delay. Include: - current status - reasons for delay - impact on deadlines - proposed solutions,Writing,b2,can write emails handling complex professional matters,letter/email,professional email,,,,,0.75,1200,0.15,0.0,1.0,,,,FALSE,,,0.0,0.0,0,,,,,,,,,,,,,,,,,,,,,,,,
W-B2-10,General,,,,"""You recently bought a laptop online, but it arrived damaged. Write an email to the company to complain about the damaged product.""",Writing,b2,"""can compose a forceful but polite letter of complaint, including supporting details and a statement of the desired outcome""",letter/email,formal letter writing,,,,,0.75,900,0.15,0.0,1.0,,,,FALSE,,,0.0,0.0,0,,,,,,,,,,,,,,,,,,,,,,,,
W-B2-11,General,,,,"""Write a review of a restaurant you recently visited. Describe the atmosphere, the food, and the service.""",Writing,b2,"""can write clear, detailed descriptions on a variety of subjects related to their field of interest""",article,review writing,,,,,0.75,900,0.15,0.0,1.0,,,,FALSE,,,0.0,0.0,0,,,,,,,,,,,,,,,,,,,,,,,,
W-B2-12,General,,,,"""Write a comment on a forum discussing the pros and cons of social media. Include your personal experiences and suggestions for safe use.""",Writing,b2,"""can synthesize information and arguments from a number of sources""",essay,opinion paragraph,,,,,0.75,900,0.15,0.0,1.0,,,,FALSE,,,0.0,5.0,0,,,,,,,,,,,,,,,,,,,,,,,,
W-B2-13,General,,,,"""Write about how technology affects our daily lives. Use the notes: 1. Communication 2. Health 3. (your own idea)""",Writing,b2,"""can develop an argument systematically with appropriate highlighting of significant points and relevant supporting detail""",essay,opinion essay,,,,,0.75,1200,0.15,0.0,1.0,,,,FALSE,,,0.0,4.0,0,,,,,,,,,,,,,,,,,,,,,,,,
W-B2-14,General,,,,"""Write about the importance of learning foreign languages. Use the notes: 1. Job opportunities 2. Travel 3. (your own idea)""",Writing,b2,"""can develop an argument, giving reasons in support of or against a particular point of view""",essay,opinion essay,,,,,0.75,1200,0.15,0.0,1.0,,,,FALSE,,,0.0,4.0,0,,,,,,,,,,,,,,,,,,,,,,,,
W-B2-15,General,,,,"""Write about maintaining a healthy lifestyle. Use the notes: 1. Diet 2. Exercise 3. (your own idea)""",Writing,b2,"""can write an essay or report which develops an argument systematically""",essay,opinion essay,,,,,0.75,1200,0.15,0.0,1.0,,,,FALSE,,,0.0,4.0,0,,,,,,,,,,,,,,,,,,,,,,,,
W-B2-16,General,,,,"""Write an essay about social media's influence on society. Discuss both positive and negative effects.""",Writing,b2,"""can write an essay which develops an argument, giving reasons in support of or against a particular point of view""",essay,argumentative essay,,,,,0.75,1200,0.15,0.0,1.0,,,,FALSE,,,0.0,4.0,0,,,,,,,,,,,,,,,,,,,,,,,,
W-B2-17,General,,,,"""Write a report about study facilities at your school. Include: - current situation - problems - recommendations""",Writing,b2,"""can write a report which develops an argument systematically with appropriate highlighting of significant points""",report,report writing,,,,,0.75,1200,0.15,0.0,1.0,,,,FALSE,,,0.0,0.0,0,,,,,,,,,,,,,,,,,,,,,,,,
W-B2-18,General,,,,Write a progress report about a team project. Include: - goals achieved - current challenges - resource needs - next steps,Writing,b2,"can write clear, detailed descriptions of work processes",report,progress report,,,,,0.75,1200,0.15,0.0,1.0,,,,FALSE,,,0.0,0.0,0,,,,,,,,,,,,,,,,,,,,,,,,
W-B2-19,General,,,,Write an article about effective cross-cultural workplace communication. Include: - common challenges - successful strategies - practical tips - specific examples,Writing,b2,"can write clear, detailed descriptions with analysis",article,advisory article,,,,,0.75,1200,0.15,0.0,1.0,,,,FALSE,,,0.0,0.0,0,,,,,,,,,,,,,,,,,,,,,,,,
W-B2-20,General,,,,"Write a review of a film, book, or play for an online arts magazine. Include: - brief plot summary - analysis of main themes - evaluation of effectiveness - recommendation with reasons",Writing,b2,"can write reviews of films, books or plays",article,review writing,,,,,0.75,1200,0.15,0.0,1.0,,,,FALSE,,,0.0,0.0,0,,,,,,,,,,,,,,,,,,,,,,,,
W-B2-21,General,,,,Write a report about waste management in your area for the local council. Include: - current situation - main problems - successful solutions from other areas - specific recommendations,Writing,b2,can synthesize information and arguments from a number of sources,report,formal report,,,,,0.75,1200,0.15,0.0,1.0,,,,FALSE,,,0.0,0.0,0,,,,,,,,,,,,,,,,,,,,,,,,
W-B2-22,General,,,,Write a proposal to your manager suggesting flexible working hours. Include: - current situation - benefits to employees - benefits to company - implementation suggestions,Writing,b2,can compose formal letters requesting or suggesting changes,letter/email,proposal letter,,,,,0.75,1200,0.15,0.0,1.0,,,,FALSE,,,0.0,0.0,0,,,,,,,,,,,,,,,,,,,,,,,,
W-B2-23,General,,,,Write an article for a health magazine about work-life balance. Include: - current challenges - impacts on health - successful strategies - expert recommendations,Writing,b2,"can write clear, detailed descriptions on a variety of subjects",report,article writing,,,,,0.75,1200,0.15,0.0,1.0,,,,FALSE,,,0.0,0.0,0,,,,,,,,,,,,,,,,,,,,,,,,
W-B2-24,General,,,,Write a letter to your bank complaining about incorrect charges. Include: - account details - explanation of problem - evidence of error - requested resolution,Writing,b2,can compose formal letters of complaint including supporting details,letter/email,complaint letter,,,,,0.75,1200,0.15,0.0,1.0,,,,FALSE,,,0.0,0.0,0,,,,,,,,,,,,,,,,,,,,,,,,
W-B2-25,General,,,,Write an essay about artificial intelligence in daily life. Discuss: - current applications - benefits and risks - future implications - necessary regulations,Writing,b2,can develop an argument systematically with appropriate highlighting,essay,opinion essay,,,,,0.75,1200,0.15,0.0,1.0,,,,FALSE,,,0.0,2.0,0,,,,,,,,,,,,,,,,,,,,,,,,
W-B2-26,General,,,Sem tristique ipsum turpis consectetur egestas dictumst. Mauris ipsum venenatis maecenas natoque tempor fusce libero dictum sit augue si. Posuere vehicula lorem ante sit pellentesque nam. Turpis vel tristique odio malesuada sapien dolor. Magnis himenaeos odio amet sociosqu ultricies. Porta ultricies pretium ligula interdum rutrum eu odio laoreet litora suscipit. A nibh erat imperdiet conubia curabitur tincidunt dapibus consequat risus proin.,Write an essay about how technology has changed workplace communication. Include: - main changes in communication methods - advantages and disadvantages - impact on productivity - your recommendations for effective use,Writing,b2,can systematically evaluate the advantages and disadvantages of various options.,essay,evaluate (b2),holistic (b2),"countries, cities, towns, and public places (b2)",,,0.75,1200,0.15,0.0,1.0,,,,FALSE,,,0,5,0,100,200,,,Explain main changes in workplace communication methods,Not Mentioned,"Names one or two changes (e.g., more emails, use of chat apps) without detail or time frame.","Describes how methods shifted (e.g., from face-to-face and phone calls to email, video calls, and team platforms) and explains why this happened (speed, remote teams, global offices).","Provides a concrete workplace scenario (e.g., 'At Orion Logistics, weekly in-person briefings became a Monday Zoom and a Slack channel, which cut travel across the Dublin and Madrid offices') and specifies at least one tool or practice.","Evaluate advantages, disadvantages, and impact on productivity",Not Mentioned,"Lists a pro and a con (e.g., faster replies; more distractions) with no link to results.","Explains how benefits (speed, clearer records, easier cross-city coordination) and drawbacks (message overload, blurred boundaries, misinterpretation) influence output or focus.","Gives a specific outcome with figures or observable effects (e.g., 'In our Kraków support team, a shared ticket channel cut response time by about 20%, but constant pings led to missed details on complex cases').",Give recommendations for effective use in diverse workplace settings,Not Mentioned,"States one general tip (e.g., 'use clear subject lines') without context.","Proposes practical guidelines (e.g., channel rules, meeting agendas, response-time windows, do-not-disturb periods) and explains how they reduce noise and improve coordination across offices or public workspaces.","Provides an actionable plan tied to a place or team (e.g., 'For our Lisbon–Berlin project, we set a 2-hour reply window on Teams, moved quick questions to a #huddle channel, and used quiet rooms in the city co-working hub for video calls; weekly summaries kept the Tallinn branch aligned').",Additional on-topic development,No semantically distinct extra point beyond what other requirements already cover; repeats or only paraphrases another requirement.,Introduces a distinct extra point related to the task but does not develop it (single clause or list item only).,"Introduces and meaningfully develops a distinct extra point with at least one reason, contrast, or consequence.","Introduces, develops, and supports a distinct extra point with concrete detail (example, time, place, quantity, or specific comparison)."
W-B2-27,General,,,,Write a review comparing how different news sources report the same event. Analyze: - main perspectives - evidence used - potential bias - overall reliability,Writing,b2,can evaluate different ideas or solutions to a problem,report,article review,,,,,0.75,1200,0.15,0.0,1.0,,,,FALSE,,,0.0,0.0,0,,,,,,,,,,,,,,,,,,,,,,,,
W-C1-1,General,,,,Write a report examining the impact of remote work on employee mental health. Include: - research findings - psychological effects - productivity implications - organizational strategies - recommendations,Writing,c1,"can write clear, well-structured reports that present relevant arguments cogently",report,research report,,,,,0.9,1200,0.15,0.0,1.0,,,,FALSE,,,0.0,0.0,0,,,,,,,,,,,,,,,,,,,,,,,,
W-C1-2,General,,,,"""Write an essay discussing both positive and negative effects of technology on society.""",Writing,c1,"""can produce clear, well-structured expositions of complex subjects, underlining the relevant salient issues""",essay,argumentative essay,,,,,0.9,1200,0.15,0.0,1.0,,,,FALSE,,,0.0,0.0,0,,,,,,,,,,,,,,,,,,,,,,,,
W-C1-3,General,,,,"""Read the four articles and write a report outlining waste management issues and solutions.""  Text 1: The Problem of Plastic Waste
Plastic waste is one of the most significant environmental challenges today. Millions of tons of plastic end up in oceans and landfills every year, causing harm to marine life and ecosystems. Single-use plastics, such as bags, bottles, and packaging, contribute to the majority of this problem. Due to its non-biodegradable nature, plastic takes hundreds of years to decompose. Governments and organizations have started promoting alternatives like biodegradable materials and reusable products. Bans on single-use plastics and incentives for businesses to reduce plastic use have been introduced, but consumer habits must also change to make a significant impact.

Text 2: Urban Waste and Overfilled Landfills
Cities generate enormous amounts of waste daily, which often overwhelms landfills. A lack of efficient sorting systems leads to recyclable and organic waste being dumped alongside non-recyclable materials. This not only fills landfills faster but also produces harmful gases like methane, contributing to climate change. Solutions such as waste segregation at the source, composting organic waste, and encouraging recycling through community initiatives have proven effective. Many cities are also investing in waste-to-energy plants, which convert non-recyclable waste into usable energy, reducing landfill dependency.

Text 3: E-Waste: A Growing Concern
Electronic waste (e-waste) is rapidly becoming a serious issue due to the increased consumption of digital devices. Items like old smartphones, computers, and batteries are often discarded improperly, leading to soil and water contamination from hazardous chemicals. E-waste also contains valuable metals like gold and copper, which are lost during improper disposal. To address this, governments are implementing e-waste recycling programs and introducing ""take-back"" schemes where manufacturers are responsible for collecting and recycling old devices. Consumers are encouraged to donate or properly recycle electronics instead of disposing of them.

Text 4: Community-Based Waste Solutions
Community involvement is crucial for effective waste management. Educational campaigns about recycling and responsible waste disposal can help raise awareness. Programs such as “zero-waste” communities promote practices like reducing consumption, reusing materials, and composting organic waste. In some areas, local governments partner with non-profit organizations to provide waste bins for segregation and organize clean-up drives. Additionally, rewards or tax incentives for households and businesses that effectively manage their waste encourage active participation. Such grassroots solutions have proven to significantly reduce waste generation and promote a cleaner environment.",Writing,c1,"""can write clear, detailed, well-structured and developed descriptions and imaginative texts""",report,report writing,,,,,0.9,1200,0.15,0.0,1.0,,,,FALSE,,,0.0,0.0,0,,,,,,,,,,,,,,,,,,,,,,,,
W-C1-4,General,,,,"Read the text exchange between two friends and then write a formal letter of complaint to a hotel manager.    Mark: So, Dubai second honeymoon? Must be incredible!

Jake: Don’t even talk to me. This so-called “luxury” hotel is a disaster.

Mark: What?! Isn’t it 5-star? What’s wrong?

Jake: First, the room wasn’t ready when we arrived. We spent three hours staring at fake gold decor in the lobby.

Mark: Three hours?! That’s ridiculous.

Jake: Oh, and the air con’s broken, so the room feels like a sauna. I swear I’m melting. Plus, they forgot our dinner reservation last night.

Mark: Seriously poor. Anything else?

Jake: The pillows are too soft—I feel like I’m drowning in them. Oh, and the pool bar ran out of those fancy mango mocktails my wife loves.

Mark: Soft pillows and no drinks? ... Sounds like first-world problems!

Jake: Look, I know that’s petty, but with all the noise from the construction next door, I’m at breaking point.

Mark: Fair. But maybe skip the pillow complaint…

Jake: Yeah, you’re right. I’ll focus on the important stuff. But still—what kind of “luxury” is this?!",Writing,c1,"""can compose formal correspondence such as letters of complaint using appropriate register""",letter/email,formal letter writing,,,,,0.9,1200,0.15,0.0,1.0,,,,FALSE,,,0.0,0.0,0,,,,,,,,,,,,,,,,,,,,,,,,
W-C1-5,General,,,,"""Write an essay analyzing the impact of climate change on local communities. Include evidence and examples.""",Writing,c1,"""can produce clear, well-structured expositions of complex subjects, underlining the relevant salient issues""",essay,critical essay,,,,,0.9,1200,0.15,0.0,1.0,,,,FALSE,,,0.0,0.0,0,,,,,,,,,,,,,,,,,,,,,,,,
W-C1-6,General,,,,"""Write a proposal for improving work-life balance in your company. Include: background, analysis, recommendations.""",Writing,c1,"""can present a complex topic confidently and articulately to an audience unfamiliar with it""",proposal,proposal writing,,,,,0.9,1200,0.15,0.0,1.0,,,,FALSE,,,0.0,0.0,0,,,,,,,,,,,,,,,,,,,,,,,,
W-C1-7,General,,,,Write a proposal for implementing ethical AI practices in workplace decision-making. Address: - current practices - ethical considerations - implementation strategy - risk management - success metrics,Writing,c1,"can produce clear, detailed proposals on complex subjects",proposal,proposal,,,,,0.9,1200,0.15,0.0,1.0,,,,FALSE,,,0.0,0.0,0,,,,,,,,,,,,,,,,,,,,,,,,
W-C1-8,General,,,,Write an article analyzing how social media affects political discourse. Examine: - information dissemination - echo chambers - democratic participation - policy implications - future trends,Writing,c1,"can write clear, well-structured expositions integrating sub-themes",article,academic article,,,,,0.9,1200,0.15,0.0,1.0,,,,FALSE,,,0.0,1.0,0,,,,,,,,,,,,,,,,,,,,,,,,
W-C1-9,General,,,,Write a position paper on carbon pricing mechanisms. Address: - economic implications - social justice concerns - international competitiveness - implementation challenges - policy recommendations,Writing,c1,"can present complex topics clearly, marking relationships between ideas",essay,position paper,,,,,0.9,1200,0.15,0.0,1.0,,,,FALSE,,,0.0,0.0,0,,,,,,,,,,,,,,,,,,,,,,,,
W-C1-10,General,,,,Write an analysis of how digital technology is transforming contemporary art. Examine: - artistic practices - audience engagement - market dynamics - cultural implications - future directions,Writing,c1,"can write clear, detailed analyses showing relationships between concepts",report,case analysis,,,,,0.9,1200,0.15,0.0,1.0,,,,FALSE,,,0.0,0.0,0,,,,,,,,,,,,,,,,,,,,,,,,
W-C1-11,General,,,,Write an advisory report on implementing sustainable urban development. Include: - environmental aspects - economic viability - social impact - technical feasibility - implementation roadmap,Writing,c1,"can write clear, well-structured complex reports",report,advisory report,,,,,0.9,1200,0.15,0.0,1.0,,,,FALSE,,,0.0,0.0,0,,,,,,,,,,,,,,,,,,,,,,,,
W-C1-12,General,,,,Write an analysis of international refugee policy effectiveness. Consider: - current frameworks - implementation challenges - humanitarian impacts - coordination issues - reform proposals,Writing,c1,can write clear analyses of complex social issues,report,policy analysis,,,,,0.9,1200,0.15,0.0,1.0,,,,FALSE,,,0.0,0.0,0,,,,,,,,,,,,,,,,,,,,,,,,
W-C1-13,General,,,,Write a synthesis of research on urban air pollution solutions. Integrate: - environmental science - public health - urban planning - economic factors - policy recommendations,Writing,c1,can synthesize information from various sources into coherent arguments,report,research synthesis,,,,,0.9,1200,0.15,0.0,1.0,,,,FALSE,,,0.0,0.0,0,,,,,,,,,,,,,,,,,,,,,,,,
W-C1-14,General,,,,"Write an essay responding to this statement:
'Individual actions have no significant impact on environmental protection compared to corporate and government policies.'
Discuss:

Different viewpoints on individual versus institutional responsibility
Examples to support your arguments
Your own opinion with reasons",Writing,c1,"can produce clear, well-structured expositions of complex subjects, underlining the relevant salient issues, expanding and supporting points of view at some length with subsidiary points, reasons and relevant examples.",essay,discursive essay,,,,,0.9,1200,0.15,0.0,1.0,,,,FALSE,,,0.0,0.0,0,,,,,,,,,,,,,,,,,,,,,,,,
W-C1-15,General,,,,"Write an essay discussing the following statement: ""Artificial Intelligence development should be strictly regulated by international law."" Consider: - current AI applications and risks - ethical implications - economic factors - proposed regulatory frameworks",Writing,c1,"can produce clear, well-structured expositions of complex subjects, underlining relevant salient issues",essay,discursive essay,,,,,0.9,1200,0.15,0.0,1.0,,,,FALSE,,,0.0,0.0,0,,,,,,,,,,,,,,,,,,,,,,,,
W-C1-16,General,,,,Write a review evaluating a recent international environmental agreement. Analyze: - key provisions - stakeholder interests - implementation challenges - likely effectiveness - recommendations for improvement,Writing,c1,"can write clear, detailed, well-structured reviews on complex topics",long answer,critical review,,,,,0.9,1200,0.15,0.0,1.0,,,,FALSE,,,0.0,0.0,0,,,,,,,,,,,,,,,,,,,,,,,,
W-C2-20260324071428,,"The image depicts a group of five individuals gathered around a large, illuminated globe in a futuristic setting. The globe displays various icons, including a thermometer, a helmet, and a virus symbol, suggesting discussions on global issues like climate change, safety, and health. The room is bathed in a blue glow, with transparent screens and digital interfaces in the background, enhancing the high-tech atmosphere. The individuals appear engaged and are gesturing towards the globe, indicating a collaborative effort to address these challenges. The overall context suggests a focus on global cooperation and technological solutions.",,"Write 350–450 words in 30 minutes using a formal, analytical tone.","Write a formal email to the editor of an international policy journal responding to a call for letters on making global challenges more accessible to the public. A recent editorial argues that complexity is the main barrier to civic engagement. Evaluate this claim by weighing cognitive, structural, and communicative factors, and propose a viable two-track strategy for widening access without oversimplifying evidence. Where relevant, reference comparative examples and anticipate potential trade-offs or unintended consequences.",Writing,c2,"can write straightforward, detailed descriptions on familiar subjects",letter/email,formal email writing,writing for main idea,global challenges (accessible),,,0.95,1800,2.4,0.25,2.6,,,,FALSE,,,0.0,0.0,0,,,,,,,,,,,,,,,,,,,,,,,,
W-B1-20260414131142,,,,"Write 120–150 words in 15 minutes using a clear, neutral tone.","<p>Writing</p><p>&nbsp;</p><p>Please write about the following:</p><p><br></p><p>Your name, age, nationality, job</p><p>&nbsp;</p><p>Your hobbies/free-time activities</p><p>&nbsp;</p><p>What you like or dislike</p><p>&nbsp;</p><p>What you did yesterday</p><p>&nbsp;</p><p>Why you want to join ES Dubai</p><p>&nbsp;</p><p>Your future plans</p>",Writing,b1,"can write clear, detailed, well-structured reviews on complex topics",summary,critical review,writing for main idea,self and identity,,,0.63,900,0.1,0.25,1.0,,,,FALSE,,,0.0,0.0,0,,,,,,,,,,,,,,,,,,,,,,,,
W-B2-20260420061805,,,,Read the task below and write your response in the space provided.,<p>IELTS SAMPLE</p><p><br></p><p>Children who are brought up in families that do not have large amounts of money are better prepared to deal with the problems of adult life than children brought up by wealthy parents.</p><p><br></p><p>To what extent do you agree or disagree with this opinion?</p>,Writing,b2,"can write short, simple essays on topics of interest",essay,discursive essay,writing for main idea,general,,,0.83,900,0.1,0.0,1.0,,,,FALSE,,,0,2,0,50,250,,,Clear position on the claim,Not Mentioned,States agreement or disagreement in one sentence without support.,"States a balanced or firm stance and gives a general reason (e.g., exposure to challenges builds resilience, or wealth offers opportunities).","States the stance and supports it with a concrete case, such as describing how a classmate like Maria learned budgeting in a low‑income home or how Alex used private tutoring to develop problem‑solving skills.",Coherent argument with contrasting perspective,Not Mentioned,"Names one side of the argument only, or lists points without linking words.","Presents main point(s) and briefly addresses the other view using clear connectors (e.g., however, on the other hand) and a reason for each side.","Builds a main argument and counters the opposing view with a short, specific example, such as comparing stress from part‑time work in a low‑income family with structured internships available to wealthy teens.","Relevant, varied support and clear conclusion",Not Mentioned,Gives a general supporting point or a brief ending line that repeats the question.,"Uses at least two reasons or illustrative points (e.g., budgeting skills vs. access to networks) and ends by restating the position.","Includes a brief example or data‑like detail (e.g., a school survey showing students with weekend jobs feel more independent) and finishes with a clear concluding sentence that sums up the writer’s view and scope (e.g., to a large extent/partly).",Additional on-topic development,No semantically distinct extra point beyond what other requirements already cover; repeats or only paraphrases another requirement.,Introduces a distinct extra point related to the task but does not develop it (single clause or list item only).,"Introduces and meaningfully develops a distinct extra point with at least one reason, contrast, or consequence.","Introduces, develops, and supports a distinct extra point with concrete detail (example, time, place, quantity, or specific comparison)."
W-B2-20260420061915,,,,Read the task below and write your response in the space provided.,"<p>International tourism has brought enormous benefit to many places. At the same time, there is concern about its impact on local inhabitants and the environment.</p><p><br></p><p>Do the disadvantages of international tourism outweigh the advantages?</p>",Writing,b2,"can write short, simple essays on topics of interest",essay,discursive essay,writing for main idea,general,,,0.83,900,0.1,0.0,1.0,,,,FALSE,,,0.0,0.0,0,,,,,,,,,,,,,,,,,,,,,,,,
W-B2-20260421071523,,,,Read the task below and write your response in the space provided.,"<p>Please write about the following:</p><p><br></p><p>Your name, age, nationality, job</p><p>&nbsp;</p><p>Your hobbies/free-time activities</p><p>&nbsp;</p><p>What you like or dislike</p><p>&nbsp;</p><p>What you did yesterday</p><p>&nbsp;</p><p>Why you want to join ES Dubai</p><p>&nbsp;</p><p>Your future plans</p>",Writing,b2,"can write short, simple essays on topics of interest",paragraph,discursive essay,writing for main idea,general,,,0.64,900,0.1,0.0,1.0,,,,FALSE,,,0.0,0.0,0,,,,,,,,,,,,,,,,,,,,,,,,
W-A1-50,General,,,Read the task below and write your response in the space provided.,"<p><strong>Write about a person you know.</strong></p><p><br></p><p>Write about these three things:</p><ol><li>Who they are and how old</li><li>What they look like</li><li>What they do every day</li></ol><p><br></p><p><strong>A good answer will include:</strong></p><ul><li>Their name, your relationship, and age (for example: my mother, 40)</li><li>Two things about how they look</li><li>Two things they do every day</li></ul><p><br></p><p><strong>Try to use:</strong></p><ul><li>Simple everyday words</li><li>Short, simple sentences</li><li>Simple present tense</li></ul>",Writing,a1,can write simple sentences about someone's life and routines.,placement writing,inform (a1),holistic (a1),"people, relationships, and family (a1)",,,0.32,600,0.1,0.0,1.0,,,,FALSE,,,0.0,2.0,0,50,150,,,,,,,,,,,,,,,,,,,,,,
W-A1-51,General,,,Read the task below and write your response in the space provided.,"<p><strong>Write about a place you go to.</strong></p><p><br></p><p>Write about these three things:</p><ol><li>Where it is</li><li>What you do there</li><li>Who you go with</li></ol><p><br></p><p><strong>A good answer will include:</strong></p><ul><li>The place's name and where it is (for example: the park near my house)</li><li>At least two things you do there</li><li>Who you go with (name or relationship)</li></ul><p><br></p><p><strong>Try to use:</strong></p><ul><li>Simple everyday words</li><li>Short, simple sentences</li><li>Simple present tense</li></ul>",Writing,a1,can write simple sentences about personal interests.,placement writing,inform (a1),holistic (a1),"countries, cities, towns, and public places (a1)",,,0.32,600,0.1,0.0,1.0,,,,FALSE,,,0.0,3.0,0,50,150,,,,,,,,,,,,,,,,,,,,,,
W-A2-50,General,,,Read the task below and write your response in the space provided.,"<p><strong>Write about something you enjoy doing.</strong></p><p><br></p><p>Write about these three things:</p><ol><li>What you enjoy doing</li><li>When and where you do it</li><li>Why you like it</li></ol><p><br></p><p><strong>A good answer will include:</strong></p><ul><li>The activity's name</li><li>At least two details (when, where, or who with)</li><li>One clear reason why you like it</li></ul><p><br></p><p><strong>Try to use:</strong></p><ul><li>Simple words about activities and time</li><li>Simple linking words to connect ideas</li><li>Present simple and present continuous</li></ul>",Writing,a2,"can write short, simple essays on topics of interest",placement writing,inform (a2),holistic (a2),"sports, hobbies, and interests (a2)",,,0.47,600,0.1,0.0,1.0,,,,FALSE,,,0.0,2.0,0,80,200,,,,,,,,,,,,,,,,,,,,,,
W-A2-51,General,,,Read the task below and write your response in the space provided.,<p><strong>Write about a place you like to visit.</strong></p><p><br></p><p>Write about these three things:</p><ol><li>Where it is and when you visit</li><li>What you do there</li><li>Why you like it</li></ol><p><br></p><p><strong>A good answer will include:</strong></p><ul><li>The place's name and when you go</li><li>At least two things you do there</li><li>One clear reason why you like it</li></ul><p><br></p><p><strong>Try to use:</strong></p><ul><li>Simple words about places and activities</li><li>Simple linking words to connect ideas</li><li>Present simple and present continuous</li></ul>,Writing,a2,can write a short description of a trip or event.,placement writing,inform (a2),holistic (a2),"countries, cities, towns, and public places (a2)",,,0.47,600,0.1,0.0,1.0,,,,FALSE,,,0.0,1.0,0,80,200,,,,,,,,,,,,,,,,,,,,,,
W-B1-50,General,,,Read the task below and write your response in the space provided.,"<p><strong>Write about something that many people find difficult to do.</strong></p><p><br></p><p>Write about these three things:</p><ol><li>What it is and why it is difficult</li><li>How it affects people who try</li><li>What can make it easier</li></ol><p><br></p><p><strong>A good answer will include:</strong></p><ul><li>What the difficult thing is</li><li>Two reasons why it is difficult (for example: because, so)</li><li>The effect on people and what can help</li></ul><p><br></p><p><strong>Try to use:</strong></p><ul><li>Cause and effect language</li><li>A range of tenses</li><li>Connected sentences in a logical order</li></ul>",Writing,b1,"can write simple structured essays, organising basic ideas.",placement writing,inform (b1),holistic (b1),"education, study, and language (b1)",,,0.64,1200,0.1,0.0,1.0,,,,FALSE,,,0.0,1.0,0,100,250,,,,,,,,,,,,,,,,,,,,,,
W-B1-51,General,,,Read the task below and write your response in the space provided.,<p><strong>Write about why a common habit can be hard to change.</strong></p><p><br></p><p>Write about these three things:</p><ol><li>What the habit is and why people start it</li><li>Why it is hard to change</li><li>How people can change it over time</li></ol><p><br></p><p><strong>A good answer will include:</strong></p><ul><li>A named habit and why people start it</li><li>Two reasons why it is hard to change</li><li>At least two steps showing how it changes over time</li></ul><p><br></p><p><strong>Try to use:</strong></p><ul><li>Cause and effect language</li><li>A range of tenses</li><li>Connected sentences in a logical order</li></ul>,Writing,b1,can show a basic direct relationship between a simple problem and a solution.,placement writing,inform (b1),holistic (b1),body and health (b1),,,0.64,1200,0.1,0.0,1.0,,,,FALSE,,,0.0,0.0,0,100,250,,,,,,,,,,,,,,,,,,,,,,
W-B2-50,General,,,Read the task below and write your response in the space provided.,"<p><strong>Compare working or studying at home with working or studying in an office or school.</strong></p><p><br></p><p>Write about these three things:</p><ol><li>Main advantages of each</li><li>Main disadvantages of each</li><li>Which works better for most people, and why</li></ol><p><br></p><p><strong>A good answer will include:</strong></p><ul><li>One advantage of each</li><li>One disadvantage of each</li><li>A justified opinion (for example: I think… because)</li></ul><p><br></p><p><strong>Try to use:</strong></p><ul><li>Linking words for contrast</li><li>Language for giving an opinion</li><li>A mix of short and longer sentences</li></ul>",Writing,b2,can write a structured report analysing advantages and disadvantages of a situation and recommending action.,placement writing,evaluate (b2),holistic (b2),workplace and jobs (b2),,,0.83,900,0.1,0.0,1.0,,,,FALSE,,,0.0,2.0,0,150,300,,,,,,,,,,,,,,,,,,,,,,
W-B2-51,General,,,Read the task below and write your response in the space provided.,"<p><strong>Compare living in a big city with living in a small town or the countryside.</strong></p><p><br></p><p>Write about these three things:</p><ol><li>Main advantages of each</li><li>Main problems of each</li><li>Which is better for most people today, and why</li></ol><p><br></p><p><strong>A good answer will include:</strong></p><ul><li>One advantage of each</li><li>One disadvantage of each</li><li>A justified opinion (for example: On balance, I think… because)</li></ul><p><br></p><p><strong>Try to use:</strong></p><ul><li>Linking words for contrast</li><li>Language for giving an opinion</li><li>A mix of short and longer sentences</li></ul>",Writing,b2,can systematically evaluate the advantages and disadvantages of various options.,placement writing,evaluate (b2),holistic (b2),"countries, cities, towns, and public places (b2)",,,0.83,900,0.1,0.0,1.0,,,,FALSE,,,0.0,1.0,0,150,300,,,,,,,,,,,,,,,,,,,,,,
W-C1-50,General,,,Read the task below and write your response in the space provided.,"<p><strong>Evaluate the claim that modern life has made people less independent.</strong></p><p><br></p><p>Write about these three things:</p><ol><li>Evidence that supports the claim</li><li>Arguments against the claim</li><li>How strong the claim is, and what it tells us about modern life</li></ol><p><br></p><p><strong>A good answer will include:</strong></p><ul><li>Two pieces of supporting evidence</li><li>One counterargument</li><li>A clear judgement with a wider point (for example: partly true, but…)</li></ul><p><br></p><p><strong>Try to use:</strong></p><ul><li>Evaluative language</li><li>Language for wider meaning or implication</li><li>Linking words for contrast and comparison</li></ul>",Writing,c1,can write essays and reports synthesising information from a number of sources.,placement writing,evaluate (c1),holistic (c1),science and technology (c1),,,0.93,1200,0.1,0.0,1.0,,,,FALSE,,,0.0,0.0,0,175,350,,,,,,,,,,,,,,,,,,,,,,
W-C1-51,General,,,Read the task below and write your response in the space provided.,"<p><strong>Evaluate the idea that effort alone decides what happens in people's lives.</strong></p><p><br></p><p>Write about these three things:</p><ol><li>Why the idea appeals to people, with examples</li><li>What goes against it</li><li>How strong the idea is, and what it means for how we judge people</li></ol><p><br></p><p><strong>A good answer will include:</strong></p><ul><li>One example that supports the idea, and a reason it appeals</li><li>Two points against it, each with reasoning</li><li>A clear judgement with a wider point</li></ul><p><br></p><p><strong>Try to use:</strong></p><ul><li>Evaluative language</li><li>Language for wider meaning or implication</li><li>Linking words for contrast and comparison</li></ul>",Writing,c1,can write essays and reports synthesising information from a number of sources.,placement writing,evaluate (c1),holistic (c1),politics and society (c1),,,0.93,1200,0.1,0.0,1.0,,,,FALSE,,,0.0,1.0,0,175,350,,,,,,,,,,,,,,,,,,,,,,
W-A2-20260506055545,,,,"Write 90–120 words in 15 minutes. Use clear, simple sentences.","Write about a town or city you know well for a travel blog. Write about:
- Where it is and how people travel there
- Two public places to visit (e.g., a park, museum)
- One tip for visitors (best time or local rule)",Writing,a2,"can write short, simple essays on topics of interest",paragraph,short paragraph writing,holistic (b1),"countries, cities, towns, and public places (a2)",,"Compose short essays on familiar topics, expressing ideas clearly.",0.35,900,0.9,0.25,1.2,,,,FALSE,,,0,0,0,90,120,,,Location and travel access,Not Mentioned,"Names the town/city and country, or says how to get there in a short phrase.","States where the town/city is and explains one way people travel there with a simple reason (e.g., faster, cheaper, direct).","Gives a clear location and a specific travel route or service with a detail (e.g., 'From Madrid, take the Renfe train to Segovia in 30 minutes').",Two public places to visit,Not Mentioned,"Lists two places (e.g., a park and a museum) with no detail.","Names two places and says why each is good to visit (e.g., beautiful view, local history).","Describes two places with concrete A2-friendly details (e.g., 'Retiro Park has a small lake for boats'; 'City Museum shows old photos on the first floor').",One practical visitor tip (time or rule),Not Mentioned,States a basic tip about best time or a local rule.,"Gives a tip and explains why it helps (e.g., avoids crowds, saves money, follows local custom).","Shares a tip with a specific example or time/detail (e.g., 'Visit in May because the weather is 20–24°C' or 'On buses in Lisbon, tap your card when you enter to avoid a fine of €1.80').",Additional on-topic development,No semantically distinct extra point beyond what other requirements already cover; repeats or only paraphrases another requirement.,Introduces a distinct extra point related to the task but does not develop it (single clause or list item only).,"Introduces and meaningfully develops a distinct extra point with at least one reason, contrast, or consequence.","Introduces, develops, and supports a distinct extra point with concrete detail (example, time, place, quantity, or specific comparison)."
W-A1-20260506090636,,,,Write 40–60 words in 10 minutes. Use simple sentences.,"Write a short note to a new classmate about your family. Write about:
- Who is in your family (names and ages)
- One thing you like to do together
- Where you live (street or area)",Writing,a1,can produce simple phrases and sentences about themselves and imaginary people,placement writing,inform (a1),holistic (a1),"people, relationships, and family (a1)",,Identify and create simple sentences about personal and imaginary topics.,0.15,600,0.3,0.25,0.6,,,,FALSE,,,0,0,0,40,60,,,Introduce family members with names and ages,Not Mentioned,Lists one or more family members or says 'I have a family' without names or ages.,"Gives names and basic relations with at least one age in simple sentences (e.g., 'My sister is 10.') and says they are family.","Gives several names with relations and ages in clear simple sentences (e.g., 'My mother is Ana, 40. My brother Tom is 8.')",Say one activity you do together as a family,Not Mentioned,"Names an activity with no detail (e.g., 'We play.').","States an activity and a simple reason or feeling (e.g., 'We watch movies because it is fun.').","Gives a clear example with time or place in a simple sentence (e.g., 'On Sunday, we cook pizza together at home.').",State where you live (street or area) in simple sentences and keep to 40–60 words,Not Mentioned,"Mentions a city or country only (e.g., 'I live in Spain.') without street or area; word count far from the range.","Gives a street or area in a simple sentence (e.g., 'I live on Park Street.') and stays mostly within 40–60 words.","Gives a clear street or area plus a simple locator (e.g., 'I live on Green Street near the big park.') and keeps the note within 40–60 words.",Additional on-topic development,No semantically distinct extra point beyond what other requirements already cover; repeats or only paraphrases another requirement.,Introduces a distinct extra point related to the task but does not develop it (single clause or list item only).,"Introduces and meaningfully develops a distinct extra point with at least one reason, contrast, or consequence.","Introduces, develops, and supports a distinct extra point with concrete detail (example, time, place, quantity, or specific comparison)."
W-A1-20260507090557,,,,Write 50–70 words in 10 minutes. Use simple sentences.,"Write a short paragraph about a town you know. Write about:
- The town’s name and where it is
- One place you like (park, market, museum, or cafe)
- What you do there",Writing,a1,"can write short, simple essays on topics of interest",paragraph,inform (a1),holistic (b1),"countries, cities, towns, and public places (a1)",,Summarize and express opinions on familiar topics in short essays.,0.2,600,0.6,0.25,0.8,,,,FALSE,,,0,0,0,50,70,,,Name the town and its location,Not Mentioned,"Gives the town’s name or country only, with no clear place (e.g., 'I know Madrid').","States the town’s name and where it is in simple terms (e.g., 'Madrid is in Spain, in the center').","Adds one concrete locator or nearby feature (e.g., 'Madrid is in central Spain, near the Manzanares River').",Identify one place you like in the town,Not Mentioned,"Names a place with no opinion (e.g., 'There is a park').","States the place and a simple reason for liking it (e.g., 'I like the park because it is quiet').","Gives a short, concrete detail about the place (e.g., 'I like Retiro Park because it has a big lake with boats').",Describe what you do there using simple sentences (50–70 words total),Not Mentioned,"Says one basic activity with no detail (e.g., 'I walk there').","Names 1–2 activities with a simple reason or time (e.g., 'I walk and read there after school because it is calm').","Adds a concrete action or routine with a small detail (e.g., 'On Sunday I meet my friend Ana, we drink hot chocolate, and take photos by the fountain').",Additional on-topic development,No semantically distinct extra point beyond what other requirements already cover; repeats or only paraphrases another requirement.,Introduces a distinct extra point related to the task but does not develop it (single clause or list item only).,"Introduces and meaningfully develops a distinct extra point with at least one reason, contrast, or consequence.","Introduces, develops, and supports a distinct extra point with concrete detail (example, time, place, quantity, or specific comparison)."
W-A2-20260507113209,,,,"Write 80–100 words in 12 minutes. Use a friendly, polite tone.","Write an email to a new language-exchange friend about your free-time activities.
Write about:
- Your favorite sport or hobby and when you do it
- Where you do it and who you do it with
- One reason you enjoy it",Writing,a2,can produce simple phrases and sentences about themselves and imaginary people,simple email writing,simple email writing,holistic (a1),"sports, hobbies, and interests (a2)",,Identify and write simple sentences about personal interests and daily routines.,0.35,720,0.8,0.25,1.2,,,,FALSE,,,0,0,0,80,100,,,State favorite sport or hobby and when you do it,Not Mentioned,"Names the sport or hobby and a simple time phrase (e.g., 'I play football on weekends') with no extra detail.","Says the sport or hobby and when it happens, and adds a short reason for the schedule (e.g., 'I play football on weekends because I am busy on weekdays').","Gives the activity and clear timing plus a concrete detail (e.g., 'I play football every Saturday morning at 9 because I finish my chores on Friday').",Say where you do it and who you do it with,Not Mentioned,"Mentions a place or a person (e.g., 'at the park' or 'with my cousin') without further detail.","States both the place and the person and adds a short reason (e.g., 'at the local park with my cousin Ana because it is close to our homes').","Gives a specific place and person and adds a concrete detail (e.g., 'at Riverside Park with my cousin Ana; we meet at the south gate near the café').",Explain one reason you enjoy it in a friendly email tone (80–100 words),Not Mentioned,"Includes a simple liking statement (e.g., 'I like it') and basic email tone markers (a greeting/closing) but no reason.","Gives one clear reason for enjoyment (e.g., 'I enjoy it because it helps me relax') and keeps a polite, friendly tone with greeting and sign-off.","Provides a concrete enjoyment reason with a short example and friendly tone within 80–100 words (e.g., 'I enjoy it because it helps me relax—after practice last Sunday, I felt calm and slept well. Best wishes, Luis').",Additional on-topic development,"no semantically distinct extra on-topic point, OR the 'extra' content paraphrases an idea already credited under another requirement","introduces a DISTINCT extra on-topic point — not a rephrasing or repeat of any other requirement — within the question's subject, with no further detail","introduces a distinct extra on-topic point AND develops it meaningfully (a real reason, cause, or effect — not just length)",introduces a distinct extra on-topic point AND develops it AND supports it with a concrete specific that genuinely advances the argument
W-B1-20260507120319,,,,Read the task below and write your response in the space provided.,<p>Music is something that most people enjoy in their daily lives.</p><p><br></p><p><br></p><p><br></p><p>Write an essay discussing the role of music in your life and how it affects you.</p>,Writing,b1,"can write short, simple essays on topics of interest",essay,inform (b1),holistic (b1),body and health (b1),,"Compose short essays on familiar topics, expressing ideas clearly and coherently.",0.64,900,1.0,0.0,1.0,,,,FALSE,,,0,0,0,50,300,,,Write about when and why you listen to music,not mentioned,"Mentions when or why they listen to music with no further detail (e.g., 'I listen to music sometimes' or 'I like music at the gym')","Names two or more situations or reasons for listening, with some context around each — but does not explain why music specifically helps in those situations (e.g., 'I listen at the gym and at home with family at the weekend' scores 2, not 3)","Names two or more situations AND for each one explains why music specifically suits that situation — the explanation must go beyond naming the activity (e.g., 'I listen at the gym because the beat keeps me motivated through tough sets, and at home because it helps the whole family decompress together')",Consider how music can affect your mood and the way you feel,not mentioned,"Mentions that music affects mood or feelings with no further detail (e.g., 'Music makes me feel good')","Describes one or more effects of music on mood or feelings with some explanation — but the explanation is general or vague rather than specific (e.g., 'music boosts your mood and transports you somewhere' or 'people feel exhilaration at concerts' scores 2, not 3)","Describes two distinct emotional effects AND for each one explains the specific mechanism or personal reason why that effect happens (e.g., 'Fast music raises my energy because it increases my heart rate, and nostalgic songs make me emotional because they trigger specific memories from my past')",Use a specific personal example or story to support your argument,not mentioned,"States that music affects mood with no detail. (""Music makes me happy."" / ""Music helps me feel better."")","Names a specific mood or feeling AND explains how music causes it. (""When I listen to slow music I feel calm because it slows my breathing and clears my mind."")","Names a specific mood, explains how music causes it, AND links to a specific type of music, situation, or personal example. (""When I feel anxious before an exam, I listen to classical music because the rhythm helps me focus — I did this before my IELTS test and it really helped."")",Additional on-topic development,"no semantically distinct extra on-topic point, OR the 'extra' content paraphrases an idea already credited under another requirement","introduces a DISTINCT extra on-topic point — not a rephrasing or repeat of any other requirement — within the question's subject, with no further detail","introduces a distinct extra on-topic point AND develops it meaningfully (a real reason, cause, or effect — not just length)",introduces a distinct extra on-topic point AND develops it AND supports it with a concrete specific that genuinely advances the argument
W-A1-20260401080639,,,,Read the task below and write your response in the space provided.,<p><strong>Write about your hobbies.</strong></p><p><br></p><ul><li>What do you like to do in your free time?</li><li>When do you do this?</li><li>Why do you enjoy it?</li></ul>,Writing,a1,"can write straightforward, detailed descriptions on familiar subjects",paragraph,inform (a1),holistic (a1),"sports, hobbies, and interests (a1)",,,0.32,600,1.0,0.0,1.0,,,,FALSE,,,0.0,0.0,0,20,150,,,,,,,,,,,,,,,,,,,,,,
W-A1-20260401080754,,,,Read the task below and write your response in the space provided.,<p><strong>Write about your home.</strong></p><p><br></p><ul><li>Where do you live?</li><li>What is your home like?</li><li>What do you like about it?</li></ul>,Writing,a1,"can write short, simple notes and messages relating to matters in areas of immediate need",paragraph,inform (a1),holistic (a1),"house, home, and daily life (a1)",,,0.32,600,1.0,0.0,1.0,,,,FALSE,,,0.0,1.0,0,25,150,,,,,,,,,,,,,,,,,,,,,,
W-A2-20260401081154,,,,Read the task below and write your response in the space provided.,<p><strong>Write about your weekend.</strong></p><p><br></p><ul><li>What did you do?</li><li>Who did you spend time with?</li><li>What did you enjoy the most?</li></ul>,Writing,a2,"can write straightforward, detailed descriptions on familiar subjects",paragraph,inform (a2),holistic (b1),"sports, hobbies, and interests (a2)",,,0.47,600,1.0,0.0,1.0,,,,FALSE,,,0.0,0.0,0,25,250,,,,,,,,,,,,,,,,,,,,,,
W-A2-20260401081256,,,,Read the task below and write your response in the space provided.,<p><strong>Write about a typical day.</strong></p><p><br></p><ul><li>What time do you get up?</li><li>What do you do during the day?</li><li>How do you feel at the end of the day?</li></ul>,Writing,a2,"can leave a simple message giving information regarding for instance where they have gone, or what time they will be back",paragraph,inform (a2),holistic (a1),"sports, hobbies, and interests (a2)",,,0.47,600,1.0,0.0,1.0,,,,FALSE,,,0.0,0.0,0,25,250,,,,,,,,,,,,,,,,,,,,,,
W-A2-20260401081426,,,,Read the task below and write your response in the space provided.,<p><strong>Write about something you enjoy doing.</strong></p><p><br></p><ul><li>What do you enjoy doing?</li><li>When and where do you do it?</li><li>Why do you like it?</li></ul>,Writing,a2,"can leave a simple message giving information regarding for instance where they have gone, or what time they will be back",paragraph,inform (a2),holistic (a1),"sports, hobbies, and interests (a2)",,,0.47,600,1.0,0.0,1.0,,,,FALSE,,,0.0,0.0,0,25,250,,,,,,,,,,,,,,,,,,,,,,
W-B1-20260401081828,,,,Read the task below and write your response in the space provided.,<p><em>The way people work is changing in many countries.</em></p><p><br></p><p><strong>Write an essay discussing how work and jobs are different today compared to the past.</strong></p><p><br></p><p><br></p>,Writing,b1,"can leave a simple message giving information regarding for instance where they have gone, or what time they will be back",essay,describe (b1),holistic (a1),workplace and jobs (b1),,,0.64,900,1.0,0.0,1.0,,,,FALSE,,,0,18,0,25,300,,,Explain how work today differs from the past,Not Mentioned,"States a simple difference (e.g., 'jobs are more digital now') without detail or time reference.","Describes one or two clear differences and gives a reason or result (e.g., remote work is common because internet tools allow meetings online).","Gives a concrete comparison with a short personal example (e.g., 'My uncle was a factory worker on fixed shifts, but now I work from home two days a week using company chat, which reduces my commute').",Describe how technology has changed the workplace,Not Mentioned,"Names a tool or trend (e.g., 'computers' or 'apps') without saying how it changes work.","Explains how a specific technology affects tasks or communication (e.g., video calls save time; software tracks projects) and notes a benefit or drawback.","Includes a short, concrete case (e.g., 'At my part-time job in a café, we use a tablet POS that reduces order mistakes, but when the Wi‑Fi fails, we cannot charge cards and lines grow').",Balance benefits and challenges with examples,Not Mentioned,Lists one benefit or one challenge without contrast or detail.,"Presents at least one benefit and one challenge with brief reasons (e.g., flexibility improves work–life balance, but constant emails increase stress).","Supports both sides with specific, personal or observed examples (e.g., 'My friend Sara can study and work online, which saves money, but my cousin lost hours when the company automated data entry in 2023').",Additional on-topic development,"no semantically distinct extra on-topic point, OR the 'extra' content paraphrases an idea already credited under another requirement","introduces a DISTINCT extra on-topic point — not a rephrasing or repeat of any other requirement — within the question's subject, with no further detail","introduces a distinct extra on-topic point AND develops it meaningfully (a real reason, cause, or effect — not just length)",introduces a distinct extra on-topic point AND develops it AND supports it with a concrete specific that genuinely advances the argument
W-B1-20260401081932,,,,Read the task below and write your response in the space provided.,<p><em>Many people are worried about the state of the environment.</em></p><p><br></p><p><strong>Write an essay discussing what people in your community can do to help the environment.</strong></p><p><br></p><p><br></p>,Writing,b1,"can write short, simple essays on topics of interest",essay,inform (b1),holistic (b1),natural world and environment (b1),,,0.64,900,1.0,0.0,1.0,,,,FALSE,,,0,25,0,25,300,,,Clear position and focus on community environmental actions,Not Mentioned,States that people should help the environment without specifying how the community can act.,"Explains why community actions matter (e.g., reducing waste, cleaner air) and links to overall environmental benefits.","Presents a clear stance and names 2–3 concrete community actions, such as weekly street clean-ups in Oak Road Park or switching a local school to bottle-filling stations.",Balance between individual responsibility and local government role,Not Mentioned,"Mentions either individuals or the council, but not both, or lists both without detail.","Describes how individual habits (e.g., using public transport, separating recyclables) and local policy (e.g., more recycling bins, bus routes) work together and why both are needed.","Gives paired examples, such as residents in Riverside Estate starting food-waste bins at home while the town council provides brown-bin collection every Tuesday, explaining the combined impact.",Use of everyday examples from personal life and the local community,Not Mentioned,Says 'in my town' or 'in my life' without giving a real example.,"Provides a personal or local example and explains the effect (e.g., saving energy or reducing litter).","Includes specific names, places, or outcomes, such as: 'Last spring, my neighbour Ana and I joined the Saturday river clean-up by GreenBridge Group and collected five bags of plastic from Mill Stream, which reduced litter on the footpath.'",Additional on-topic development,"no semantically distinct extra on-topic point, OR the 'extra' content paraphrases an idea already credited under another requirement","introduces a DISTINCT extra on-topic point — not a rephrasing or repeat of any other requirement — within the question's subject, with no further detail","introduces a distinct extra on-topic point AND develops it meaningfully (a real reason, cause, or effect — not just length)",introduces a distinct extra on-topic point AND develops it AND supports it with a concrete specific that genuinely advances the argument
W-B1-20260401082034,,,,Read the task below and write your response in the space provided.,<p><em>Education is changing in many parts of the world.</em></p><p><br></p><p><strong>Write an essay discussing how technology is changing the way people learn.</strong></p><p><br></p><ul><li>Think about how students use technology in and out of the classroom</li><li>Consider both the advantages and disadvantages</li><li>Use examples from your own experience as a learner</li></ul>,Writing,b1,can produce simple phrases and sentences about themselves and imaginary people,essay,inform (b1),holistic (a1),science and technology (b1),,,0.64,900,1.0,0.0,1.0,,,,FALSE,,,0.0,29.0,0,25,300,,,,,,,,,,,,,,,,,,,,,,
W-B1-20260401082137,,,,Read the task below and write your response in the space provided.,<p><em>Online shopping is becoming more popular every year.</em></p><p><br></p><p><strong>Write an essay discussing how shopping habits have changed in recent years.</strong></p><p><br></p>,Writing,b1,"can write reviews of films, books or plays",essay,inform (b1),holistic (b1),"shopping, money, and personal finance (b1)",,,0.64,900,1.0,0.0,1.0,,,,FALSE,,,0,23,0,25,300,,,Clear comparison: past vs. present shopping habits,Not Mentioned,States that shopping has changed over time without detail.,"Explains at least one key difference (e.g., store visits before vs. online browsing now) and why it happened (technology, wider choice).","Gives a concrete personal contrast, e.g., “Five years ago I went to the mall every Saturday to try shoes; now I check sizes and reviews on my phone and order for home delivery.”",Balanced discussion of benefits and drawbacks of online shopping,Not Mentioned,"Lists a pro or a con in one word or short phrase (e.g., “convenient,” “scams”) without detail.","Describes at least one benefit and one drawback with reasons (e.g., saves time but hard to check quality).","Supports both sides with specific personal examples, e.g., “I saved time ordering a phone case during exams, but last winter I returned a sweater because the size guide was wrong and paid return postage.”",Use relevant personal examples to support points,Not Mentioned,Refers to “my experience” or “people I know” without giving a situation.,"Describes a personal shopping situation and explains its outcome or reason (e.g., chose online to save money).","Provides a clear, specific case with time/place or item and result, e.g., “In March, I compared prices for the same headphones on three sites, used a 10% code on Site B, and saved €12 compared to the store price.”",Additional on-topic development,"no semantically distinct extra on-topic point, OR the 'extra' content paraphrases an idea already credited under another requirement","introduces a DISTINCT extra on-topic point — not a rephrasing or repeat of any other requirement — within the question's subject, with no further detail","introduces a distinct extra on-topic point AND develops it meaningfully (a real reason, cause, or effect — not just length)",introduces a distinct extra on-topic point AND develops it AND supports it with a concrete specific that genuinely advances the argument
W-B1-20260401082235,,,,Read the task below and write your response in the space provided.,<p><em>Tourism brings many visitors to cities and towns around the world.</em></p><p><br></p><p><strong>Write an essay discussing the effects of tourism on your town or country.</strong></p><p><br></p>,Writing,b1,"can write straightforward, detailed descriptions on familiar subjects",essay,inform (b1),holistic (b1),"holidays, travel, and transportation (b1)",,,0.64,900,1.0,0.0,1.0,,,,FALSE,,,0,23,0,25,900,,,Clear position on overall effects of tourism,Not Mentioned,"States that tourism is good, bad, or mixed without giving any support.","Expresses a view (positive, negative, or balanced) and gives a general reason, such as jobs, culture, or prices.","Takes a clear stance and supports it with a concrete local example, e.g., “In Kusadasi, summer tourism creates seasonal jobs for students, but rent for locals rose 20% last year.”",Balanced discussion of at least one benefit and one drawback,Not Mentioned,"Names one benefit or one drawback (e.g., more money, more traffic) with no detail.","Describes one benefit and one drawback with short explanations (e.g., more income for small shops but crowded public transport).","Explains both sides with concrete details, e.g., “Tourists help street markets in Valencia sell local oranges, but buses are full on weekends and residents wait 20 extra minutes.”","Coherent essay structure with introduction, linked body paragraphs, and a conclusion",Not Mentioned,Has some parts of an essay but ideas feel listed or jump between points.,"Includes an introduction to the topic, body paragraphs with connecting words (for example, firstly, however), and a short concluding idea.","Introduction sets the focus on the writer’s town or country; body paragraphs each develop one clear point with links (for example, moreover, on the other hand); conclusion restates the position and gives a practical takeaway, e.g., “The city should limit tour buses in the old town.”",Additional on-topic development,"no semantically distinct extra on-topic point, OR the 'extra' content paraphrases an idea already credited under another requirement","introduces a DISTINCT extra on-topic point — not a rephrasing or repeat of any other requirement — within the question's subject, with no further detail","introduces a distinct extra on-topic point AND develops it meaningfully (a real reason, cause, or effect — not just length)",introduces a distinct extra on-topic point AND develops it AND supports it with a concrete specific that genuinely advances the argument
W-B1-20260401082337,,,,Read the task below and write your response in the space provided.,<p><em>Technology plays a big part in most people's daily lives.</em></p><p><br></p><p><strong>Write an essay discussing how technology affects the way people communicate.</strong></p><p><br></p><ul><li>Think about how communication has changed in recent years</li><li>Consider both the benefits and problems this brings</li><li>Use examples from your own daily life</li></ul>,Writing,b1,can fill in personal information on a form,essay,inform (b1),holistic (a1),science and technology (b1),,,0.64,900,1.0,0.0,1.0,,,,FALSE,,,0.0,24.0,0,25,300,,,,,,,,,,,,,,,,,,,,,,
W-B2-20260401083650,,,,Read the task below and write your response in the space provided.,"<p><em>The fashion industry produces more clothing than ever before, much of which ends up as waste.</em></p><p><br></p><p><strong>Write an essay discussing the environmental impact of fast fashion.</strong></p><p><br></p><ul><li>Consider how the fast fashion industry affects the environment and the people who work in it</li><li>Think about what individuals and companies could do differently</li><li>Use examples from your own shopping habits or things you have read about</li></ul>",Writing,b2,"can write reviews of films, books or plays",essay,evaluate (b2),holistic (c1),"shopping, money, and personal finance (b2)",,,0.83,1200,1.0,0.0,1.0,,,,FALSE,,,0.0,2.0,0,50,400,,,,,,,,,,,,,,,,,,,,,,
W-B2-20260401083820,,,,Read the task below and write your response in the space provided.,"<p><em>Celebrities have more influence over people's lives than ever before.</em></p><p><br></p><p><strong>Write an essay discussing the positive and negative influence of celebrity culture on society.</strong></p><p><br></p><ul><li>Consider how celebrities affect people's values, lifestyle choices, and self-image</li><li>Think about whether this influence is mostly positive or mostly harmful</li><li>Use examples from celebrities or trends you are familiar with</li></ul>",Writing,b2,"can leave a simple message giving information regarding for instance where they have gone, or what time they will be back",essay,evaluate (b2),holistic (a1),"people, relationships, and family (b2)",,,0.83,1200,1.0,0.0,1.0,,,,FALSE,,,0.0,6.0,0,50,500,,,,,,,,,,,,,,,,,,,,,,
W-B2-20260401083916,,,,Read the task below and write your response in the space provided.,"<p><em>More young people than ever are choosing to go to university, but some question whether it is worth it.</em></p><p><br></p><p><strong>Write an essay discussing the value of higher education in today's world.</strong></p><p><br></p><ul><li>Consider the benefits of a university education beyond just getting a job</li><li>Think about the financial costs and whether there are other paths to success</li><li>Use examples from your own experience or people you know</li></ul>",Writing,b2,"can write clear, detailed, well-structured reviews on complex topics",essay,evaluate (b2),holistic (c1),"education, study, and language (b2)",,,0.83,1200,1.0,0.0,1.0,,,,FALSE,,,1.0,5.0,0,50,400,,,,,,,,,,,,,,,,,,,,,,
W-B2-20260401084009,,,,Read the task below and write your response in the space provided.,"<p><em>People have very different opinions about whether it is better to live in a city or the countryside.</em></p><p><br></p><p><strong>Write an essay discussing the advantages and disadvantages of urban and rural living.</strong></p><p><br></p><ul><li>Consider how the two lifestyles differ in terms of opportunities, cost, and quality of life</li><li>Think about what kind of person might prefer each environment and why</li><li>Use examples from your own experience or observations</li></ul>",Writing,b2,"can leave a simple message giving information regarding for instance where they have gone, or what time they will be back",essay,evaluate (b2),holistic (a1),"house, home, and daily life (b2)",,,0.83,1200,1.0,0.0,1.0,,,,FALSE,,,0.0,3.0,0,50,400,,,,,,,,,,,,,,,,,,,,,,
W-C1-20260401084917,,,,Read the task below and write your response in the space provided.,"<p><em>Music is present in almost every aspect of modern life, from advertising to politics to personal identity.</em></p><p><br></p><p><strong>Write an essay examining the extent to which music shapes the way people think, feel, and behave.</strong></p><p><br></p><ul><li>Consider how music influences culture, identity, and social behaviour</li><li>Evaluate whether this influence is largely positive or whether it can also be harmful</li><li>Support your position with examples from your own knowledge and experience</li></ul>",Writing,c1,can write summaries and reviews of professional or literary works.,essay,persuade (c1),holistic (c1),"media, arts, literature, and entertainment (c1)",,,0.93,1200,1.0,0.0,1.0,,,,FALSE,,,0.0,0.0,0,50,500,,,,,,,,,,,,,,,,,,,,,,
W-C1-20260401085011,,,,Read the task below and write your response in the space provided.,"<p><em>Public holidays are celebrated differently across cultures, but their value is increasingly being questioned in modern societies.</em></p><p><br></p><p><strong>Write an essay responding to this statement: 'Public holidays have lost their meaning in the modern world.'</strong></p><p><br></p><ul><li>Consider what purpose public holidays serve and whether they still fulfil that purpose</li><li>Evaluate the tension between tradition and the demands of modern working life</li><li>Support your position with examples from your own culture and experience</li></ul>",Writing,c1,"can write short, simple essays on topics of interest",essay,persuade (c1),holistic (c1),"cultures, customs, religion, and traditions (c1)",,,0.93,1200,1.0,0.0,1.0,,,,FALSE,,,0.0,0.0,0,50,500,,,,,,,,,,,,,,,,,,,,,,
W-C1-20260401085101,,,,Read the task below and write your response in the space provided.,"<p><em>Car ownership was once seen as a symbol of freedom and success, but attitudes are changing.</em></p><p><br></p><p><strong>Write an essay examining whether owning a car is still necessary in today's world.</strong></p><p><br></p><ul><li>Consider how urban development, public transport, and environmental concerns affect the need for a car</li><li>Evaluate whether the benefits of car ownership still outweigh the costs</li><li>Support your position with examples from your own experience and observations</li></ul>",Writing,c1,"can leave a simple message giving information regarding for instance where they have gone, or what time they will be back",essay,persuade (c1),holistic (c1),"holidays, travel, and transportation (c1)",,,0.93,1200,1.0,0.0,1.0,,,,FALSE,,,0.0,0.0,0,50,500,,,,,,,,,,,,,,,,,,,,,,
W-C1-20260401085151,,,,Read the task below and write your response in the space provided.,<p><em>The number of pets kept in homes around the world has grown significantly in recent decades.</em></p><p><br></p><p><strong>Write an essay responding to this statement: 'Keeping animals as pets is fundamentally selfish.'</strong></p><p><br></p><ul><li>Consider the arguments for and against pet ownership from both human and animal perspectives</li><li>Evaluate the responsibilities that come with owning a pet and whether most owners fulfil them</li><li>Support your position with examples from your own knowledge and experience</li></ul>,Writing,c1,"can leave a simple message giving information regarding for instance where they have gone, or what time they will be back",essay,persuade (c1),holistic (a1),"people, relationships, and family (c1)",,,0.93,1200,1.0,0.0,1.0,,,,FALSE,,,0.0,0.0,0,50,500,,,,,,,,,,,,,,,,,,,,,,
W-B1-20260401093728,,,,Read the task below and write your response in the space provided.,<p><em>Friendship is one of the most important parts of people's lives.</em></p><p><br></p><p><strong>Write an essay discussing what makes a good friend and why friendship is important.</strong></p><p><br></p><p><br></p>,Writing,b1,"can write clear, well-structured reports that present relevant arguments cogently",essay,describe (b1),holistic (c1),"people, relationships, and family (b1)",,,0.64,900,1.0,0.0,1.0,,,,FALSE,,,0,26,0,50,300,,,Define key qualities of a good friend,Not Mentioned,"Names one or two qualities (e.g., kind, honest) without any detail.","Explains why each quality matters in friendship (e.g., honesty builds trust, reliability gives support).","Gives a concrete example from personal life, such as “My classmate Lina kept my secret during exams, which showed honesty and made me trust her more.”",Explain why friendship is important,Not Mentioned,States that friendship is important without saying why.,"Gives clear reasons, such as emotional support, sharing activities, or learning social skills.","Includes a personal example, like “When I moved to a new city, my friend Omar called me every week, which reduced my stress and helped me adapt.”",Describe how friendships can change over time,Not Mentioned,Mentions that friendships change with age or life events but gives no details.,"Explains how and why changes happen (e.g., new schools, work, different interests) and their effects on contact or closeness.","Shares a specific case, such as “In high school I saw Ana every day, but after she started a job, we meet monthly and text more; planning helps us stay close.”",Additional on-topic development,"no semantically distinct extra on-topic point, OR the 'extra' content paraphrases an idea already credited under another requirement","introduces a DISTINCT extra on-topic point — not a rephrasing or repeat of any other requirement — within the question's subject, with no further detail","introduces a distinct extra on-topic point AND develops it meaningfully (a real reason, cause, or effect — not just length)",introduces a distinct extra on-topic point AND develops it AND supports it with a concrete specific that genuinely advances the argument
W-B1-20260401093829,,,,Read the task below and write your response in the space provided.,<p><em>The weather affects people's lives in many different ways.</em></p><p><br></p><p><strong>Write an essay discussing how the weather affects the way you live and feel.</strong></p><p><br></p><p><br></p>,Writing,b1,"can write short, simple essays on topics of interest",essay,describe (b1),holistic (b1),natural world and environment (b1),,,0.64,900,1.0,0.0,1.0,,,,FALSE,,,0,26,0,50,300,,,Explain how seasons change your daily routine,Not Mentioned,"Names one season or routine change without detail (e.g., 'In winter my routine is different').","Describes a routine change and explains why the season causes it (e.g., shorter daylight, heat, rain).","Gives a concrete personal example with time or activity details (e.g., 'In January I wake up 30 minutes earlier to clear ice from the car, so I catch the 7:30 bus instead of the 8:00').",Discuss how weather influences your mood and motivation,Not Mentioned,"States a simple feeling linked to weather without explanation (e.g., 'Rain makes me sad').","Connects a type of weather to mood with a reason or consequence (e.g., 'Sunny days make me happier because I spend time outside and feel more active').","Provides a personal incident showing mood change and outcome (e.g., 'Last March, a week of grey skies made me postpone my gym sessions, while the first warm Saturday helped me finish my balcony cleaning and study for two hours').",Balance positive and negative effects of different weather with examples,Not Mentioned,Lists a positive or negative effect in general terms without contrast or detail.,"Presents at least one positive and one negative effect and explains each (e.g., rain helps plants but disrupts travel).","Offers specific, personal contrasts with outcomes (e.g., 'A cool autumn breeze helped me run 5 km after work, but a heatwave in July made me cancel my evening class because the tram was delayed and I felt exhausted').",Additional on-topic development,"no semantically distinct extra on-topic point, OR the 'extra' content paraphrases an idea already credited under another requirement","introduces a DISTINCT extra on-topic point — not a rephrasing or repeat of any other requirement — within the question's subject, with no further detail","introduces a distinct extra on-topic point AND develops it meaningfully (a real reason, cause, or effect — not just length)",introduces a distinct extra on-topic point AND develops it AND supports it with a concrete specific that genuinely advances the argument
W-B1-20260401093929,,,,Read the task below and write your response in the space provided.,<p><em>Music is something that most people enjoy in their daily lives.</em></p><p><br></p><p><strong>Write an essay discussing the role of music in your life and how it affects you.</strong></p>,Writing,b1,"can leave a simple message giving information regarding for instance where they have gone, or what time they will be back",essay,describe (b1),holistic (b1),"media, arts, literature, and entertainment (b1)",,,0.64,900,1.0,0.0,1.0,,,,FALSE,,,0,19,0,50,300,,,Explain when and why you listen to music,Not Mentioned,"States a time or a reason for listening to music (e.g., before school or to relax) without any detail.","Describes usual times and gives a clear reason (e.g., on the bus to focus, in the evening to unwind), linking music to a need or routine.","Gives a concrete personal moment with context and outcome (e.g., last Monday on the way to football practice, I played a hip‑hop playlist to wake up and felt more alert when I arrived).",Describe how music affects your mood and feelings,Not Mentioned,"Says music changes mood or feelings without saying how (e.g., it makes me happy).","Explains the effect with a cause or consequence (e.g., fast songs give me energy, so I work faster; calm music helps me reduce stress).","Provides a specific case with song/genre and result (e.g., when I felt nervous before an exam, I listened to lo‑fi beats by Lofi Girl for 15 minutes and my hands stopped shaking).",Use personal examples from hobbies or daily activities to support ideas,Not Mentioned,"Mentions a hobby or activity with music (e.g., running, gaming, drawing) but adds no link to the main point.","Connects a hobby to the role of music with a clear reason (e.g., music helps me keep a steady pace when I run).","Gives a detailed example naming the activity and outcome (e.g., during my Saturday 5 km run in the park, I play a 170 bpm drum and bass mix to match my pace and I finish two minutes faster).",Additional on-topic development,"no semantically distinct extra on-topic point, OR the 'extra' content paraphrases an idea already credited under another requirement","introduces a DISTINCT extra on-topic point — not a rephrasing or repeat of any other requirement — within the question's subject, with no further detail","introduces a distinct extra on-topic point AND develops it meaningfully (a real reason, cause, or effect — not just length)",introduces a distinct extra on-topic point AND develops it AND supports it with a concrete specific that genuinely advances the argument
