ref_#,cefr_level,task_type,topic,word_count_min,word_count_max,question_prompt,requirement_1,req_1_score_0,req_1_score_1,req_1_score_2,req_1_score_3,requirement_2,req_2_score_0,req_2_score_1,req_2_score_2,req_2_score_3,requirement_3,req_3_score_0,req_3_score_1,req_3_score_2,req_3_score_3,requirement_4,req_4_score_0,req_4_score_1,req_4_score_2,req_4_score_3,status,notes
W-A1-1,b1,note,shopping and consumer activities,50,300,"You are planning to go shopping and want to inform your family.

Write a note to your family about your shopping plans.

- Include where you are going shopping
- Mention what time you will return home
- Explain the reason for going shopping",Where you are going shopping,absent,"states the shopping destination without any additional detail (e.g., 'I am going to the mall').","names the shopping destination AND provides a reason for choosing it (e.g., 'I am going to the mall because it has a wide variety of stores'). (scores 2, not 3 — provides a reason but no specific store or item that anchors the choice concretely.)","all of 2 AND a concrete specific — a particular store or item (e.g., 'I am going to the mall to visit the electronics store for a new phone'). Vague phrases like 'a nice place' or 'somewhere with good deals' do NOT count as concrete specifics.",What time you will return home,absent,"states the return time without any additional detail (e.g., 'I will be back by 5 PM').","provides the return time AND a reason for that timing (e.g., 'I will be back by 5 PM because I want to avoid the evening traffic'). (scores 2, not 3 — gives a reason but no specific event or activity that anchors the timing concretely.)","all of 2 AND a concrete specific — a particular event or activity (e.g., 'I will be back by 5 PM because I have a dinner reservation at 6 PM'). Vague phrases like 'to relax' or 'to unwind' do NOT count as concrete specifics.",Reason for going shopping,absent,"states a reason for shopping without any additional detail (e.g., 'I need to buy groceries').","provides a reason for shopping AND an explanation or cause (e.g., 'I need to buy groceries because we are running low on food'). (scores 2, not 3 — gives a reason but no specific item or occasion that anchors the need concretely.)","all of 2 AND a concrete specific — a particular item or occasion (e.g., 'I need to buy groceries because we are hosting a dinner party tomorrow and need ingredients for lasagna'). Vague phrases like 'to stock up' or 'for the week' do NOT count as concrete specifics.",Additional on-topic development,"no semantically distinct extra on-topic point, OR the 'extra' content paraphrases an idea already credited under another requirement","introduces a DISTINCT extra on-topic point — not a rephrasing or repeat of any other requirement — within the question's subject, with no further detail","introduces a distinct extra on-topic point AND develops it meaningfully (a real reason, cause, or effect — not just length)",introduces a distinct extra on-topic point AND develops it AND supports it with a concrete specific that genuinely advances the argument,auto-generated,
W-A1-2,a1,sentence level,,25,80,"Think about your best friend.

Write three sentences about your best friend.

- Include who your best friend is
- Think about activities you do together
- Consider what you like about your friend",Who your best friend is,absent,"mentions who their best friend is without any additional detail (e.g., 'My best friend is John').","names their best friend and provides a reason or context for the friendship (e.g., 'My best friend is John because we have known each other since childhood'). (scores 2, not 3 — provides a reason but no specific detail about the friend).","all of 2 AND includes a concrete specific about the friend that materially develops the description (e.g., 'My best friend is John, who I met in kindergarten, and he always makes me laugh with his funny stories about his pet dog'). Generic statements like 'he is nice' do NOT count as concrete specifics.",Activities you do together,absent,"mentions an activity they do with their friend without further detail (e.g., 'We play games together').","mentions an activity and provides a reason or context for doing it together (e.g., 'We play games together because it helps us relax after school'). (scores 2, not 3 — provides a reason but no specific detail about the activity).","all of 2 AND includes a concrete specific about the activity that materially develops the description (e.g., 'We play soccer every Saturday at the local park, and it’s our way to stay fit and enjoy the weekend'). Vague phrases like 'we have fun' do NOT count as concrete specifics.",What you like about your friend,absent,"mentions something they like about their friend without further detail (e.g., 'I like that he is kind').","mentions something they like about their friend and provides a reason or context (e.g., 'I like that he is kind because he always helps me with my homework'). (scores 2, not 3 — provides a reason but no specific detail about the friend's kindness).","all of 2 AND includes a concrete specific that materially develops what they like about their friend (e.g., 'I like that he is kind because he once spent an entire afternoon helping me prepare for a difficult math test'). General statements like 'he is a good person' do NOT count as concrete specifics.",Additional on-topic development,"no semantically distinct extra on-topic point, OR the 'extra' content paraphrases an idea already credited under another requirement","introduces a DISTINCT extra on-topic point — not a rephrasing or repeat of any other requirement — within the question's subject, with no further detail","introduces a distinct extra on-topic point AND develops it meaningfully (a real reason, cause, or effect — not just length)",introduces a distinct extra on-topic point AND develops it AND supports it with a concrete specific that genuinely advances the argument,auto-generated,
W-A1-3,a1,sentence level,,25,80,"Write about your family.

Write three sentences about your family.

- Include who is in your family
- Mention where you live
- Say what you like about your family",Who is in your family,absent,"states who is in their family without any additional detail (e.g., 'I have a brother and a sister').","names who is in their family AND provides a reason or detail about them (e.g., 'I have a brother and a sister, and we often play together'). (scores 2, not 3 — provides a reason but no specific example or anecdote).","all of 2 AND includes a concrete specific about a family member (e.g., 'I have a brother named Tom who loves playing soccer with me every weekend'). Generic statements like 'we are a happy family' do NOT count as concrete specifics.",Where you live,absent,"states where they live without any additional detail (e.g., 'I live in a city').","names where they live AND provides a reason or detail about the place (e.g., 'I live in a city because my parents work there'). (scores 2, not 3 — provides a reason but no specific example or description).","all of 2 AND includes a concrete specific about the place (e.g., 'I live in a city called Springfield, which has a beautiful park where I play every day'). Vague descriptions like 'a nice place' do NOT count as concrete specifics.",What you like about your family,absent,"states what they like about their family without any additional detail (e.g., 'I like my family').","states what they like about their family AND provides a reason or detail (e.g., 'I like my family because we spend a lot of time together'). (scores 2, not 3 — provides a reason but no specific example or anecdote).","all of 2 AND includes a concrete specific about a family activity or trait (e.g., 'I like my family because every Sunday we have a big dinner together, and my mom makes her special lasagna'). General statements like 'we are close' do NOT count as concrete specifics.",Additional on-topic development,"no semantically distinct extra on-topic point, OR the 'extra' content paraphrases an idea already credited under another requirement","introduces a DISTINCT extra on-topic point — not a rephrasing or repeat of any other requirement — within the question's subject, with no further detail","introduces a distinct extra on-topic point AND develops it meaningfully (a real reason, cause, or effect — not just length)",introduces a distinct extra on-topic point AND develops it AND supports it with a concrete specific that genuinely advances the argument,auto-generated,
W-A1-4,a1,sentence level,,25,80,"Write about your daily routine.

Write three sentences about what you do each day.

- Include what you do in the morning
- Mention what you do in the afternoon
- Say when you go to bed",What you do in the morning,absent,"states an activity done in the morning without further detail (e.g., 'I eat breakfast').","names a morning activity AND provides a reason or effect (e.g., 'I eat breakfast to have energy for the day'). (scores 2, not 3 — provides a reason but no specific detail about the breakfast or routine).","all of 2 AND includes a concrete specific, such as a type of breakfast or a personal routine (e.g., 'I eat oatmeal with fruit every morning to stay healthy'). Generic statements like 'a healthy breakfast' do NOT count as concrete specifics.",What you do in the afternoon,absent,"states an activity done in the afternoon without further detail (e.g., 'I go for a walk').","names an afternoon activity AND provides a reason or effect (e.g., 'I go for a walk to relax after work'). (scores 2, not 3 — provides a reason but no specific detail about the walk or location).","all of 2 AND includes a concrete specific, such as a location or a personal anecdote (e.g., 'I walk in the park near my house to enjoy the fresh air'). Vague phrases like 'a nice place' do NOT count as concrete specifics.",When you go to bed,absent,"states a time or routine for going to bed without further detail (e.g., 'I go to bed at 10 PM').","names a bedtime AND provides a reason or effect (e.g., 'I go to bed at 10 PM to get enough sleep for work'). (scores 2, not 3 — provides a reason but no specific detail about the bedtime routine or environment).","all of 2 AND includes a concrete specific, such as a bedtime routine or a personal anecdote (e.g., 'I go to bed at 10 PM after reading a chapter of my favorite book'). Generic statements like 'a good night's sleep' do NOT count as concrete specifics.",Additional on-topic development,"no semantically distinct extra on-topic point, OR the 'extra' content paraphrases an idea already credited under another requirement","introduces a DISTINCT extra on-topic point — not a rephrasing or repeat of any other requirement — within the question's subject, with no further detail","introduces a distinct extra on-topic point AND develops it meaningfully (a real reason, cause, or effect — not just length)",introduces a distinct extra on-topic point AND develops it AND supports it with a concrete specific that genuinely advances the argument,auto-generated,
W-A1-5,a1,long answer,,25,80,"Think about your favourite food.

Write a paragraph about it.

- Include what your favourite food is
- Mention where you usually eat it
- Explain why you like it",What your favourite food is,absent,"states their favourite food with no further detail (e.g., 'My favourite food is pizza').","names their favourite food AND provides a reason for liking it (e.g., 'My favourite food is pizza because it is delicious'). (scores 2, not 3 — provides a reason but no specific detail about the food or experience).","all of 2 AND a concrete specific — a particular type of pizza, a memorable experience, or a specific ingredient (e.g., 'My favourite food is Margherita pizza because the fresh basil and mozzarella remind me of family dinners'). Generic statements like 'good food' or 'tasty' do NOT count as concrete specifics.",Where you usually eat it,absent,"mentions a place where they eat their favourite food with no further detail (e.g., 'I eat it at home').","names a place AND provides a reason for eating there (e.g., 'I usually eat it at home because it's comfortable'). (scores 2, not 3 — provides a reason but no specific detail about the place or experience).","all of 2 AND a concrete specific — a particular setting, occasion, or personal anecdote (e.g., 'I usually eat it at home on Friday nights with my family, which makes it special'). Vague descriptions like 'a nice place' do NOT count as concrete specifics.",Why you like it,absent,"states they like their favourite food with no reason given (e.g., 'I like pizza').","provides a reason for liking their favourite food (e.g., 'I like pizza because it is cheesy and satisfying'). (scores 2, not 3 — provides a reason but no specific detail about the food or experience).","all of 2 AND a concrete specific — a particular taste, memory, or occasion (e.g., 'I like pizza because the combination of melted cheese and crispy crust reminds me of summer picnics with friends'). Generic statements like 'it is good' do NOT count as concrete specifics.",Additional on-topic development,"no semantically distinct extra on-topic point, OR the 'extra' content paraphrases an idea already credited under another requirement","introduces a DISTINCT extra on-topic point — not a rephrasing or repeat of any other requirement — within the question's subject, with no further detail","introduces a distinct extra on-topic point AND develops it meaningfully (a real reason, cause, or effect — not just length)",introduces a distinct extra on-topic point AND develops it AND supports it with a concrete specific that genuinely advances the argument,auto-generated,
W-A1-6,a1,note,,25,80,"You need to leave a note for your roommate.

Write a note telling them about your plans.

- Include where you are going
- Mention what time you will come back
- Explain the purpose of your visit",Where you are going,absent,"states the destination without any additional detail (e.g., 'I am going to the supermarket').","names the destination AND provides a reason or context for going (e.g., 'I am going to the supermarket because we need groceries'). (scores 2, not 3 — provides a reason but no specific item or detail about the trip).","all of 2 AND includes a concrete specific about the destination or trip (e.g., 'I am going to the supermarket to buy ingredients for tonight's pasta dinner'). Vague statements like 'to get some things' do NOT count as concrete specifics.",What time you will come back,absent,"states a return time without any additional detail (e.g., 'I will be back at 5 PM').","provides a return time AND a reason or context for that timing (e.g., 'I will be back at 5 PM because I have a meeting at 6 PM'). (scores 2, not 3 — gives a reason but no specific event or detail about the timing).","all of 2 AND includes a concrete specific about the timing or event (e.g., 'I will be back at 5 PM because I need to prepare for my 6 PM online class'). Generic phrases like 'because I have things to do' do NOT count as concrete specifics.",Purpose of your visit,absent,"states the purpose without any additional detail (e.g., 'I am going to study').","provides the purpose AND a reason or context for the visit (e.g., 'I am going to study because I have an exam tomorrow'). (scores 2, not 3 — gives a reason but no specific subject or detail about the study session).","all of 2 AND includes a concrete specific about the purpose or activity (e.g., 'I am going to study for my math exam on algebra'). Vague statements like 'to learn something' do NOT count as concrete specifics.",Additional on-topic development,"no semantically distinct extra on-topic point, OR the 'extra' content paraphrases an idea already credited under another requirement","introduces a DISTINCT extra on-topic point — not a rephrasing or repeat of any other requirement — within the question's subject, with no further detail","introduces a distinct extra on-topic point AND develops it meaningfully (a real reason, cause, or effect — not just length)",introduces a distinct extra on-topic point AND develops it AND supports it with a concrete specific that genuinely advances the argument,auto-generated,
W-A1-7,a1,letter/email,,25,80,"Food is an important part of our lives.

Write an email to your friend about your favorite food.

- Include what your favorite food is
- Mention when you eat your favorite food
- Explain why you like your favorite food",Your favorite food,absent,"states their favorite food in a complete sentence without further detail (e.g., 'My favorite food is pizza').","names their favorite food AND provides a reason for liking it (e.g., 'My favorite food is pizza because it is delicious'). (scores 2, not 3 — gives a reason but no specific detail about the food itself).","all of 2 AND includes a concrete specific about the food (e.g., 'My favorite food is pizza because it is delicious, especially when it has extra cheese and pepperoni'). Generic descriptions like 'tasty' or 'good food' do NOT count as concrete specifics.",When you eat your favorite food,absent,"mentions a time or occasion when they eat their favorite food without further detail (e.g., 'I eat pizza on weekends').","mentions a specific time or occasion AND provides a reason for eating it then (e.g., 'I eat pizza on weekends because it is a treat for my family'). (scores 2, not 3 — provides a reason but lacks a specific detail about the occasion).","all of 2 AND includes a concrete specific about the occasion (e.g., 'I eat pizza on weekends because it is a treat for my family, especially during our movie nights on Saturday'). Vague time references like 'sometimes' or 'often' do NOT count as concrete specifics.",Why you like your favorite food,absent,"states a reason for liking their favorite food without further detail (e.g., 'I like pizza because it tastes good').","provides a reason for liking their favorite food AND adds a simple explanation (e.g., 'I like pizza because it tastes good and is easy to share with friends'). (scores 2, not 3 — gives a reason and explanation but lacks a specific detail).","all of 2 AND includes a concrete specific that materially develops the reason (e.g., 'I like pizza because it tastes good and is easy to share with friends, especially when we order from our favorite local pizzeria that uses fresh ingredients'). General statements like 'it is nice' do NOT count as concrete specifics.",Additional on-topic development,"no semantically distinct extra on-topic point, OR the 'extra' content paraphrases an idea already credited under another requirement","introduces a DISTINCT extra on-topic point — not a rephrasing or repeat of any other requirement — within the question's subject, with no further detail","introduces a distinct extra on-topic point AND develops it meaningfully (a real reason, cause, or effect — not just length)",introduces a distinct extra on-topic point AND develops it AND supports it with a concrete specific that genuinely advances the argument,auto-generated,
W-A1-8,a1,note,,25,80,"Share some information about your favorite class.

Write a note about why you like this class.

- Name your favorite class
- Include the reason you like the class
- Mention the activities you do in class",Name your favorite class,absent,"states their favorite class without any additional detail (e.g., 'My favorite class is math').","names their favorite class AND provides a reason for liking it (e.g., 'My favorite class is math because I enjoy solving problems'). (scores 2, not 3 — provides a reason but no specific example or detail about the class).","all of 2 AND includes a concrete specific, such as a particular topic or project in the class that they enjoy (e.g., 'My favorite class is math because I enjoy solving problems, especially when we work on geometry projects'). Generic statements like 'it's interesting' do NOT count as concrete specifics.",Reason you like the class,absent,"mentions a reason for liking the class without further detail (e.g., 'I like the class because it's fun').","provides a reason for liking the class AND adds a brief explanation or example (e.g., 'I like the class because it's fun and the teacher makes learning enjoyable'). (scores 2, not 3 — gives a reason and example but lacks a specific detail about the class).","all of 2 AND includes a concrete specific, such as a particular lesson or activity that illustrates why the class is enjoyable (e.g., 'I like the class because it's fun and the teacher makes learning enjoyable, especially when we do science experiments'). Vague reasons like 'it's good' do NOT count as concrete specifics.",Activities you do in class,absent,"mentions an activity done in class without further detail (e.g., 'We do exercises').","mentions an activity AND provides a brief explanation or reason for it (e.g., 'We do exercises to practice what we learn'). (scores 2, not 3 — explains the activity but lacks a specific example or detail).","all of 2 AND includes a concrete specific, such as a particular exercise or project that is memorable (e.g., 'We do exercises to practice what we learn, like the group project where we built a model volcano'). General activities like 'we study' do NOT count as concrete specifics.",Additional on-topic development,"no semantically distinct extra on-topic point, OR the 'extra' content paraphrases an idea already credited under another requirement","introduces a DISTINCT extra on-topic point — not a rephrasing or repeat of any other requirement — within the question's subject, with no further detail","introduces a distinct extra on-topic point AND develops it meaningfully (a real reason, cause, or effect — not just length)",introduces a distinct extra on-topic point AND develops it AND supports it with a concrete specific that genuinely advances the argument,auto-generated,
W-A1-9,a1,note,,25,80,"Write a note about your family.

Include details about your family and life together.

- Include who is in your family
- Mention where you live
- Describe activities you enjoy together",Who is in your family,absent,"mentions a family member without further detail (e.g., 'I have a brother').","mentions a family member and provides a reason or detail about them (e.g., 'I have a brother who is very funny'). (scores 2, not 3 — provides a reason but no specific anecdote or detail about the brother).","all of 2 AND includes a concrete specific about the family member (e.g., 'I have a brother who is very funny; he always tells jokes at dinner that make everyone laugh'). Generic statements like 'my brother is nice' do NOT count as concrete specifics.",Where you live,absent,"states the place they live with no additional detail (e.g., 'I live in a city').","states the place they live and provides a reason or detail about it (e.g., 'I live in a city because it has many parks'). (scores 2, not 3 — provides a reason but no specific park or feature).","all of 2 AND includes a concrete specific about the place (e.g., 'I live in a city because it has many parks, like Central Park where I go jogging every morning'). Vague descriptions like 'a nice place' do NOT count as concrete specifics.",Activities you enjoy together,absent,"mentions an activity done with family without further detail (e.g., 'We play games').","mentions an activity and provides a reason or detail about it (e.g., 'We play games because it is fun'). (scores 2, not 3 — provides a reason but no specific game or occasion).","all of 2 AND includes a concrete specific about the activity (e.g., 'We play games because it is fun; every Sunday we play Monopoly together, which always ends in laughter'). Generic statements like 'we have fun' do NOT count as concrete specifics.",Additional on-topic development,"no semantically distinct extra on-topic point, OR the 'extra' content paraphrases an idea already credited under another requirement","introduces a DISTINCT extra on-topic point — not a rephrasing or repeat of any other requirement — within the question's subject, with no further detail","introduces a distinct extra on-topic point AND develops it meaningfully (a real reason, cause, or effect — not just length)",introduces a distinct extra on-topic point AND develops it AND supports it with a concrete specific that genuinely advances the argument,auto-generated,
W-A1-10,a1,note,,25,80,"You want to tell your friend some important information.

Write a note to your friend.

- Include where you are currently located
- Mention what time you will return
- Describe what activity you are doing",Where you are currently located,absent,"states their current location in a complete sentence without further detail (e.g., 'I am at home').","states their current location and provides a reason or context for being there (e.g., 'I am at home because I am waiting for a delivery'). (scores 2, not 3 — provides a reason but no specific detail about the location or situation).","all of 2 AND includes a concrete specific about the location or situation (e.g., 'I am at home because I am waiting for a delivery from the new bookstore that opened on Main Street'). Generic statements like 'a nice place' do NOT count as concrete specifics.",What time you will return,absent,"mentions a return time in a complete sentence without further detail (e.g., 'I will be back at 5 PM').","mentions a return time and provides a reason or context for the timing (e.g., 'I will be back at 5 PM because my meeting ends at 4:30 PM'). (scores 2, not 3 — provides a reason but no specific detail about the timing or event).","all of 2 AND includes a concrete specific about the timing or event (e.g., 'I will be back at 5 PM because my meeting at the downtown office ends at 4:30 PM, and it takes 30 minutes to drive home'). Vague phrases like 'later in the day' do NOT count as concrete specifics.",What activity you are doing,absent,"mentions an activity in a complete sentence without further detail (e.g., 'I am reading').","mentions an activity and provides a reason or context for doing it (e.g., 'I am reading because I want to relax'). (scores 2, not 3 — provides a reason but no specific detail about the activity or context).","all of 2 AND includes a concrete specific about the activity or context (e.g., 'I am reading a mystery novel by Agatha Christie because I want to relax after a long day at work'). Generic statements like 'a good book' do NOT count as concrete specifics.",Additional on-topic development,"no semantically distinct extra on-topic point, OR the 'extra' content paraphrases an idea already credited under another requirement","introduces a DISTINCT extra on-topic point — not a rephrasing or repeat of any other requirement — within the question's subject, with no further detail","introduces a distinct extra on-topic point AND develops it meaningfully (a real reason, cause, or effect — not just length)",introduces a distinct extra on-topic point AND develops it AND supports it with a concrete specific that genuinely advances the argument,auto-generated,
W-A1-11,a1,simple note,self and identity,25,80,"Share some information about yourself.

Write a simple note about who you are.

- Include your name and age
- Mention activities you enjoy doing
- Describe your favorite things",Your name and age,absent,"states their name and age in a complete sentence (e.g., 'My name is John and I am 10 years old').","states their name and age AND adds a simple reason or context (e.g., 'My name is John and I am 10 years old, which means I am in the fifth grade'). (scores 2, not 3 — provides context but no concrete specific about their life or situation).","all of 2 AND a concrete specific about their life or situation (e.g., 'My name is John and I am 10 years old. I live in a small town where everyone knows each other, which makes it a friendly place'). Generic statements like 'I am young' do NOT count as concrete specifics.",Activities you enjoy doing,absent,"mentions an activity they enjoy in a complete sentence (e.g., 'I like playing soccer').","mentions an activity they enjoy AND provides a reason or context (e.g., 'I like playing soccer because it is fun and keeps me active'). (scores 2, not 3 — gives a reason but no specific detail about the activity).","all of 2 AND a concrete specific about the activity (e.g., 'I like playing soccer every Saturday with my friends at the local park, which is always exciting'). Vague phrases like 'it is fun' do NOT count as concrete specifics.",Your favorite things,absent,"mentions a favorite thing in a complete sentence (e.g., 'My favorite thing is my teddy bear').","mentions a favorite thing AND provides a reason or context (e.g., 'My favorite thing is my teddy bear because it was a gift from my grandmother'). (scores 2, not 3 — provides a reason but no specific detail about the favorite thing).","all of 2 AND a concrete specific about the favorite thing (e.g., 'My favorite thing is my teddy bear, which is brown and fluffy, and I sleep with it every night'). Generic descriptions like 'it is nice' do NOT count as concrete specifics.",Additional on-topic development,"no semantically distinct extra on-topic point, OR the 'extra' content paraphrases an idea already credited under another requirement","introduces a DISTINCT extra on-topic point — not a rephrasing or repeat of any other requirement — within the question's subject, with no further detail","introduces a distinct extra on-topic point AND develops it meaningfully (a real reason, cause, or effect — not just length)",introduces a distinct extra on-topic point AND develops it AND supports it with a concrete specific that genuinely advances the argument,auto-generated,
W-A2-1,a2,note,,40,120,"You are planning to go to a football match with your friend.

Write a text message to your friend about the football match.

- Include the date of the match
- Include the time of the match
- Include the place of the match",Include the date of the match,absent,"mentions the date of the match without any additional detail (e.g., 'The match is on Saturday').","mentions the date of the match and provides a reason or context for its importance (e.g., 'The match is on Saturday because it's the weekend and more people can attend'). (scores 2, not 3 — provides a reason but no specific detail about the date itself).","all of 2 AND includes a concrete specific about the date that adds meaningful elaboration (e.g., 'The match is on Saturday, March 5th, which is perfect because it's my birthday, so we can celebrate together'). Vague mentions like 'sometime next week' do NOT count as concrete specifics.",Include the time of the match,absent,"mentions the time of the match without any additional detail (e.g., 'The match is at 3 PM').","mentions the time of the match and provides a reason or context for its importance (e.g., 'The match is at 3 PM because that's when the stadium is less crowded'). (scores 2, not 3 — provides a reason but no specific detail about the time itself).","all of 2 AND includes a concrete specific about the time that adds meaningful elaboration (e.g., 'The match is at 3 PM, which is great because it gives us time to have lunch together before heading to the stadium'). Vague mentions like 'in the afternoon' do NOT count as concrete specifics.",Include the place of the match,absent,"mentions the place of the match without any additional detail (e.g., 'The match is at the stadium').","mentions the place of the match and provides a reason or context for its importance (e.g., 'The match is at the stadium because it's the home ground of our favorite team'). (scores 2, not 3 — provides a reason but no specific detail about the place itself).","all of 2 AND includes a concrete specific about the place that adds meaningful elaboration (e.g., 'The match is at Wembley Stadium, which is amazing because it's such an iconic venue and I've always wanted to visit'). Vague mentions like 'a big stadium' do NOT count as concrete specifics.",Additional on-topic development,"no semantically distinct extra on-topic point, OR the 'extra' content paraphrases an idea already credited under another requirement","introduces a DISTINCT extra on-topic point — not a rephrasing or repeat of any other requirement — within the question's subject, with no further detail","introduces a distinct extra on-topic point AND develops it meaningfully (a real reason, cause, or effect — not just length)",introduces a distinct extra on-topic point AND develops it AND supports it with a concrete specific that genuinely advances the argument,auto-generated,
W-A2-2,a2,paragraph,,40,120,"Think about your favorite place in your town.

Write a paragraph about this place.

- Include where your favorite place is located
- Think about the activities you can do there
- Consider the reasons why you like the place",Where your favorite place is located,absent,"states the location of the favorite place without any additional detail (e.g., 'My favorite place is the park').","names the location and provides a reason or context for its significance (e.g., 'My favorite place is the park because it is peaceful'). (scores 2, not 3 — provides a reason but no specific detail about the park).","all of 2 AND includes a concrete specific about the location that materially advances the description (e.g., 'My favorite place is the park near my house because it is peaceful, with a beautiful lake where I often go to relax'). Generic descriptions like 'a nice place' do NOT count as concrete specifics.",Activities you can do there,absent,"mentions an activity that can be done at the place without further detail (e.g., 'You can walk there').","mentions an activity and provides a reason or benefit of doing it (e.g., 'You can walk there because it helps clear your mind'). (scores 2, not 3 — gives a reason but lacks a specific example of the activity).","all of 2 AND includes a concrete specific that materially develops the activity (e.g., 'You can walk there because it helps clear your mind, especially along the scenic trail that winds through the park'). Vague activities like 'having fun' do NOT count as concrete specifics.",Reasons why you like the place,absent,"states a reason for liking the place without further elaboration (e.g., 'I like it because it is quiet').","provides a reason for liking the place and explains why it is important (e.g., 'I like it because it is quiet, which helps me relax'). (scores 2, not 3 — explains the reason but lacks a specific example or detail).","all of 2 AND includes a concrete specific that materially advances the reason (e.g., 'I like it because it is quiet, which helps me relax, especially when I sit by the old oak tree and read my favorite book'). General statements like 'it is nice' do NOT count as concrete specifics.",Additional on-topic development,"no semantically distinct extra on-topic point, OR the 'extra' content paraphrases an idea already credited under another requirement","introduces a DISTINCT extra on-topic point — not a rephrasing or repeat of any other requirement — within the question's subject, with no further detail","introduces a distinct extra on-topic point AND develops it meaningfully (a real reason, cause, or effect — not just length)",introduces a distinct extra on-topic point AND develops it AND supports it with a concrete specific that genuinely advances the argument,auto-generated,
W-A2-3,a2,note,,40,120,"You need to inform your teacher about your recent absence.

Write a note to your teacher explaining your situation.

- Include the reason for missing class
- Mention the date you will return to class
- List the homework assignments you need",Reason for missing class,absent,"states a reason for missing class without further detail (e.g., 'I missed class').","provides a reason for missing class with a basic explanation (e.g., 'I missed class because I was sick'). (scores 2, not 3 — gives a reason but no specific detail about the illness or situation).","all of 2 AND includes a concrete specific that adds meaningful elaboration (e.g., 'I missed class because I had a fever and was advised by the doctor to rest at home'). Vague statements like 'I was not feeling well' do NOT count as concrete specifics.",Date of your return to class,absent,"mentions a return date without any additional context (e.g., 'I will return on Monday').","provides a return date with a brief explanation or context (e.g., 'I will return on Monday because my doctor said I would be fit by then'). (scores 2, not 3 — gives a date and reason but no specific detail about the recovery process).","all of 2 AND includes a concrete specific that adds meaningful elaboration (e.g., 'I will return on Monday, the 10th, as my doctor confirmed my recovery from the flu after a follow-up appointment'). General statements like 'when I feel better' do NOT count as concrete specifics.",Homework assignments you need,absent,"mentions needing homework assignments without specifying which ones (e.g., 'I need the homework').","specifies the need for homework assignments with a reason (e.g., 'I need the math and science homework because I missed those classes'). (scores 2, not 3 — specifies subjects but lacks details about the assignments).","all of 2 AND includes a concrete specific that adds meaningful elaboration (e.g., 'I need the math homework on algebra and the science project outline on ecosystems that were given last week'). Vague requests like 'all the homework I missed' do NOT count as concrete specifics.",Additional on-topic development,"no semantically distinct extra on-topic point, OR the 'extra' content paraphrases an idea already credited under another requirement","introduces a DISTINCT extra on-topic point — not a rephrasing or repeat of any other requirement — within the question's subject, with no further detail","introduces a distinct extra on-topic point AND develops it meaningfully (a real reason, cause, or effect — not just length)",introduces a distinct extra on-topic point AND develops it AND supports it with a concrete specific that genuinely advances the argument,auto-generated,
W-A2-4,a2,letter/email,,40,120,"Invite a friend to join your sports club.

Write an email to your friend about joining your sports club.

- Include the type of sport the club plays
- Mention when the club meets
- Explain what your friend needs to join",Type of sport the club plays,absent,"mentions the type of sport without further detail (e.g., 'We play soccer').","mentions the type of sport and provides a reason or benefit (e.g., 'We play soccer because it's a great way to stay fit'). (scores 2, not 3 — provides a reason but no specific example or detail about the sport).","mentions the type of sport, provides a reason, and includes a concrete specific (e.g., 'We play soccer because it's a great way to stay fit, and we have a fantastic coach who used to play professionally'). Generic statements like 'it's fun' do NOT count as concrete specifics.",When the club meets,absent,"states when the club meets without additional context (e.g., 'We meet on Saturdays').","states when the club meets and adds a reason or context (e.g., 'We meet on Saturdays because it's the most convenient day for everyone'). (scores 2, not 3 — provides a reason but lacks a specific detail about the meeting time).","states when the club meets, provides a reason, and includes a concrete specific (e.g., 'We meet on Saturdays at 10 AM because it's the most convenient day for everyone, and we always start with a warm-up session led by our captain'). Vague phrases like 'in the morning' do NOT count as concrete specifics.",What your friend needs to join,absent,"mentions what is needed to join without further detail (e.g., 'You need sports shoes').","mentions what is needed to join and provides a reason or explanation (e.g., 'You need sports shoes because we play on a grass field'). (scores 2, not 3 — provides a reason but lacks a specific example or detail about the requirement).","mentions what is needed to join, provides a reason, and includes a concrete specific (e.g., 'You need sports shoes because we play on a grass field, and it's important to have good grip to avoid slipping'). General statements like 'proper attire' do NOT count as concrete specifics.",Additional on-topic development,"no semantically distinct extra on-topic point, OR the 'extra' content paraphrases an idea already credited under another requirement","introduces a DISTINCT extra on-topic point — not a rephrasing or repeat of any other requirement — within the question's subject, with no further detail","introduces a distinct extra on-topic point AND develops it meaningfully (a real reason, cause, or effect — not just length)",introduces a distinct extra on-topic point AND develops it AND supports it with a concrete specific that genuinely advances the argument,auto-generated,
W-A2-5,a2,note,,40,120,"You forgot to bring your homework to class.

Write a note to your teacher explaining the situation.

- Include the reason for forgetting your homework
- Mention when you will finish the homework
- Add an apology to your teacher",Reason for forgetting homework,absent,"states they forgot their homework with no reason given (e.g., 'I forgot my homework').","names a reason for forgetting the homework (e.g., 'I forgot my homework because I was sick'). (scores 2, not 3 — provides a reason but no specific detail about the situation).","all of 2 AND a concrete specific — a personal anecdote or situation (e.g., 'I forgot my homework because I was sick with a fever and couldn't concentrate on my tasks'). Vague reasons like 'I was busy' do NOT count as concrete specifics.",When you will finish the homework,absent,"states when they will finish the homework with no further detail (e.g., 'I will finish my homework tomorrow').","provides a time frame and a reason for that timing (e.g., 'I will finish my homework by tomorrow because I have more free time then'). (scores 2, not 3 — gives a time and reason but lacks a specific plan or detail).","all of 2 AND a concrete specific — a detailed plan or situation (e.g., 'I will finish my homework by tomorrow evening because I have set aside two hours after dinner to work on it'). General statements like 'I will do it soon' do NOT count as concrete specifics.",Apology to the teacher,absent,"offers an apology with no reason or detail (e.g., 'I am sorry for not submitting my homework').","apologizes and provides a reason for the apology (e.g., 'I am sorry for not submitting my homework because I was unwell'). (scores 2, not 3 — gives a reason but lacks a specific detail or action to rectify the situation).","all of 2 AND a concrete specific — a personal action or plan to make amends (e.g., 'I am sorry for not submitting my homework because I was unwell, and I will submit it first thing tomorrow morning'). Simple apologies without a plan do NOT count as concrete specifics.",Additional on-topic development,"no semantically distinct extra on-topic point, OR the 'extra' content paraphrases an idea already credited under another requirement","introduces a DISTINCT extra on-topic point — not a rephrasing or repeat of any other requirement — within the question's subject, with no further detail","introduces a distinct extra on-topic point AND develops it meaningfully (a real reason, cause, or effect — not just length)",introduces a distinct extra on-topic point AND develops it AND supports it with a concrete specific that genuinely advances the argument,auto-generated,
W-A2-6,a2,letter/email,,40,120,"Invite your friend to a picnic.

Write an email to your friend about the picnic invitation.

- Include the date of the picnic
- Specify the time of the picnic
- List items to bring to the picnic",Include the date of the picnic,absent,"mentions the date of the picnic without any additional context (e.g., 'The picnic is on Saturday').","mentions the date of the picnic and provides a reason for choosing that date (e.g., 'The picnic is on Saturday because the weather is expected to be sunny'). (scores 2, not 3 — provides a reason but no specific detail about the date itself).","all of 2 AND includes a concrete specific about the date that materially develops the context (e.g., 'The picnic is on Saturday, April 15th, because it's the first day of spring break, which means everyone is free to join'). Vague statements like 'a nice day' do NOT count as concrete specifics.",Specify the time of the picnic,absent,"mentions the time of the picnic without any additional context (e.g., 'The picnic starts at noon').","mentions the time of the picnic and provides a reason for that timing (e.g., 'The picnic starts at noon so we can enjoy lunch together'). (scores 2, not 3 — provides a reason but no specific detail about the timing).","all of 2 AND includes a concrete specific about the timing that materially develops the context (e.g., 'The picnic starts at noon, right after the morning soccer game, so everyone can come directly from the field'). General statements like 'a convenient time' do NOT count as concrete specifics.",List items to bring to the picnic,absent,"lists items to bring to the picnic without any additional context (e.g., 'Bring sandwiches and drinks').","lists items to bring and provides a reason for including them (e.g., 'Bring sandwiches and drinks because they are easy to carry and everyone likes them'). (scores 2, not 3 — provides a reason but no specific detail about the items).","all of 2 AND includes a concrete specific about the items that materially develops the context (e.g., 'Bring sandwiches, drinks, and a frisbee, as we plan to have a friendly game after lunch'). Generic statements like 'some food' do NOT count as concrete specifics.",Additional on-topic development,"no semantically distinct extra on-topic point, OR the 'extra' content paraphrases an idea already credited under another requirement","introduces a DISTINCT extra on-topic point — not a rephrasing or repeat of any other requirement — within the question's subject, with no further detail","introduces a distinct extra on-topic point AND develops it meaningfully (a real reason, cause, or effect — not just length)",introduces a distinct extra on-topic point AND develops it AND supports it with a concrete specific that genuinely advances the argument,auto-generated,
W-A2-7,a2,paragraph,"countries, cities, towns, and public places (a2)",50,150,"Think about a recent holiday you went on.

Write a paragraph about your holiday experience.

- Include where you went on holiday
- Think about the activities you did during the holiday
- Consider what you liked most about the holiday",Where you went on holiday,absent,"states the location of the holiday with no additional detail (e.g., 'I went to Spain').","names the location AND provides a reason for choosing it (e.g., 'I went to Spain because I love the warm weather'). (scores 2, not 3 — provides a reason but no specific detail about the place).","all of 2 AND includes a concrete specific about the location (e.g., 'I went to Spain because I love the warm weather, especially in Barcelona where the beaches are beautiful'). Generic descriptions like 'a nice place' do NOT count as concrete specifics.",Activities you did during the holiday,absent,"mentions an activity done during the holiday with no further detail (e.g., 'I went swimming').","mentions an activity AND provides a reason or effect (e.g., 'I went swimming because it was very hot'). (scores 2, not 3 — gives a reason but lacks a specific detail about the activity).","all of 2 AND includes a concrete specific about the activity (e.g., 'I went swimming in the crystal-clear waters of the Mediterranean Sea, which was refreshing'). Vague statements like 'it was fun' do NOT count as concrete specifics.",What you liked most about the holiday,absent,"states what was liked most about the holiday with no further detail (e.g., 'I liked the food').","states what was liked most AND provides a reason (e.g., 'I liked the food because it was very tasty'). (scores 2, not 3 — provides a reason but lacks a specific detail about what was liked).","all of 2 AND includes a concrete specific about what was liked (e.g., 'I liked the food, especially the paella, because it was very tasty and authentic'). General statements like 'it was good' do NOT count as concrete specifics.",Additional on-topic development,"no semantically distinct extra on-topic point, OR the 'extra' content paraphrases an idea already credited under another requirement","introduces a DISTINCT extra on-topic point — not a rephrasing or repeat of any other requirement — within the question's subject, with no further detail","introduces a distinct extra on-topic point AND develops it meaningfully (a real reason, cause, or effect — not just length)",introduces a distinct extra on-topic point AND develops it AND supports it with a concrete specific that genuinely advances the argument,auto-generated,
W-A2-8,a2,paragraph,,40,120,"Invite a friend to join you for a weekend trip.

Write a paragraph about your plans for the trip.

- Include where you want to go for the trip
- Mention the activities planned during the trip
- Specify the departure time for the weekend trip",Where you want to go for the trip,absent,"states a destination for the trip without any additional detail (e.g., 'I want to go to the beach').","names a destination AND provides a reason for choosing it (e.g., 'I want to go to the beach because it's relaxing'). (scores 2, not 3 — gives a reason but no specific detail about the beach or activities planned there.)","all of 2 AND includes a concrete specific about the destination (e.g., 'I want to go to the beach because it's relaxing, and we can visit the famous boardwalk with its unique shops and cafes'). Vague descriptions like 'a beautiful place' do NOT count as concrete specifics.",Activities planned during the trip,absent,"mentions an activity planned for the trip without further detail (e.g., 'We will go hiking').","mentions an activity AND provides a reason or benefit (e.g., 'We will go hiking because it's a great way to enjoy nature'). (scores 2, not 3 — provides a reason but lacks specific details about the hiking experience.)","all of 2 AND includes a concrete specific about the activity (e.g., 'We will go hiking because it's a great way to enjoy nature, and we can explore the scenic trails at the national park'). Generic statements like 'it's fun' do NOT count as concrete specifics.",Departure time for the weekend trip,absent,"states a departure time without any additional context (e.g., 'We will leave at 8 AM').","states a departure time AND provides a reason for the timing (e.g., 'We will leave at 8 AM to avoid the morning traffic'). (scores 2, not 3 — gives a reason but no specific detail about the timing or its impact on the trip.)","all of 2 AND includes a concrete specific about the timing (e.g., 'We will leave at 8 AM to avoid the morning traffic, ensuring we have more time to enjoy the afternoon at the beach'). Vague phrases like 'early in the morning' do NOT count as concrete specifics.",Additional on-topic development,"no semantically distinct extra on-topic point, OR the 'extra' content paraphrases an idea already credited under another requirement","introduces a DISTINCT extra on-topic point — not a rephrasing or repeat of any other requirement — within the question's subject, with no further detail","introduces a distinct extra on-topic point AND develops it meaningfully (a real reason, cause, or effect — not just length)",introduces a distinct extra on-topic point AND develops it AND supports it with a concrete specific that genuinely advances the argument,auto-generated,
W-A2-9,a2,note,,40,120,"You need to help your friend with a shopping list.

Write a note listing the items your friend should buy.

- Include 5 items needed for shopping
- Provide quantities for each item
- Specify where to buy each item",List 5 items needed for shopping,absent,"mentions items needed for shopping without listing any specific items (e.g., 'I need to buy some things').","lists specific items needed for shopping but without any additional detail (e.g., 'I need to buy apples, bread, milk, eggs, and cheese'). (scores 2, not 3 — lists items but does not provide any context or detail about them).","lists specific items needed for shopping AND provides a concrete specific about one or more items (e.g., 'I need to buy apples, bread, milk, eggs, and cheese because we are having a family breakfast on Sunday'). Generic statements like 'I need to buy food' do NOT count as concrete specifics.",Provide quantities for each item,absent,"mentions that quantities are needed without specifying any (e.g., 'I need to know how much to buy').","provides quantities for some items but lacks a reason or context (e.g., 'I need 2 apples, 1 loaf of bread, and 1 liter of milk'). (scores 2, not 3 — gives quantities but no explanation for why those amounts are needed).","provides quantities for each item AND includes a reason or context for the quantities (e.g., 'I need 2 apples for a pie, 1 loaf of bread for sandwiches, and 1 liter of milk for breakfast'). Vague phrases like 'a lot of apples' do NOT count as concrete specifics.",Specify where to buy each item,absent,"mentions that places to buy items are needed without specifying any (e.g., 'I need to know where to shop').","specifies where to buy some items but without any additional detail (e.g., 'I will buy apples at the market and bread at the bakery'). (scores 2, not 3 — specifies locations but does not provide any context or reason for choosing them).","specifies where to buy each item AND provides a reason or context for choosing those places (e.g., 'I will buy apples at the local market because they are fresher there, and bread at the bakery because they have the best sourdough'). Generic statements like 'at the store' do NOT count as concrete specifics.",Additional on-topic development,"no semantically distinct extra on-topic point, OR the 'extra' content paraphrases an idea already credited under another requirement","introduces a DISTINCT extra on-topic point — not a rephrasing or repeat of any other requirement — within the question's subject, with no further detail","introduces a distinct extra on-topic point AND develops it meaningfully (a real reason, cause, or effect — not just length)",introduces a distinct extra on-topic point AND develops it AND supports it with a concrete specific that genuinely advances the argument,auto-generated,
W-A2-10,a2,letter/email,,40,120,"Your friend has invited you to a party.

Write an email to your friend about the party invitation.

- State if you can attend the party
- Express gratitude for the invitation
- Ask what you should bring to the party",State if you can attend the party,absent,"states whether they can attend the party without any reason or detail (e.g., 'I can come to the party').","states whether they can attend AND provides a reason or explanation (e.g., 'I can come to the party because I have no other plans that day'). (scores 2, not 3 — gives a reason but no specific detail about the day or event).","all of 2 AND includes a concrete specific, such as a personal schedule detail or a specific event (e.g., 'I can come to the party because my meeting was rescheduled to next week, so I'm free on Saturday'). Vague statements like 'I'm free' do NOT count as concrete specifics.",Express gratitude for the invitation,absent,"expresses gratitude for the invitation in a simple sentence (e.g., 'Thank you for inviting me').","expresses gratitude AND adds a reason or explanation for their appreciation (e.g., 'Thank you for inviting me; it means a lot because I enjoy spending time with you'). (scores 2, not 3 — provides a reason but lacks a specific detail about the relationship or past events).","all of 2 AND includes a concrete specific, such as a past shared experience or a specific aspect of the invitation (e.g., 'Thank you for inviting me; it means a lot because the last time we had a party at your place, we had so much fun playing board games'). Generic statements like 'it's always fun' do NOT count as concrete specifics.",Ask what you should bring to the party,absent,"asks what they should bring to the party without any additional detail (e.g., 'What should I bring to the party?').","asks what they should bring AND provides a reason or context for the question (e.g., 'What should I bring to the party? I want to make sure I contribute something useful'). (scores 2, not 3 — asks with context but lacks a specific suggestion or example).","all of 2 AND includes a concrete specific, such as a suggestion or example of what they could bring (e.g., 'What should I bring to the party? I was thinking of bringing a homemade cake or some drinks'). Vague offers like 'something nice' do NOT count as concrete specifics.",Additional on-topic development,"no semantically distinct extra on-topic point, OR the 'extra' content paraphrases an idea already credited under another requirement","introduces a DISTINCT extra on-topic point — not a rephrasing or repeat of any other requirement — within the question's subject, with no further detail","introduces a distinct extra on-topic point AND develops it meaningfully (a real reason, cause, or effect — not just length)",introduces a distinct extra on-topic point AND develops it AND supports it with a concrete specific that genuinely advances the argument,auto-generated,
W-A2-11,a2,note,,40,120,"You need to inform your exercise partner about the workout plans for tomorrow.

Write a note to your exercise partner about the workout details.

- Include what time to meet for the workout
- Mention where to meet for the workout
- Describe what exercise you plan to do and what items they need to bring",What time to meet for workout,absent,"states a time to meet without any additional context or reason (e.g., 'Let's meet at 7 AM').","provides a time to meet AND a reason for that time (e.g., 'Let's meet at 7 AM because it's cooler in the morning'). (scores 2, not 3 — gives a reason but no specific detail about the time or situation).","all of 2 AND a concrete specific that adds meaningful detail (e.g., 'Let's meet at 7 AM because it's cooler in the morning, and we can finish before the park gets crowded with joggers'). Vague statements like 'early is better' do NOT count as concrete specifics.",Where to meet for workout,absent,"mentions a place to meet without any further detail (e.g., 'Let's meet at the gym').","names a place to meet AND provides a reason for choosing it (e.g., 'Let's meet at the gym because it has all the equipment we need'). (scores 2, not 3 — provides a reason but lacks a specific detail about the location).","all of 2 AND a concrete specific that adds meaningful elaboration (e.g., 'Let's meet at the gym because it has all the equipment we need, and the new yoga studio there is perfect for our session'). Generic phrases like 'it's convenient' do NOT count as concrete specifics.",What exercise and items to bring,absent,"mentions an exercise or item to bring without further explanation (e.g., 'Bring your yoga mat').","names an exercise or item AND provides a reason or explanation (e.g., 'Bring your yoga mat because we will do some stretching exercises'). (scores 2, not 3 — gives a reason but lacks a specific detail about the exercise or item).","all of 2 AND a concrete specific that adds meaningful detail (e.g., 'Bring your yoga mat because we will do some stretching exercises, and the mat will help with grip during the downward dog pose'). Vague statements like 'it's useful' do NOT count as concrete specifics.",Additional on-topic development,"no semantically distinct extra on-topic point, OR the 'extra' content paraphrases an idea already credited under another requirement","introduces a DISTINCT extra on-topic point — not a rephrasing or repeat of any other requirement — within the question's subject, with no further detail","introduces a distinct extra on-topic point AND develops it meaningfully (a real reason, cause, or effect — not just length)",introduces a distinct extra on-topic point AND develops it AND supports it with a concrete specific that genuinely advances the argument,auto-generated,
W-A2-12,a2,simple email writing,shopping and consumer activities,40,120,"You recently bought an item that doesn't work.

Write an email to the shop about this issue.

- Include what item you bought yesterday
- Describe the problem with the item
- Explain what you want the shop to do",What item you bought yesterday,absent,"mentions the item bought yesterday without any additional detail (e.g., 'I bought a phone').","mentions the item bought yesterday and provides a reason for the purchase (e.g., 'I bought a phone because my old one broke'). (scores 2, not 3 — provides a reason but no specific detail about the item).","all of 2 AND includes a concrete specific about the item (e.g., 'I bought a Samsung Galaxy phone because my old one broke and I needed a reliable device for work'). Generic statements like 'a new phone' do NOT count as concrete specifics.",Description of the problem with the item,absent,"mentions there is a problem with the item without describing it (e.g., 'The phone has a problem').","describes the problem with the item and provides a reason or effect (e.g., 'The phone doesn't turn on, so I can't use it'). (scores 2, not 3 — describes the problem and effect but lacks a specific detail about the issue).","all of 2 AND includes a concrete specific about the problem (e.g., 'The phone doesn't turn on because the battery won't charge, even after being plugged in for hours'). Vague descriptions like 'it doesn't work well' do NOT count as concrete specifics.",What you want the shop to do,absent,"states a general desire for the shop to take action without specifying what (e.g., 'I want the shop to help').","states a specific action desired from the shop and provides a reason (e.g., 'I want the shop to replace the phone because it is still under warranty'). (scores 2, not 3 — specifies an action and reason but lacks a concrete detail about the request).","all of 2 AND includes a concrete specific about the desired action (e.g., 'I want the shop to replace the phone with a new Samsung Galaxy model because it is still under warranty and I need a working phone for my job'). General requests like 'fix it' do NOT count as concrete specifics.",Additional on-topic development,"no semantically distinct extra on-topic point, OR the 'extra' content paraphrases an idea already credited under another requirement","introduces a DISTINCT extra on-topic point — not a rephrasing or repeat of any other requirement — within the question's subject, with no further detail","introduces a distinct extra on-topic point AND develops it meaningfully (a real reason, cause, or effect — not just length)",introduces a distinct extra on-topic point AND develops it AND supports it with a concrete specific that genuinely advances the argument,auto-generated,
W-B1-1,b1,report,,50,300,"Your local council is concerned about the increasing amount of waste produced in the community.

Write a report on the current waste situation and how it can be improved.

- Think about the current waste management practices and their shortcomings
- Consider the main sources of waste in your community
- Include practical measures that individuals and the council can take to reduce waste",Current waste management practices and shortcomings,absent,"mentions current waste management practices without any detail or shortcomings (e.g., 'We have waste management systems').","describes current waste management practices AND identifies a shortcoming or limitation (e.g., 'Our waste management involves weekly collections, but it often misses recycling bins'). (scores 2, not 3 — identifies a shortcoming but lacks a concrete example of its impact or a specific instance).","all of 2 AND provides a concrete specific that illustrates the shortcoming (e.g., 'Our waste management involves weekly collections, but it often misses recycling bins, leading to overflowing bins in my neighborhood every weekend'). General statements like 'it is not effective' do NOT count as concrete specifics.",Main sources of waste in the community,absent,"mentions sources of waste without specifying what they are (e.g., 'There are many sources of waste').","identifies specific sources of waste AND explains why they are significant (e.g., 'Restaurants and supermarkets produce a lot of waste because they discard unsold food'). (scores 2, not 3 — identifies sources and reasons but lacks a concrete example of a specific source or its impact).","all of 2 AND provides a concrete specific that illustrates the source (e.g., 'Restaurants and supermarkets produce a lot of waste because they discard unsold food, such as the local bakery that throws away unsold bread daily'). Vague phrases like 'many places' do NOT count as concrete specifics.",Practical measures to reduce waste,absent,"mentions measures to reduce waste without detail (e.g., 'We should recycle more').","suggests a practical measure AND explains how it reduces waste (e.g., 'Implementing a community composting program can reduce organic waste by turning it into fertilizer'). (scores 2, not 3 — suggests a measure and explains it but lacks a concrete example of implementation or impact).","all of 2 AND provides a concrete specific that illustrates the measure (e.g., 'Implementing a community composting program can reduce organic waste by turning it into fertilizer, as seen in our neighboring town where waste has decreased by 30%'). General suggestions like 'recycling is good' do NOT count as concrete specifics.",Additional on-topic development,"no semantically distinct extra on-topic point, OR the 'extra' content paraphrases an idea already credited under another requirement","introduces a DISTINCT extra on-topic point — not a rephrasing or repeat of any other requirement — within the question's subject, with no further detail","introduces a distinct extra on-topic point AND develops it meaningfully (a real reason, cause, or effect — not just length)",introduces a distinct extra on-topic point AND develops it AND supports it with a concrete specific that genuinely advances the argument,auto-generated,
W-B1-2,b1,letter/email,,50,300,"You recently stayed at a hotel and encountered several issues with the service.

Write a letter to the hotel manager to express your dissatisfaction and suggest improvements.

- Include specific issues you faced during your stay
- Explain how these issues affected your stay
- Suggest possible solutions or compensations",Specific issues faced during hotel stay,absent,"mentions an issue faced during the hotel stay without further detail (e.g., 'I had problems with the room').","describes a specific issue and provides a reason or effect (e.g., 'the room was not clean, which made me uncomfortable'). (scores 2, not 3 — describes the issue and its effect, but lacks a concrete specific like a personal anecdote or vivid detail).","all of 2 AND includes a concrete specific that materially develops the issue (e.g., 'the room had dirty sheets and a broken lamp, which made it impossible to relax after a long day of travel'). Vague complaints like 'the service was bad' do NOT count as concrete specifics.",How issues affected your stay,absent,"mentions that the issues affected the stay without further detail (e.g., 'the problems affected my stay').","explains how the issues affected the stay with a reason or effect (e.g., 'the noise from the construction made it hard to sleep, affecting my rest'). (scores 2, not 3 — explains the effect but lacks a concrete specific like a personal experience or detailed scenario).","all of 2 AND includes a concrete specific that materially advances the explanation (e.g., 'due to the constant noise from the construction site next door, I was unable to sleep for three nights, which left me exhausted and unable to enjoy my planned activities'). General statements like 'it was inconvenient' do NOT count as concrete specifics.",Suggested solutions or compensations,absent,"suggests a solution or compensation without further detail (e.g., 'they should offer compensation').","suggests a specific solution or compensation and provides a reason or expected outcome (e.g., 'a partial refund would be fair because the service did not meet expectations'). (scores 2, not 3 — suggests a solution with reasoning but lacks a concrete specific like a detailed example or scenario).","all of 2 AND includes a concrete specific that materially develops the suggestion (e.g., 'offering a complimentary stay or a 50% refund would compensate for the inconvenience of the broken air conditioning, as it made the room unbearably hot during my entire stay'). Vague suggestions like 'they should do something' do NOT count as concrete specifics.",Additional on-topic development,"no semantically distinct extra on-topic point, OR the 'extra' content paraphrases an idea already credited under another requirement","introduces a DISTINCT extra on-topic point — not a rephrasing or repeat of any other requirement — within the question's subject, with no further detail","introduces a distinct extra on-topic point AND develops it meaningfully (a real reason, cause, or effect — not just length)",introduces a distinct extra on-topic point AND develops it AND supports it with a concrete specific that genuinely advances the argument,auto-generated,
W-B1-3,b1,article,,50,300,"Think about a book or movie you have recently read or watched.

Write an article for a magazine about your thoughts on it.

- Include a summary of the plot and main themes
- Consider the development of the main characters
- Recommend it to a specific audience",Summary of plot and main themes,absent,"mentions the plot or themes without further detail (e.g., 'The movie is about friendship').","provides a brief summary of the plot or themes with a reason or explanation (e.g., 'The movie explores friendship as the main characters navigate challenges together'). (scores 2, not 3 — gives a reason but lacks a specific example or scene that illustrates the theme).","all of 2 AND includes a concrete specific, such as a key scene or character action that illustrates the theme (e.g., 'In the movie, the scene where the friends reconcile after a big argument highlights the theme of forgiveness'). Vague statements like 'it shows friendship' do NOT count as concrete specifics.",Development of main characters,absent,"mentions the development of characters without further detail (e.g., 'The characters change over time').","describes how a character develops with a reason or explanation (e.g., 'The main character becomes more confident as the story progresses because of the challenges they face'). (scores 2, not 3 — explains development but lacks a specific event or dialogue that shows this change).","all of 2 AND includes a concrete specific, such as a pivotal moment or dialogue that shows character development (e.g., 'The main character's confidence is evident when they stand up to the antagonist in the final scene'). General statements like 'they grow a lot' do NOT count as concrete specifics.",Recommendation for a specific audience,absent,"recommends the book or movie to an audience without further detail (e.g., 'I recommend this movie to teenagers').","recommends to a specific audience with a reason or explanation (e.g., 'I recommend this movie to teenagers because it deals with issues they face, like peer pressure'). (scores 2, not 3 — provides a reason but lacks a specific example or scene that would appeal to the audience).","all of 2 AND includes a concrete specific, such as a scene or character that would particularly resonate with the audience (e.g., 'Teenagers would relate to the scene where the protagonist deals with peer pressure at a party'). General recommendations like 'it's good for everyone' do NOT count as concrete specifics.",Additional on-topic development,"no semantically distinct extra on-topic point, OR the 'extra' content paraphrases an idea already credited under another requirement","introduces a DISTINCT extra on-topic point — not a rephrasing or repeat of any other requirement — within the question's subject, with no further detail","introduces a distinct extra on-topic point AND develops it meaningfully (a real reason, cause, or effect — not just length)",introduces a distinct extra on-topic point AND develops it AND supports it with a concrete specific that genuinely advances the argument,auto-generated,
W-B1-4,b1,article,,50,300,"Cultural differences can significantly impact communication in the workplace.

Write an article for an international magazine about how these differences affect workplace interactions.

- Think about common cultural differences in workplace communication
- Include examples of misunderstandings from cultural differences
- Suggest strategies to improve cross-cultural communication",Common cultural differences in workplace communication,absent,"mentions cultural differences in workplace communication without further detail (e.g., 'Cultural differences affect communication at work').","names a specific cultural difference AND explains its impact on communication (e.g., 'In some cultures, direct communication is preferred, which can lead to misunderstandings with cultures that value indirect communication'). (scores 2, not 3 — explains the difference and its impact but lacks a concrete specific example).","all of 2 AND includes a concrete specific — a personal anecdote, hypothetical scenario, or real-world example (e.g., 'In my office, a colleague from Japan was uncomfortable with the direct feedback style of our American manager, which led to tension until they discussed their cultural expectations'). General statements like 'different cultures communicate differently' do NOT count as concrete specifics.",Examples of misunderstandings from cultural differences,absent,"mentions misunderstandings from cultural differences without further detail (e.g., 'Misunderstandings can happen due to cultural differences').","describes a misunderstanding AND explains how it arises from cultural differences (e.g., 'A misunderstanding can occur when a gesture that is polite in one culture is offensive in another'). (scores 2, not 3 — describes the misunderstanding and its cause but lacks a concrete specific example).","all of 2 AND includes a concrete specific — a personal anecdote, hypothetical scenario, or real-world example (e.g., 'A colleague once misinterpreted a thumbs-up gesture from a client as rude, not knowing it was a positive sign in the client's culture'). Vague examples like 'people might get confused' do NOT count as concrete specifics.",Strategies to improve cross-cultural communication,absent,"mentions strategies to improve cross-cultural communication without further detail (e.g., 'There are ways to improve cross-cultural communication').","names a specific strategy AND explains how it helps improve communication (e.g., 'Cultural sensitivity training can help employees understand and respect different communication styles'). (scores 2, not 3 — explains the strategy and its benefit but lacks a concrete specific example).","all of 2 AND includes a concrete specific — a personal anecdote, hypothetical scenario, or real-world example (e.g., 'After attending a cultural sensitivity workshop, our team was able to communicate more effectively with our international partners, leading to a successful project completion'). General statements like 'training helps' do NOT count as concrete specifics.",Additional on-topic development,"no semantically distinct extra on-topic point, OR the 'extra' content paraphrases an idea already credited under another requirement","introduces a DISTINCT extra on-topic point — not a rephrasing or repeat of any other requirement — within the question's subject, with no further detail","introduces a distinct extra on-topic point AND develops it meaningfully (a real reason, cause, or effect — not just length)",introduces a distinct extra on-topic point AND develops it AND supports it with a concrete specific that genuinely advances the argument,auto-generated,
W-B1-5,b1,essay,,50,300,"Plastic packaging is impacting our environment and communities.

Write an essay discussing how plastic packaging affects your community.

- Think about how plastic affects local wildlife
- Consider the impact of plastic on streets and waterways
- Include examples of plastic necessity and problems in daily life",How plastic affects local wildlife,absent,"mentions that plastic affects wildlife without further detail (e.g., 'Plastic harms animals').","explains how plastic affects wildlife with a reason or effect (e.g., 'Plastic can harm animals because they might ingest it, mistaking it for food'). (scores 2, not 3 — provides a reason but lacks a specific example of an animal or situation).","all of 2 AND includes a concrete specific, such as a personal observation or a hypothetical scenario (e.g., 'In our local park, ducks often get tangled in plastic rings, which can injure them'). General statements like 'many animals are affected' do NOT count as concrete specifics.",Impact of plastic on streets and waterways,absent,"mentions that plastic impacts streets or waterways without further detail (e.g., 'Plastic is a problem in our waterways').","describes how plastic impacts streets or waterways with a reason or effect (e.g., 'Plastic clogs drains, leading to flooding during heavy rains'). (scores 2, not 3 — explains the impact but lacks a specific example of a location or event).","all of 2 AND includes a concrete specific, such as a personal anecdote or a developed-generic example (e.g., 'Last year, our main street flooded because plastic bags blocked the drainage system'). Vague statements like 'plastic causes issues' do NOT count as concrete specifics.",Examples of plastic necessity and problems in daily life,absent,"mentions plastic necessity or problems in daily life without further detail (e.g., 'Plastic is necessary for daily life').","explains a necessity or problem of plastic in daily life with a reason or effect (e.g., 'Plastic is necessary for food safety because it keeps products fresh'). (scores 2, not 3 — provides a reason but lacks a specific example of a product or situation).","all of 2 AND includes a concrete specific, such as a personal observation or a hypothetical scenario (e.g., 'In my home, we use plastic containers to store leftovers, which helps reduce food waste'). General statements like 'plastic is useful' do NOT count as concrete specifics.",Additional on-topic development,"no semantically distinct extra on-topic point, OR the 'extra' content paraphrases an idea already credited under another requirement","introduces a DISTINCT extra on-topic point — not a rephrasing or repeat of any other requirement — within the question's subject, with no further detail","introduces a distinct extra on-topic point AND develops it meaningfully (a real reason, cause, or effect — not just length)",introduces a distinct extra on-topic point AND develops it AND supports it with a concrete specific that genuinely advances the argument,auto-generated,
W-B1-6,b1,report,,50,300,"Fast food restaurants are becoming more popular in many neighborhoods.

Write a report on how this trend affects people's eating habits.

- Consider the effects on family mealtimes and cooking habits
- Think about the advantages and disadvantages of fast food
- Use examples from your own experience to illustrate the impact of fast food",Effects on family mealtimes and cooking habits,absent,"mentions the impact on family mealtimes or cooking habits without further detail (e.g., 'fast food affects family dinners').","describes how fast food influences family mealtimes or cooking habits with a reason or explanation (e.g., 'families eat together less often because they rely on fast food for convenience'). (scores 2, not 3 — explains the impact but lacks a concrete specific example).","all of 2 AND includes a concrete specific, such as a personal anecdote or observation (e.g., 'in my family, we used to cook together every Sunday, but now we often order pizza instead, which has reduced our family bonding time'). General statements like 'families eat less together' do NOT count as concrete specifics.",Advantages and disadvantages of fast food,absent,"mentions an advantage or disadvantage of fast food without further detail (e.g., 'fast food is convenient').","provides a reason or explanation for an advantage or disadvantage of fast food (e.g., 'fast food is convenient because it saves time for busy people'). (scores 2, not 3 — gives a reason but lacks a concrete specific example).","all of 2 AND includes a concrete specific, such as a personal example or observation (e.g., 'my friend often buys fast food because she works late and doesn't have time to cook, but she worries about the health effects'). Vague statements like 'fast food is bad for health' do NOT count as concrete specifics.",Personal example of fast food impact,absent,"mentions a personal experience with fast food without further detail (e.g., 'I eat fast food sometimes').","describes a personal experience with fast food and its impact with a reason or explanation (e.g., 'I eat fast food because it's quick and I'm often in a hurry'). (scores 2, not 3 — describes the experience but lacks a concrete specific example).","all of 2 AND includes a concrete specific, such as a detailed personal anecdote (e.g., 'last month, I ate fast food every day during a busy work week, and I noticed I felt more tired and gained weight'). General statements like 'fast food affects my health' do NOT count as concrete specifics.",Additional on-topic development,"no semantically distinct extra on-topic point, OR the 'extra' content paraphrases an idea already credited under another requirement","introduces a DISTINCT extra on-topic point — not a rephrasing or repeat of any other requirement — within the question's subject, with no further detail","introduces a distinct extra on-topic point AND develops it meaningfully (a real reason, cause, or effect — not just length)",introduces a distinct extra on-topic point AND develops it AND supports it with a concrete specific that genuinely advances the argument,auto-generated,
W-B1-7,b1,letter/email,,50,300,"Your English friend needs advice about a disagreement with their roommate.

Write an email to your friend offering your advice on the situation.

- Include your understanding of the roommate disagreement
- Use examples from your personal experience with a similar disagreement
- Offer suggestions for resolving the disagreement",Understanding of the roommate disagreement,absent,"states there is a disagreement with no details about the nature or cause (e.g., 'There is a disagreement with my roommate').","describes the disagreement and provides a reason or cause (e.g., 'We disagree about cleaning because my roommate thinks I don't do my share'). (scores 2, not 3 — explains the disagreement but lacks a specific example or detail about the situation).","all of 2 AND includes a concrete specific, such as a particular incident or example (e.g., 'Last week, my roommate was upset because I didn't clean the kitchen after cooking, which led to a heated argument'). Vague statements like 'we argue a lot' do NOT count as concrete specifics.",Personal experience with a similar disagreement,absent,"mentions having a similar disagreement with no further detail (e.g., 'I had a similar disagreement once').","describes a similar disagreement and provides a reason or cause (e.g., 'I once disagreed with my roommate about noise levels because I needed quiet to study'). (scores 2, not 3 — provides a reason but lacks a specific incident or detail).","all of 2 AND includes a concrete specific, such as a detailed personal anecdote (e.g., 'During my exams, my roommate played loud music, which made it hard for me to concentrate, leading to a disagreement'). General statements like 'we didn't get along' do NOT count as concrete specifics.",Suggestions for resolving the disagreement,absent,"suggests resolving the disagreement with no specific method or detail (e.g., 'We should resolve the disagreement').","provides a suggestion and explains how it could help resolve the disagreement (e.g., 'We could set a cleaning schedule to ensure fairness'). (scores 2, not 3 — suggests a method but lacks a specific example or detail of implementation).","all of 2 AND includes a concrete specific, such as a detailed plan or example (e.g., 'We could create a weekly cleaning rota where each person is responsible for specific tasks, like vacuuming on Mondays and taking out the trash on Thursdays'). Vague suggestions like 'we should talk more' do NOT count as concrete specifics.",Additional on-topic development,"no semantically distinct extra on-topic point, OR the 'extra' content paraphrases an idea already credited under another requirement","introduces a DISTINCT extra on-topic point — not a rephrasing or repeat of any other requirement — within the question's subject, with no further detail","introduces a distinct extra on-topic point AND develops it meaningfully (a real reason, cause, or effect — not just length)",introduces a distinct extra on-topic point AND develops it AND supports it with a concrete specific that genuinely advances the argument,auto-generated,
W-B1-8,b1,paragraph,,50,300,"You are going away for a week and need to leave instructions for your friend who will take care of your cat.

Write a paragraph about how to care for your cat while you are away.

- Include what to feed the cat
- Mention how often to feed the cat
- Think about other important care details",What to feed the cat,absent,"states what to feed the cat without any additional detail (e.g., 'Feed the cat dry food').","names what to feed the cat AND provides a reason or explanation (e.g., 'Feed the cat dry food because it helps keep her teeth clean'). (scores 2, not 3 — provides a reason but no specific brand or type of food that anchors the feeding habit concretely.)","all of 2 AND a concrete specific — a brand or type of food (e.g., 'Feed her Purina dry food because it helps keep her teeth clean and she loves the taste'). Generic terms like 'good food' or 'healthy food' do NOT count as concrete specifics.",How often to feed the cat,absent,"states how often to feed the cat without any additional detail (e.g., 'Feed the cat twice a day').","names how often to feed the cat AND provides a reason or explanation (e.g., 'Feed the cat twice a day to maintain her energy levels'). (scores 2, not 3 — provides a reason but no specific time or routine that anchors the feeding schedule concretely.)","all of 2 AND a concrete specific — a specific time or routine (e.g., 'Feed her at 8 AM and 6 PM to maintain her energy levels and because she expects her meals at these times'). Vague phrases like 'regularly' or 'often' do NOT count as concrete specifics.",Other important care details,absent,"mentions an important care detail without any additional detail (e.g., 'Check the litter box').","mentions an important care detail AND provides a reason or explanation (e.g., 'Check the litter box daily to ensure it's clean'). (scores 2, not 3 — provides a reason but no specific action or item that anchors the care routine concretely.)","all of 2 AND a concrete specific — a specific action or item (e.g., 'Check the litter box daily and use the clumping litter from the blue bag to ensure it's clean and odor-free'). Generic statements like 'take care of her' do NOT count as concrete specifics.",Additional on-topic development,"no semantically distinct extra on-topic point, OR the 'extra' content paraphrases an idea already credited under another requirement","introduces a DISTINCT extra on-topic point — not a rephrasing or repeat of any other requirement — within the question's subject, with no further detail","introduces a distinct extra on-topic point AND develops it meaningfully (a real reason, cause, or effect — not just length)",introduces a distinct extra on-topic point AND develops it AND supports it with a concrete specific that genuinely advances the argument,auto-generated,
W-B1-9,b1,letter/email,,50,300,"Invite a friend to a movie night at your place.

Write a text message to your friend about the movie night.

- Include the time of the movie night
- Include the date of the movie night
- Provide any special instructions for the event",Include the time of the movie night,absent,"mentions the time of the movie night without any additional detail (e.g., 'The movie night is at 7 PM').","mentions the time and provides a reason or context for choosing it (e.g., 'The movie night is at 7 PM because it gives us enough time to have dinner first'). (scores 2, not 3 — provides a reason but no specific detail about the timing).","all of 2 AND includes a concrete specific that adds meaningful elaboration (e.g., 'The movie night is at 7 PM because it gives us enough time to have dinner first, and it's the perfect time to catch the sunset from my balcony before we start'). Vague statements like 'it's a good time' do NOT count as concrete specifics.",Include the date of the movie night,absent,"mentions the date of the movie night without any additional detail (e.g., 'The movie night is on Friday').","mentions the date and provides a reason or context for choosing it (e.g., 'The movie night is on Friday because it's the start of the weekend and we can relax'). (scores 2, not 3 — provides a reason but no specific detail about the date).","all of 2 AND includes a concrete specific that adds meaningful elaboration (e.g., 'The movie night is on Friday because it's the start of the weekend, and we can relax after a long week at work, plus it's the day my new projector arrives'). Generic statements like 'it's a convenient day' do NOT count as concrete specifics.",Provide any special instructions for the event,absent,"mentions special instructions without any additional detail (e.g., 'Bring snacks').","mentions special instructions and provides a reason or context (e.g., 'Bring snacks because we'll have a variety of movies to watch'). (scores 2, not 3 — provides a reason but no specific detail about the instructions).","all of 2 AND includes a concrete specific that adds meaningful elaboration (e.g., 'Bring snacks because we'll have a variety of movies to watch, and I'll be making my famous popcorn with caramel drizzle'). Vague instructions like 'come prepared' do NOT count as concrete specifics.",Additional on-topic development,"no semantically distinct extra on-topic point, OR the 'extra' content paraphrases an idea already credited under another requirement","introduces a DISTINCT extra on-topic point — not a rephrasing or repeat of any other requirement — within the question's subject, with no further detail","introduces a distinct extra on-topic point AND develops it meaningfully (a real reason, cause, or effect — not just length)",introduces a distinct extra on-topic point AND develops it AND supports it with a concrete specific that genuinely advances the argument,auto-generated,
W-B1-10,b1,paragraph,,50,300,"Share your experience of a recent trip you took.

Write a paragraph about your trip and what made it memorable.

- Describe the destination of your trip
- Include what you enjoyed the most about the trip
- Use a personal experience or anecdote from the trip",Description of the trip destination,absent,"mentions the trip destination without any additional detail (e.g., 'I went to Paris').","describes the trip destination with a reason or characteristic (e.g., 'I went to Paris because it is famous for its art and culture'). (scores 2, not 3 — provides a reason but lacks a specific detail about the destination).","all of 2 AND includes a concrete specific about the destination (e.g., 'I went to Paris because it is famous for its art and culture, especially the Louvre Museum, which houses the Mona Lisa'). Generic descriptions like 'a beautiful city' do NOT count as concrete specifics.",What you enjoyed the most about the trip,absent,"states what was enjoyed without further detail (e.g., 'I enjoyed the food').","explains what was enjoyed with a reason or effect (e.g., 'I enjoyed the food because it was different from what I usually eat'). (scores 2, not 3 — provides a reason but lacks a specific example of the food).","all of 2 AND includes a concrete specific that elaborates on the enjoyment (e.g., 'I enjoyed the food because it was different from what I usually eat, especially the fresh croissants from a local bakery every morning'). Vague statements like 'the food was delicious' do NOT count as concrete specifics.",Personal experience or anecdote from the trip,absent,"mentions a personal experience or anecdote without detail (e.g., 'I had a great time').","describes a personal experience or anecdote with a reason or outcome (e.g., 'I had a great time because I met new people'). (scores 2, not 3 — provides a reason but lacks a specific detail about the experience).","all of 2 AND includes a concrete specific that adds depth to the anecdote (e.g., 'I had a great time because I met new people, like a local artist who showed me around the hidden galleries of the city'). General statements like 'it was fun' do NOT count as concrete specifics.",Additional on-topic development,"no semantically distinct extra on-topic point, OR the 'extra' content paraphrases an idea already credited under another requirement","introduces a DISTINCT extra on-topic point — not a rephrasing or repeat of any other requirement — within the question's subject, with no further detail","introduces a distinct extra on-topic point AND develops it meaningfully (a real reason, cause, or effect — not just length)",introduces a distinct extra on-topic point AND develops it AND supports it with a concrete specific that genuinely advances the argument,auto-generated,
W-B1-11,b1,letter/email,,50,300,"You need to inform a friend about being late to a meeting.

Write a text message to your friend explaining the situation.

- Include how late you will be
- Mention the reason for the delay
- Add an apology for being late",How late you will be,absent,"states they will be late without specifying the duration (e.g., 'I will be late').","mentions a specific duration of the delay (e.g., 'I will be 15 minutes late because of traffic'). (scores 2, not 3 — provides a duration and reason, but no concrete specific about the situation causing the delay.)","all of 2 AND a concrete specific about the delay (e.g., 'I will be 15 minutes late because there was an accident on the highway, and traffic is backed up for miles'). Vague statements like 'a bit late' do NOT count as concrete specifics.",Reason for the delay,absent,"states there is a reason for the delay without specifying it (e.g., 'I am delayed').","provides a general reason for the delay (e.g., 'I am delayed because my train was late'). (scores 2, not 3 — gives a reason but lacks a concrete specific about the train or situation.)","all of 2 AND a concrete specific about the reason (e.g., 'I am delayed because my train was late due to a signal failure at the main station'). Generic reasons like 'transport issues' do NOT count as concrete specifics.",Apology for being late,absent,"offers a basic apology without further detail (e.g., 'Sorry for being late').","apologizes and provides a reason for the lateness (e.g., 'I'm sorry for being late, I got stuck in traffic'). (scores 2, not 3 — includes an apology and reason, but no concrete specific about the traffic or situation.)","all of 2 AND a concrete specific that elaborates on the apology (e.g., 'I'm really sorry for being late, I got stuck in traffic because there was a parade blocking the main road'). Simple apologies without elaboration do NOT count as concrete specifics.",Additional on-topic development,"no semantically distinct extra on-topic point, OR the 'extra' content paraphrases an idea already credited under another requirement","introduces a DISTINCT extra on-topic point — not a rephrasing or repeat of any other requirement — within the question's subject, with no further detail","introduces a distinct extra on-topic point AND develops it meaningfully (a real reason, cause, or effect — not just length)",introduces a distinct extra on-topic point AND develops it AND supports it with a concrete specific that genuinely advances the argument,auto-generated,
W-B1-12,b1,paragraph,,50,300,"Reflect on your day at school or work.

Write a paragraph about your experiences today.

- Describe one activity you did today
- Explain how you felt about the activity
- Mention a specific detail about your day",Describe one activity you did today,absent,"states an activity they did today without any additional detail (e.g., 'I went jogging').","names an activity AND provides a reason or context for doing it (e.g., 'I went jogging to clear my mind after a busy day'). (scores 2, not 3 — provides a reason but lacks a specific detail about the jogging experience).","all of 2 AND includes a concrete specific that adds meaningful elaboration (e.g., 'I went jogging in the park and enjoyed the fresh air and the sound of birds, which helped me relax'). Generic statements like 'it was nice' do NOT count as concrete specifics.",Explain how you felt about the activity,absent,"mentions a feeling about the activity without further explanation (e.g., 'I felt happy').","describes a feeling AND provides a reason or context for that feeling (e.g., 'I felt happy because jogging helped me release stress'). (scores 2, not 3 — explains the feeling but lacks a specific detail that illustrates the feeling).","all of 2 AND includes a concrete specific that materially develops the feeling (e.g., 'I felt happy because jogging in the park reminded me of my childhood when I used to play there with friends'). Vague feelings like 'it was good' do NOT count as concrete specifics.",Mention a specific detail about your day,absent,"mentions a detail about their day without any additional context (e.g., 'I had a sandwich for lunch').","mentions a specific detail AND provides context or reason for its significance (e.g., 'I had a sandwich for lunch because I was in a hurry and needed something quick'). (scores 2, not 3 — provides context but lacks a vivid detail that enhances the narrative).","all of 2 AND includes a concrete specific that materially advances the narrative (e.g., 'I had a sandwich for lunch at the new café near my office, and the fresh ingredients reminded me of homemade meals'). Generic details like 'it was tasty' do NOT count as concrete specifics.",Additional on-topic development,"no semantically distinct extra on-topic point, OR the 'extra' content paraphrases an idea already credited under another requirement","introduces a DISTINCT extra on-topic point — not a rephrasing or repeat of any other requirement — within the question's subject, with no further detail","introduces a distinct extra on-topic point AND develops it meaningfully (a real reason, cause, or effect — not just length)",introduces a distinct extra on-topic point AND develops it AND supports it with a concrete specific that genuinely advances the argument,auto-generated,
W-B1-13,b1,paragraph,,50,300,"Recommend a book you recently read on an online forum.

Write a paragraph about why you liked the book and why others should read it.

- Include the name of the book and its author
- Explain why you liked the book
- Give reasons why others should read the book",Name the book and author,absent,"states the book title or author in a complete sentence without further detail (e.g., 'I recently read The Great Gatsby').","names the book and author AND provides a reason for choosing it (e.g., 'I recently read The Great Gatsby by F. Scott Fitzgerald because it is a classic novel'). (scores 2, not 3 — provides a reason but no specific detail about the book or author).","all of 2 AND includes a concrete specific about the book or author that materially advances the recommendation (e.g., 'I recently read The Great Gatsby by F. Scott Fitzgerald, a novel that captures the essence of the Jazz Age through its vivid portrayal of 1920s America'). Generic statements like 'it's a good book' do NOT count as concrete specifics.",Explain why you liked the book,absent,"states a liking for the book without any reason or detail (e.g., 'I liked the book').","provides a reason for liking the book with some explanation (e.g., 'I liked the book because it has an engaging plot'). (scores 2, not 3 — gives a reason but lacks a specific example or detail that illustrates the point).","all of 2 AND includes a concrete specific that illustrates why the book was liked (e.g., 'I liked the book because it has an engaging plot, especially the twist at the end where the protagonist's true identity is revealed'). Vague statements like 'it's interesting' do NOT count as concrete specifics.",Reasons others should read the book,absent,"suggests others should read the book without providing a reason (e.g., 'Others should read this book').","provides a reason why others should read the book (e.g., 'Others should read this book because it offers a unique perspective on friendship'). (scores 2, not 3 — gives a reason but lacks a specific example or detail that supports the recommendation).","all of 2 AND includes a concrete specific that supports the recommendation (e.g., 'Others should read this book because it offers a unique perspective on friendship, as shown through the relationship between the main characters who overcome numerous challenges together'). General statements like 'it's a must-read' do NOT count as concrete specifics.",Additional on-topic development,"no semantically distinct extra on-topic point, OR the 'extra' content paraphrases an idea already credited under another requirement","introduces a DISTINCT extra on-topic point — not a rephrasing or repeat of any other requirement — within the question's subject, with no further detail","introduces a distinct extra on-topic point AND develops it meaningfully (a real reason, cause, or effect — not just length)",introduces a distinct extra on-topic point AND develops it AND supports it with a concrete specific that genuinely advances the argument,auto-generated,
W-B1-14,b1,paragraph,,50,300,"Everyone has a favorite place they love to visit.

Write a paragraph about your favorite place.

- Describe your favorite place
- Explain why you like this place
- Mention activities you can do there",Description of your favourite place,absent,"states their favourite place with no further detail (e.g., 'My favourite place is the beach').","describes the place with a reason or characteristic (e.g., 'My favourite place is the beach because it is peaceful'). (scores 2, not 3 — provides a reason but no specific detail about the beach).","all of 2 AND a concrete specific — a vivid detail or personal experience (e.g., 'My favourite place is the beach because it is peaceful, especially when I walk along the shore at sunset'). Generic descriptions like 'a beautiful place' do NOT count as concrete specifics.",Reasons why you like this place,absent,"mentions a reason for liking the place without elaboration (e.g., 'I like the park').","provides a reason with some explanation (e.g., 'I like the park because it is relaxing and I can unwind there'). (scores 2, not 3 — gives a reason but lacks a specific example or detail).","all of 2 AND a concrete specific — a personal anecdote or vivid example (e.g., 'I like the park because it is relaxing, especially when I sit under the old oak tree and read a book'). Vague reasons like 'it is nice' do NOT count as concrete specifics.",Activities you can do there,absent,"names an activity without further detail (e.g., 'You can swim at the lake').","describes an activity with a reason or benefit (e.g., 'You can swim at the lake, which is refreshing on hot days'). (scores 2, not 3 — describes the activity but lacks a specific detail or example).","all of 2 AND a concrete specific — a detailed example or personal experience (e.g., 'You can swim at the lake, which is refreshing on hot days, especially when the water is crystal clear and you can see the fish swimming around'). Generic activities like 'having fun' do NOT count as concrete specifics.",Additional on-topic development,"no semantically distinct extra on-topic point, OR the 'extra' content paraphrases an idea already credited under another requirement","introduces a DISTINCT extra on-topic point — not a rephrasing or repeat of any other requirement — within the question's subject, with no further detail","introduces a distinct extra on-topic point AND develops it meaningfully (a real reason, cause, or effect — not just length)",introduces a distinct extra on-topic point AND develops it AND supports it with a concrete specific that genuinely advances the argument,auto-generated,
W-B1-15,b1,paragraph,,50,300,"Games can be a fun way to spend time with friends and family.

Write a paragraph about how to play your favorite game.

- Include the basic rules of the game
- Describe the steps to play the game
- Explain how to win the game",Basic rules of the game,absent,"mentions the existence of rules without specifying any (e.g., 'There are rules to follow in the game').","names a specific rule and explains its purpose or effect (e.g., 'In chess, each piece moves differently to create strategic play'). (scores 2, not 3 — explains a rule but lacks a concrete example of its application).","all of 2 AND provides a concrete specific example of the rule in action (e.g., 'In chess, the knight moves in an L-shape, which allows it to jump over other pieces, creating unique strategic opportunities'). Vague descriptions like 'pieces move differently' do NOT count as concrete specifics.",Steps to play the game,absent,"mentions that there are steps to play the game without detailing them (e.g., 'There are steps to follow to play the game').","describes a sequence of steps with a reason or outcome for each (e.g., 'First, shuffle the cards to ensure randomness, then deal them to each player'). (scores 2, not 3 — describes steps but lacks a concrete example of a specific step in action).","all of 2 AND includes a concrete specific example of a step in action (e.g., 'After shuffling, deal five cards to each player, which sets up the initial hand for strategic decision-making'). General statements like 'deal the cards' do NOT count as concrete specifics.",How to win the game,absent,"mentions that there is a way to win the game without specifying how (e.g., 'There is a way to win the game').","explains a strategy or condition for winning with a reason (e.g., 'In Monopoly, you win by bankrupting all other players, which requires strategic property acquisition'). (scores 2, not 3 — explains a winning condition but lacks a concrete example of a strategy in action).","all of 2 AND provides a concrete specific example of a winning strategy in action (e.g., 'In Monopoly, buying properties of the same color group allows you to build houses and hotels, increasing rent and bankrupting opponents'). Vague strategies like 'play smart' do NOT count as concrete specifics.",Additional on-topic development,"no semantically distinct extra on-topic point, OR the 'extra' content paraphrases an idea already credited under another requirement","introduces a DISTINCT extra on-topic point — not a rephrasing or repeat of any other requirement — within the question's subject, with no further detail","introduces a distinct extra on-topic point AND develops it meaningfully (a real reason, cause, or effect — not just length)",introduces a distinct extra on-topic point AND develops it AND supports it with a concrete specific that genuinely advances the argument,auto-generated,
W-B1-16,b1,summary,,50,300,"The Scottish Highlands are known for their natural beauty and cultural history.

Read the text below and summarise the key aspects of the Scottish Highlands.

- Think about the key features of the Scottish Highlands
- Consider the historical events that took place in the Highlands
- Include the impact of tourism on the Highlands",Key features of the Scottish Highlands,absent,"mentions a key feature of the Scottish Highlands without further detail (e.g., 'The Highlands have mountains').","mentions a key feature AND provides a reason or explanation (e.g., 'The Highlands have mountains, which attract hikers because of their challenging terrain'). (scores 2, not 3 — provides a reason but lacks a specific example of a mountain or hiking experience).","all of 2 AND includes a concrete specific, such as a named mountain or a personal hiking experience (e.g., 'Ben Nevis, the tallest mountain in the UK, attracts hikers from around the world for its challenging trails'). Generic descriptions like 'beautiful mountains' do NOT count as concrete specifics.",Historical events in the Highlands,absent,"mentions a historical event in the Highlands without further detail (e.g., 'There were battles in the Highlands').","mentions a historical event AND provides a reason or explanation (e.g., 'The Jacobite uprisings were significant because they challenged the British government'). (scores 2, not 3 — provides a reason but lacks a specific event or detail about the uprisings).","all of 2 AND includes a concrete specific, such as a particular battle or a vivid hypothetical scenario (e.g., 'The Battle of Culloden in 1746 was a decisive moment in the Jacobite uprisings, leading to the end of the rebellion'). Vague references like 'many battles' do NOT count as concrete specifics.",Tourism's impact on the Highlands,absent,"mentions tourism's impact on the Highlands without further detail (e.g., 'Tourism affects the Highlands').","mentions tourism's impact AND provides a reason or explanation (e.g., 'Tourism boosts the local economy by bringing in revenue'). (scores 2, not 3 — provides a reason but lacks a specific example of economic impact or tourist activity).","all of 2 AND includes a concrete specific, such as a type of tourist activity or a personal observation (e.g., 'Tourism boosts the local economy by creating jobs in hotels and restaurants, such as the popular Highland Games events that attract thousands of visitors each year'). Generic statements like 'many tourists visit' do NOT count as concrete specifics.",Additional on-topic development,"no semantically distinct extra on-topic point, OR the 'extra' content paraphrases an idea already credited under another requirement","introduces a DISTINCT extra on-topic point — not a rephrasing or repeat of any other requirement — within the question's subject, with no further detail","introduces a distinct extra on-topic point AND develops it meaningfully (a real reason, cause, or effect — not just length)",introduces a distinct extra on-topic point AND develops it AND supports it with a concrete specific that genuinely advances the argument,auto-generated,
W-B1-17,b1,summary,,50,300,"When choosing a new mobile phone, comparing features is essential.

Read the text below and summarise the comparison between two mobile phones.

- Consider the comparison of battery life between the phones
- Think about the differences in screen size and quality
- Include the price and weight comparison of the phones",Comparison of battery life between phones,absent,"mentions battery life comparison without further detail (e.g., 'The phones have different battery lives').","compares battery life with a reason or effect (e.g., 'The TechPhone X2 lasts longer, which is better for heavy users'). (scores 2, not 3 — provides a reason but no specific example of usage or scenario).","all of 2 AND includes a concrete specific, such as a personal or hypothetical scenario (e.g., 'The TechPhone X2 lasts 48 hours, ideal for travelers who can't charge often, unlike the Galaxy Lite 12 which lasts 36 hours'). Vague statements like 'one is better' do NOT count as concrete specifics.",Differences in screen size and quality,absent,"mentions differences in screen size or quality without further detail (e.g., 'The screens are different sizes').","describes differences in screen size or quality with a reason or effect (e.g., 'The TechPhone X2 has a larger screen, which is better for watching videos'). (scores 2, not 3 — provides a reason but no specific example of content or usage).","all of 2 AND includes a concrete specific, such as a personal or hypothetical scenario (e.g., 'The TechPhone X2's 6.5-inch screen is perfect for watching movies on long flights, while the Galaxy Lite 12's 6.1-inch screen is more compact for easy handling'). General statements like 'one is clearer' do NOT count as concrete specifics.",Price and weight comparison of phones,absent,"mentions price or weight comparison without further detail (e.g., 'The phones have different prices').","compares price or weight with a reason or effect (e.g., 'The Galaxy Lite 12 is cheaper, making it more accessible for budget-conscious buyers'). (scores 2, not 3 — provides a reason but no specific example of budget or carrying scenario).","all of 2 AND includes a concrete specific, such as a personal or hypothetical scenario (e.g., 'The Galaxy Lite 12 is lighter and more affordable, ideal for students who need a portable device without breaking the bank'). Vague statements like 'one is more expensive' do NOT count as concrete specifics.",Additional on-topic development,"no semantically distinct extra on-topic point, OR the 'extra' content paraphrases an idea already credited under another requirement","introduces a DISTINCT extra on-topic point — not a rephrasing or repeat of any other requirement — within the question's subject, with no further detail","introduces a distinct extra on-topic point AND develops it meaningfully (a real reason, cause, or effect — not just length)",introduces a distinct extra on-topic point AND develops it AND supports it with a concrete specific that genuinely advances the argument,auto-generated,
W-B1-18,b1,article,,50,300,"Think about a movie you have seen recently.

Write an article for an English website reviewing this movie.

- Include the type of movie and its genre
- Provide a brief plot summary with key events
- Mention what you liked or didn't like about the movie",Type of movie and its genre,absent,"mentions the type of movie or its genre without further detail (e.g., 'It's a comedy').","names the type of movie or genre AND provides a reason or characteristic (e.g., 'It's a comedy because it has many humorous scenes'). (scores 2, not 3 — provides a reason but no specific example of a scene or character that illustrates the genre).","all of 2 AND includes a concrete specific, such as a particular scene, character, or dialogue that exemplifies the genre (e.g., 'It's a comedy, especially in the scene where the main character slips on a banana peel, which had the whole audience laughing'). General statements like 'it's funny' do NOT count as concrete specifics.",Brief plot summary with key events,absent,"provides a basic plot summary without key events (e.g., 'The movie is about a hero').","summarizes the plot AND includes a key event or turning point (e.g., 'The movie is about a hero who saves the city from a villain'). (scores 2, not 3 — mentions a key event but lacks a specific detail about the event).","all of 2 AND includes a concrete specific, such as a detailed description of a key event or character action (e.g., 'The hero saves the city by defusing a bomb in the final scene, which was tense and thrilling'). Vague descriptions like 'something exciting happens' do NOT count as concrete specifics.",What you liked or didn't like about the movie,absent,"states a like or dislike without explanation (e.g., 'I liked the movie').","expresses a like or dislike AND provides a reason (e.g., 'I liked the movie because the acting was good'). (scores 2, not 3 — gives a reason but lacks a specific example of acting or scene).","all of 2 AND includes a concrete specific, such as a particular scene, actor's performance, or dialogue that illustrates the like or dislike (e.g., 'I liked the movie because the lead actor's performance in the courtroom scene was convincing and emotional'). General statements like 'it was interesting' do NOT count as concrete specifics.",Additional on-topic development,"no semantically distinct extra on-topic point, OR the 'extra' content paraphrases an idea already credited under another requirement","introduces a DISTINCT extra on-topic point — not a rephrasing or repeat of any other requirement — within the question's subject, with no further detail","introduces a distinct extra on-topic point AND develops it meaningfully (a real reason, cause, or effect — not just length)",introduces a distinct extra on-topic point AND develops it AND supports it with a concrete specific that genuinely advances the argument,auto-generated,
W-B1-19,b1,summary,,50,300,"The Industrial Revolution was a period of significant change in Europe and North America.

Read the text below and summarise the key aspects of the Industrial Revolution.

- Think about key inventions during the Industrial Revolution
- Consider the impact of the Industrial Revolution on urbanization
- Include the challenges faced by workers during the Industrial Revolution",Key inventions during the Industrial Revolution,absent,"mentions an invention from the Industrial Revolution without further detail (e.g., 'The steam engine was invented').","names an invention and provides a reason or effect it had during the Industrial Revolution (e.g., 'The steam engine revolutionized transportation by allowing trains to move goods faster'). (scores 2, not 3 — provides a reason but lacks a specific example of its impact).","all of 2 AND includes a concrete specific that materially develops the point (e.g., 'The steam engine, invented by James Watt, enabled factories to operate more efficiently, leading to increased production and the growth of cities like Manchester'). Vague statements like 'it changed everything' do NOT count as concrete specifics.",Impact of the Industrial Revolution on urbanization,absent,"mentions that the Industrial Revolution affected urbanization without further detail (e.g., 'The Industrial Revolution led to urbanization').","states how the Industrial Revolution impacted urbanization with a reason or effect (e.g., 'The Industrial Revolution caused people to move to cities for factory jobs'). (scores 2, not 3 — explains the movement but lacks a specific example of urban growth).","all of 2 AND includes a concrete specific that materially develops the point (e.g., 'The Industrial Revolution led to rapid urbanization, with cities like London doubling in size as people moved there for work in new factories'). General statements like 'cities grew a lot' do NOT count as concrete specifics.",Challenges faced by workers during the Industrial Revolution,absent,"mentions a challenge faced by workers during the Industrial Revolution without further detail (e.g., 'Workers had long hours').","describes a challenge faced by workers and provides a reason or effect (e.g., 'Workers faced long hours and poor conditions, which led to health problems'). (scores 2, not 3 — describes the issue but lacks a specific example of its impact on workers).","all of 2 AND includes a concrete specific that materially develops the point (e.g., 'Workers, including children, often worked 14-hour days in textile factories, leading to widespread health issues and the eventual push for labor reforms'). Vague phrases like 'it was hard for them' do NOT count as concrete specifics.",Additional on-topic development,"no semantically distinct extra on-topic point, OR the 'extra' content paraphrases an idea already credited under another requirement","introduces a DISTINCT extra on-topic point — not a rephrasing or repeat of any other requirement — within the question's subject, with no further detail","introduces a distinct extra on-topic point AND develops it meaningfully (a real reason, cause, or effect — not just length)",introduces a distinct extra on-topic point AND develops it AND supports it with a concrete specific that genuinely advances the argument,auto-generated,
W-B1-20,b1,letter/email,,50,300,"Share your recent vacation experience with a friend.

Write an email to your friend about your vacation.

- Include where you went on vacation
- Describe the activities you did during vacation
- Share how you felt about the vacation",Where you went on vacation,absent,"states the vacation destination with no additional detail (e.g., 'I went to Spain').","names the vacation destination AND provides a reason or context for choosing it (e.g., 'I went to Spain because I wanted to experience the culture'). (scores 2, not 3 — provides a reason but no specific detail about the place or experience.)","all of 2 AND includes a concrete specific about the destination that materially develops the point (e.g., 'I went to Spain because I wanted to experience the culture, especially the vibrant festivals in Seville'). Generic descriptions like 'a beautiful place' do NOT count as concrete specifics.",Activities you did during vacation,absent,"mentions an activity done during vacation with no further detail (e.g., 'I went hiking').","mentions an activity AND provides a reason or context for doing it (e.g., 'I went hiking to enjoy the natural scenery'). (scores 2, not 3 — provides a reason but lacks a specific detail about the activity or location.)","all of 2 AND includes a concrete specific about the activity that materially develops the point (e.g., 'I went hiking to enjoy the natural scenery, especially the breathtaking views from the top of Mount Teide'). Vague descriptions like 'a fun activity' do NOT count as concrete specifics.",How you felt about the vacation,absent,"states a feeling about the vacation with no further detail (e.g., 'I felt happy').","states a feeling AND provides a reason or context for that feeling (e.g., 'I felt happy because I could relax and forget about work'). (scores 2, not 3 — provides a reason but lacks a specific detail that illustrates the feeling.)","all of 2 AND includes a concrete specific that materially develops the feeling (e.g., 'I felt happy because I could relax and forget about work, especially during the peaceful afternoons spent reading by the beach'). General statements like 'it was a great time' do NOT count as concrete specifics.",Additional on-topic development,"no semantically distinct extra on-topic point, OR the 'extra' content paraphrases an idea already credited under another requirement","introduces a DISTINCT extra on-topic point — not a rephrasing or repeat of any other requirement — within the question's subject, with no further detail","introduces a distinct extra on-topic point AND develops it meaningfully (a real reason, cause, or effect — not just length)",introduces a distinct extra on-topic point AND develops it AND supports it with a concrete specific that genuinely advances the argument,auto-generated,
W-B1-21,b1,paragraph,,50,300,"Recycling is an important issue in many cities.

Write a paragraph about recycling in your city.

- Think about the current recycling situation in your city
- Consider the problems with recycling in your city
- Include your suggestions for improving recycling",Current recycling situation in your city,absent,"mentions the recycling situation in the city without further detail (e.g., 'Recycling is available in my city').","describes the recycling situation with a reason or explanation (e.g., 'Recycling is available in my city because the local government has set up collection points'). (scores 2, not 3 — provides a reason but no specific example of how it works in practice).","all of 2 AND includes a concrete specific, such as a personal observation or a specific program (e.g., 'Recycling is available in my city because the local government has set up collection points, like the one near my school where we can drop off plastics and paper'). Vague statements like 'there are many places to recycle' do NOT count.",Problems with recycling in your city,absent,"mentions problems with recycling without further detail (e.g., 'There are problems with recycling in my city').","describes a problem with recycling and provides a reason or explanation (e.g., 'There are problems with recycling in my city because many people do not separate their waste properly'). (scores 2, not 3 — explains the issue but lacks a specific example or scenario).","all of 2 AND includes a concrete specific, such as a personal anecdote or a hypothetical scenario (e.g., 'There are problems with recycling in my city because many people do not separate their waste properly, like my neighbor who often mixes plastics with food waste, making it hard to recycle'). General statements like 'people don't recycle enough' do NOT count.",Your suggestions for improving recycling,absent,"mentions a suggestion for improving recycling without further detail (e.g., 'We should improve recycling').","provides a suggestion with a reason or explanation (e.g., 'We should improve recycling by educating people because many are unaware of how to recycle properly'). (scores 2, not 3 — gives a reason but lacks a specific example of implementation).","all of 2 AND includes a concrete specific, such as a personal plan or a hypothetical example (e.g., 'We should improve recycling by educating people, like organizing workshops in schools where students can learn how to separate waste correctly'). Vague suggestions like 'make it better' do NOT count.",Additional on-topic development,"no semantically distinct extra on-topic point, OR the 'extra' content paraphrases an idea already credited under another requirement","introduces a DISTINCT extra on-topic point — not a rephrasing or repeat of any other requirement — within the question's subject, with no further detail","introduces a distinct extra on-topic point AND develops it meaningfully (a real reason, cause, or effect — not just length)",introduces a distinct extra on-topic point AND develops it AND supports it with a concrete specific that genuinely advances the argument,auto-generated,
W-B1-22,b1,article,,50,300,"Staying healthy is important for everyone.

Write an article for your English class website about how to maintain good health.

- Include why exercise is important for health
- Think about healthy eating tips for daily life
- Consider ways to manage stress effectively",Why exercise is important for health,absent,"states that exercise is important for health without providing a reason or example (e.g., 'Exercise is important for health').","mentions exercise's importance and provides a reason or effect (e.g., 'Exercise is important for health because it improves cardiovascular fitness'). (scores 2, not 3 — provides a reason but lacks a concrete specific like a personal story or detailed example).","all of 2 AND includes a concrete specific that materially develops the point (e.g., 'Exercise is important for health because it improves cardiovascular fitness; for instance, my uncle started jogging daily and lowered his blood pressure significantly'). Generic statements like 'it makes you feel better' do NOT count as concrete specifics.",Healthy eating tips for daily life,absent,"mentions healthy eating tips without further detail (e.g., 'Eating healthy is important').","provides a healthy eating tip and a reason or effect (e.g., 'Eating more vegetables can improve your digestion'). (scores 2, not 3 — gives a reason but lacks a concrete specific like a personal anecdote or detailed example).","all of 2 AND includes a concrete specific that materially develops the point (e.g., 'Eating more vegetables can improve your digestion; for example, adding a salad to your lunch every day can help you feel more energetic and focused'). Vague phrases like 'eat better' do NOT count as concrete specifics.",Ways to manage stress effectively,absent,"mentions stress management without further detail (e.g., 'Managing stress is important').","provides a way to manage stress and a reason or effect (e.g., 'Meditation can help reduce stress because it calms the mind'). (scores 2, not 3 — provides a reason but lacks a concrete specific like a personal story or detailed example).","all of 2 AND includes a concrete specific that materially develops the point (e.g., 'Meditation can help reduce stress because it calms the mind; for instance, I started meditating for 10 minutes each morning and noticed a significant decrease in my anxiety levels'). General statements like 'it helps you relax' do NOT count as concrete specifics.",Additional on-topic development,"no semantically distinct extra on-topic point, OR the 'extra' content paraphrases an idea already credited under another requirement","introduces a DISTINCT extra on-topic point — not a rephrasing or repeat of any other requirement — within the question's subject, with no further detail","introduces a distinct extra on-topic point AND develops it meaningfully (a real reason, cause, or effect — not just length)",introduces a distinct extra on-topic point AND develops it AND supports it with a concrete specific that genuinely advances the argument,auto-generated,
W-B1-23,b1,article,,50,300,"Think about a place you visited recently.

Write an article for a blog about your visit.

- Include where you went and why
- Describe the activities you did there
- Mention what impressed you most about the place",Where you went and why,absent,"states the place visited with no reason or further detail (e.g., 'I went to Paris').","names the place visited AND provides a reason for visiting (e.g., 'I went to Paris because I wanted to see the Eiffel Tower'). (scores 2, not 3 — provides a reason but no specific detail about the visit).","all of 2 AND includes a concrete specific about the visit that materially develops the reason (e.g., 'I went to Paris because I wanted to see the Eiffel Tower, and standing beneath it at night with all the lights sparkling was unforgettable'). Generic descriptions like 'a beautiful city' do NOT count as concrete specifics.",Activities you did there,absent,"mentions an activity done at the place with no further detail (e.g., 'I visited museums').","names an activity AND provides a reason or context for doing it (e.g., 'I visited museums to learn more about the local history'). (scores 2, not 3 — provides a reason but lacks a specific detail about the activity).","all of 2 AND includes a concrete specific that materially develops the activity (e.g., 'I visited the Louvre to see the Mona Lisa, and the experience of seeing such a famous painting in person was incredible'). Vague statements like 'I did interesting things' do NOT count as concrete specifics.",What impressed you most about the place,absent,"states what was impressive with no further detail (e.g., 'The architecture impressed me').","names what was impressive AND provides a reason or explanation (e.g., 'The architecture impressed me because of its intricate designs'). (scores 2, not 3 — provides a reason but lacks a specific detail about what was impressive).","all of 2 AND includes a concrete specific that materially develops what was impressive (e.g., 'The architecture impressed me because of its intricate designs, especially the Gothic spires of Notre-Dame Cathedral, which were breathtaking'). General statements like 'it was amazing' do NOT count as concrete specifics.",Additional on-topic development,"no semantically distinct extra on-topic point, OR the 'extra' content paraphrases an idea already credited under another requirement","introduces a DISTINCT extra on-topic point — not a rephrasing or repeat of any other requirement — within the question's subject, with no further detail","introduces a distinct extra on-topic point AND develops it meaningfully (a real reason, cause, or effect — not just length)",introduces a distinct extra on-topic point AND develops it AND supports it with a concrete specific that genuinely advances the argument,auto-generated,
W-B1-24,b1,letter/email,,50,300,"You have experienced a delay in the delivery of an order from an online store.

Write an email to the store about the delayed delivery.

- Include the order details and delivery date
- Describe the delivery problem
- Explain the impact of the delay on your situation",Order details and delivery date,absent,"mentions the order or delivery date without further detail (e.g., 'I ordered a product').","provides the order details or delivery date with a reason or context (e.g., 'I ordered a laptop on the 5th of March because I needed it for work'). (scores 2, not 3 — provides a date and reason, but no specific product or situation).","all of 2 AND includes a concrete specific such as the product name or a specific situation (e.g., 'I ordered a Dell Inspiron laptop on the 5th of March because my old one broke, and I needed it for a presentation on the 10th'). Generic statements like 'I ordered something' do NOT count as concrete specifics.",Description of the delivery problem,absent,"mentions a delivery problem without further detail (e.g., 'There was a problem with my delivery').","describes the delivery problem with a reason or context (e.g., 'The package was delayed because of a shipping error'). (scores 2, not 3 — describes the problem and reason, but lacks a specific incident or detail).","all of 2 AND includes a concrete specific such as a specific incident or detail (e.g., 'The package was delayed because it was sent to the wrong address, and I had to contact customer service to redirect it'). Vague descriptions like 'it was late' do NOT count as concrete specifics.",Impact of delay on your situation,absent,"mentions the impact of the delay without further detail (e.g., 'The delay affected me').","describes the impact of the delay with a reason or context (e.g., 'The delay caused inconvenience because I needed the item for a project'). (scores 2, not 3 — describes the impact and reason, but lacks a specific consequence or detail).","all of 2 AND includes a concrete specific such as a specific consequence or detail (e.g., 'The delay caused inconvenience because I needed the laptop for a project presentation, and I had to borrow one from a colleague, which was less efficient'). General statements like 'it was a problem' do NOT count as concrete specifics.",Additional on-topic development,"no semantically distinct extra on-topic point, OR the 'extra' content paraphrases an idea already credited under another requirement","introduces a DISTINCT extra on-topic point — not a rephrasing or repeat of any other requirement — within the question's subject, with no further detail","introduces a distinct extra on-topic point AND develops it meaningfully (a real reason, cause, or effect — not just length)",introduces a distinct extra on-topic point AND develops it AND supports it with a concrete specific that genuinely advances the argument,auto-generated,
W-B1-25,b1,report,,50,300,"Your school's study facilities play an important role in student success.

Write a report on the current state of your school's study facilities.

- Describe the current situation of the study facilities
- Highlight the positive points of the study facilities
- Discuss the problems and suggest improvements",Current situation of study facilities,absent,"mentions the current state of study facilities without further detail (e.g., 'The study facilities are available').","describes the current state AND provides a reason or explanation (e.g., 'The study facilities are available but often overcrowded, which makes it hard to find a seat'). (scores 2, not 3 — lacks a specific example of overcrowding or its impact).","all of 2 AND includes a concrete specific, such as a personal observation or example (e.g., 'The study facilities are available but often overcrowded, especially during exam periods when students have to wait for hours to find a seat'). Vague statements like 'it's busy sometimes' do NOT count as concrete specifics.",Positive points of study facilities,absent,"mentions a positive aspect of the study facilities without further detail (e.g., 'The study facilities are well-equipped').","mentions a positive aspect AND provides a reason or explanation (e.g., 'The study facilities are well-equipped, which helps students access a wide range of resources'). (scores 2, not 3 — lacks a specific example of resources or their impact).","all of 2 AND includes a concrete specific, such as a personal experience or example (e.g., 'The study facilities are well-equipped, with modern computers and a vast library, which helps students access a wide range of resources for their research projects'). General statements like 'they have good resources' do NOT count as concrete specifics.",Problems and suggestions for improvement,absent,"mentions a problem with the study facilities without further detail (e.g., 'There are problems with the study facilities').","mentions a problem AND provides a reason or explanation (e.g., 'There are problems with the study facilities, such as outdated equipment that hinders effective study'). (scores 2, not 3 — lacks a specific example of outdated equipment or its impact).","all of 2 AND includes a concrete specific, such as a personal suggestion or example (e.g., 'There are problems with the study facilities, such as outdated computers that crash frequently, making it difficult for students to complete assignments on time. Updating the computers would greatly improve the situation'). Vague suggestions like 'improve the facilities' do NOT count as concrete specifics.",Additional on-topic development,"no semantically distinct extra on-topic point, OR the 'extra' content paraphrases an idea already credited under another requirement","introduces a DISTINCT extra on-topic point — not a rephrasing or repeat of any other requirement — within the question's subject, with no further detail","introduces a distinct extra on-topic point AND develops it meaningfully (a real reason, cause, or effect — not just length)",introduces a distinct extra on-topic point AND develops it AND supports it with a concrete specific that genuinely advances the argument,auto-generated,
W-B1-26,b1,report,,50,300,"Imagine organizing a community cultural festival.

Write a proposal for this festival.

- Include a description of the cultural festival event
- Suggest activities for the festival
- List the resources needed for the festival",Description of the cultural festival event,absent,"mentions the cultural festival event without any details (e.g., 'There will be a cultural festival').","describes the cultural festival event with a reason or purpose (e.g., 'The cultural festival will celebrate local traditions to bring the community together'). (scores 2, not 3 — provides a reason but lacks a specific detail about the event itself).","all of 2 AND includes a concrete specific such as a particular tradition or activity that will take place (e.g., 'The cultural festival will feature traditional dances and local cuisine to celebrate our heritage'). Vague descriptions like 'fun activities' do NOT count as concrete specifics.",Suggested activities for the festival,absent,"lists activities without any further detail (e.g., 'There will be music and games').","suggests activities and provides a reason or benefit (e.g., 'We will have music performances to entertain the attendees'). (scores 2, not 3 — suggests activities with a reason but lacks a specific example of an activity).","all of 2 AND includes a concrete specific such as a particular game or performance (e.g., 'We will have a local band perform traditional songs and a storytelling session for children'). Generic mentions like 'fun games' do NOT count as concrete specifics.",Resources needed for the festival,absent,"mentions resources needed without any detail (e.g., 'We need resources for the festival').","lists resources and explains why they are needed (e.g., 'We need tents and chairs to accommodate the attendees'). (scores 2, not 3 — explains the need for resources but lacks a specific example of a resource).","all of 2 AND includes a concrete specific such as a particular resource or supplier (e.g., 'We need sound equipment from the local rental company to ensure quality audio for performances'). Vague mentions like 'some equipment' do NOT count as concrete specifics.",Additional on-topic development,"no semantically distinct extra on-topic point, OR the 'extra' content paraphrases an idea already credited under another requirement","introduces a DISTINCT extra on-topic point — not a rephrasing or repeat of any other requirement — within the question's subject, with no further detail","introduces a distinct extra on-topic point AND develops it meaningfully (a real reason, cause, or effect — not just length)",introduces a distinct extra on-topic point AND develops it AND supports it with a concrete specific that genuinely advances the argument,auto-generated,
W-B1-27,b1,letter/email,,50,300,"Share your future plans with a friend.

Write an email to an English-speaking friend about what you plan to do next year.

- Include your main goal for next year
- Explain your reason for choosing this goal
- Describe the steps you are taking to achieve it",Your main goal for next year,absent,"states a main goal for next year without any reason or further detail (e.g., 'I want to study more').","states a main goal for next year and provides a reason or explanation (e.g., 'I want to study more because I need to improve my skills for a better job'). (scores 2, not 3 — provides a reason but lacks a concrete specific about the goal or its impact).","all of 2 AND includes a concrete specific that materially develops the goal (e.g., 'I want to study more because I need to improve my skills for a better job, and I plan to enroll in a specific online course that offers certification'). Vague statements like 'to be successful' do NOT count as concrete specifics.",Reason for choosing this goal,absent,"mentions a reason for choosing the goal without further detail (e.g., 'I chose this goal because it's important').","provides a reason for choosing the goal and adds an explanation or context (e.g., 'I chose this goal because it's important for my career advancement'). (scores 2, not 3 — gives a reason but lacks a concrete specific about how it affects the choice).","all of 2 AND includes a concrete specific that materially advances the reason (e.g., 'I chose this goal because it's important for my career advancement, and my manager recommended it during our last performance review'). Generic statements like 'to improve myself' do NOT count as concrete specifics.",Steps you are taking to achieve it,absent,"mentions steps being taken to achieve the goal without further detail (e.g., 'I am working on it').","describes steps being taken to achieve the goal and provides a reason or explanation (e.g., 'I am working on it by setting aside time each day to study'). (scores 2, not 3 — describes steps but lacks a concrete specific about the actions or their impact).","all of 2 AND includes a concrete specific that materially develops the steps (e.g., 'I am working on it by setting aside time each day to study, and I have joined a study group that meets every Saturday to discuss progress'). Vague actions like 'trying harder' do NOT count as concrete specifics.",Additional on-topic development,"no semantically distinct extra on-topic point, OR the 'extra' content paraphrases an idea already credited under another requirement","introduces a DISTINCT extra on-topic point — not a rephrasing or repeat of any other requirement — within the question's subject, with no further detail","introduces a distinct extra on-topic point AND develops it meaningfully (a real reason, cause, or effect — not just length)",introduces a distinct extra on-topic point AND develops it AND supports it with a concrete specific that genuinely advances the argument,auto-generated,
W-B1-28,b1,letter/email,,50,300,"You have a problem in your apartment that needs attention.

Write a letter to your landlord to explain the issue.

- Describe the problem in your apartment
- Explain how the problem affects your daily life
- Mention what you want the landlord to do",Description of the problem in the apartment,absent,"states there is a problem in the apartment without any detail (e.g., 'There is an issue in my apartment').","describes the problem with a reason or cause but no specific detail (e.g., 'The heating is not working, which makes it cold inside'). (scores 2, not 3 — describes the problem and its effect, but lacks a specific detail like a broken thermostat or a leaking pipe).","all of 2 AND a concrete specific that materially advances the description (e.g., 'The heating is not working because the thermostat is broken, and it has been like this since last week'). Vague descriptions like 'it's uncomfortable' do NOT count as concrete specifics.",How the problem affects your daily life,absent,"mentions that the problem affects daily life without further detail (e.g., 'It affects my daily life').","explains how the problem affects daily life with a reason or effect but no specific example (e.g., 'I can't sleep well because it's too cold at night'). (scores 2, not 3 — explains the effect but lacks a specific example like missing work or needing extra blankets).","all of 2 AND a concrete specific that materially advances the explanation (e.g., 'I can't sleep well because it's too cold at night, and I have to wear multiple layers of clothing to bed'). General statements like 'it's inconvenient' do NOT count as concrete specifics.",What you want the landlord to do,absent,"states a request for the landlord to take action without detail (e.g., 'I want you to fix it').","requests a specific action from the landlord with a reason but no specific detail (e.g., 'I want you to repair the heating because it's too cold'). (scores 2, not 3 — requests action and gives a reason, but lacks a specific detail like a timeline or method of repair).","all of 2 AND a concrete specific that materially advances the request (e.g., 'I want you to repair the heating by next week because it's affecting my health'). Vague requests like 'do something about it' do NOT count as concrete specifics.",Additional on-topic development,"no semantically distinct extra on-topic point, OR the 'extra' content paraphrases an idea already credited under another requirement","introduces a DISTINCT extra on-topic point — not a rephrasing or repeat of any other requirement — within the question's subject, with no further detail","introduces a distinct extra on-topic point AND develops it meaningfully (a real reason, cause, or effect — not just length)",introduces a distinct extra on-topic point AND develops it AND supports it with a concrete specific that genuinely advances the argument,auto-generated,
W-B1-29,b1,letter/email,,50,300,"Social media plays a big role in our lives today.

Write an email to your English-speaking friend about your experiences with social media.

- Include how you use social media
- Think about what you like about social media
- Consider any problems you've had with social media",How you use social media,absent,"states they use social media with no further detail (e.g., 'I use social media').","names a specific way they use social media AND provides a reason or explanation (e.g., 'I use social media to stay in touch with friends because it's convenient'). (scores 2, not 3 — provides a reason but no specific platform or example of interaction).","all of 2 AND a concrete specific — a platform or interaction (e.g., 'I use Facebook to chat with my cousin in Canada every weekend'). Vague statements like 'I use it a lot' do NOT count as concrete specifics.",What you like about social media,absent,"mentions liking social media with no specific reason or example (e.g., 'I like social media').","provides a reason for liking social media (e.g., 'I like social media because it helps me learn new things'). (scores 2, not 3 — gives a reason but lacks a specific feature or example).","all of 2 AND a concrete specific — a feature or personal experience (e.g., 'I like Instagram because I can follow travel bloggers and get ideas for my next trip'). General statements like 'it's interesting' do NOT count as concrete specifics.",Problems you've had with social media,absent,"mentions having problems with social media with no specific issue or example (e.g., 'I've had problems with social media').","describes a specific problem with social media AND provides a reason or explanation (e.g., 'I've had issues with privacy because my account was hacked'). (scores 2, not 3 — describes a problem but lacks a specific incident or example).","all of 2 AND a concrete specific — a personal incident or detailed example (e.g., 'Last year, someone hacked my Facebook account and posted inappropriate content, which was embarrassing'). Vague complaints like 'it's annoying' do NOT count as concrete specifics.",Additional on-topic development,"no semantically distinct extra on-topic point, OR the 'extra' content paraphrases an idea already credited under another requirement","introduces a DISTINCT extra on-topic point — not a rephrasing or repeat of any other requirement — within the question's subject, with no further detail","introduces a distinct extra on-topic point AND develops it meaningfully (a real reason, cause, or effect — not just length)",introduces a distinct extra on-topic point AND develops it AND supports it with a concrete specific that genuinely advances the argument,auto-generated,
W-B1-30,b1,paragraph,,50,300,"Your local newspaper is seeking opinions about recycling in your area.

Write a paragraph about the recycling situation where you live.

- Think about the current recycling situation in your area
- Consider the main problems with recycling locally
- Include your suggestions for improving recycling efforts",Current recycling situation in your area,absent,"mentions the recycling situation without any detail (e.g., 'Recycling is available here').","describes the recycling situation AND provides a reason or explanation (e.g., 'Recycling is available here because the local government has set up collection points'). (scores 2, not 3 — provides a reason but lacks a concrete specific like a location or program name).","all of 2 AND includes a concrete specific such as a location, program, or personal experience (e.g., 'Recycling is available here because the local government has set up collection points at every major supermarket, like the one near my house'). Vague statements like 'there are places to recycle' do NOT count as concrete specifics.",Main problems with recycling locally,absent,"mentions a problem with recycling without further detail (e.g., 'There are issues with recycling').","identifies a specific problem AND provides a reason or explanation (e.g., 'There are issues with recycling because many people do not sort their waste properly'). (scores 2, not 3 — identifies a problem and reason but lacks a concrete specific like a personal observation or local example).","all of 2 AND includes a concrete specific such as a personal observation or local example (e.g., 'There are issues with recycling because many people do not sort their waste properly, as I often see mixed waste in the bins at my apartment complex'). General statements like 'people don't recycle enough' do NOT count as concrete specifics.",Suggestions for improving recycling efforts,absent,"mentions a suggestion for improving recycling without further detail (e.g., 'We should improve recycling').","provides a suggestion AND a reason or explanation (e.g., 'We should improve recycling by educating people because many are unaware of how to sort waste'). (scores 2, not 3 — provides a suggestion and reason but lacks a concrete specific like a proposed campaign or personal initiative).","all of 2 AND includes a concrete specific such as a proposed campaign or personal initiative (e.g., 'We should improve recycling by educating people through workshops at local schools, as this would reach many families directly'). Vague suggestions like 'we need more awareness' do NOT count as concrete specifics.",Additional on-topic development,"no semantically distinct extra on-topic point, OR the 'extra' content paraphrases an idea already credited under another requirement","introduces a DISTINCT extra on-topic point — not a rephrasing or repeat of any other requirement — within the question's subject, with no further detail","introduces a distinct extra on-topic point AND develops it meaningfully (a real reason, cause, or effect — not just length)",introduces a distinct extra on-topic point AND develops it AND supports it with a concrete specific that genuinely advances the argument,auto-generated,
W-B2-1,b2,article,,100,400,"Think about a movie you recently watched.

Write an article for a magazine reviewing this movie.

- Include a plot summary with key events
- Consider the acting and effects
- Provide your recommendation and reasons",Plot summary with key events,absent,"mentions the plot of the movie without detailing key events (e.g., 'The movie is about a hero's journey').","describes the plot and includes a reason or cause for a key event (e.g., 'The hero embarks on a journey because their village is threatened'). (scores 2, not 3 — provides a reason but lacks specific key events or turning points).","all of 2 AND includes TWO concrete specifics that materially develop the plot (e.g., 'The hero leaves their village after a dragon attack and later discovers a hidden power in the enchanted forest'). Generic statements like 'the hero faces challenges' do NOT count.",Evaluation of acting and effects,absent,"mentions the acting or effects without evaluation (e.g., 'The acting was good').","evaluates the acting or effects with a reason or comparison (e.g., 'The acting was convincing because the actors portrayed emotions realistically'). (scores 2, not 3 — provides evaluation but lacks specific examples of scenes or effects).","all of 2 AND includes TWO concrete specifics that materially advance the evaluation (e.g., 'The lead actor's performance in the emotional climax was powerful, and the special effects during the battle scene were groundbreaking'). Vague praise like 'the effects were amazing' do NOT count.",Your recommendation and reasons,absent,"states a recommendation without reasons (e.g., 'I recommend this movie').","provides a recommendation with a reason or cause (e.g., 'I recommend this movie because it has a compelling story'). (scores 2, not 3 — gives a reason but lacks specific examples or comparisons).","all of 2 AND includes TWO concrete specifics that materially develop the recommendation (e.g., 'I recommend this movie for its unique plot twists and the breathtaking cinematography that captures the essence of the story'). Generic endorsements like 'it's a great movie' do NOT count.",Additional on-topic development,"no semantically distinct extra on-topic point, OR the 'extra' content paraphrases an idea already credited under another requirement","introduces a DISTINCT extra on-topic point — not a rephrasing or repeat of any other requirement — within the question's subject, with no further detail","introduces a distinct extra on-topic point AND develops it meaningfully (a real reason, cause, or effect — not just length)",introduces a distinct extra on-topic point AND develops it AND supports it with a concrete specific that genuinely advances the argument,auto-generated,
W-B2-2,b2,article,,100,400,"Working from home has become a common practice for many people.

Write an article for a magazine about how remote work is changing the way people work.

- Consider the impacts on teamwork and communication
- Think about the benefits and challenges of working from home
- Use examples from your personal experience or those of your friends",Impacts on teamwork and communication,absent,"mentions teamwork or communication without further detail (e.g., 'Working from home affects teamwork').","mentions teamwork or communication AND provides a reason or explanation (e.g., 'Working from home affects teamwork because it reduces face-to-face interactions'). (scores 2, not 3 — lacks a concrete specific example of how teamwork is affected).","all of 2 AND includes a concrete specific that materially develops the point (e.g., 'Working from home affects teamwork because it reduces face-to-face interactions; for instance, my team struggled to coordinate projects without in-person meetings, leading to delays'). Vague statements like 'it is harder to communicate' do NOT count.",Benefits and challenges of working from home,absent,"mentions a benefit or challenge of working from home without further detail (e.g., 'Working from home has benefits').","mentions a benefit or challenge AND provides a reason or explanation (e.g., 'Working from home is beneficial because it offers flexibility'). (scores 2, not 3 — lacks a concrete specific example of the benefit or challenge).","all of 2 AND includes TWO concrete specifics that materially develop the point (e.g., 'Working from home is beneficial because it offers flexibility; for example, I can start my day earlier and finish in time to pick up my children from school, and I save two hours daily by not commuting'). A single example without a second specific or comparison does NOT count.",Personal example of remote work experience,absent,"mentions a personal experience with remote work without further detail (e.g., 'I have worked from home').","mentions a personal experience AND provides a reason or explanation (e.g., 'I have worked from home, which allowed me to manage my time better'). (scores 2, not 3 — lacks a concrete specific detail about the experience).","all of 2 AND includes a concrete specific that materially develops the point (e.g., 'I have worked from home, which allowed me to manage my time better; for instance, I could attend a virtual conference in the morning and complete my tasks in the afternoon without the stress of commuting'). Generic statements like 'it was good' do NOT count.",Additional on-topic development,"no semantically distinct extra on-topic point, OR the 'extra' content paraphrases an idea already credited under another requirement","introduces a DISTINCT extra on-topic point — not a rephrasing or repeat of any other requirement — within the question's subject, with no further detail","introduces a distinct extra on-topic point AND develops it meaningfully (a real reason, cause, or effect — not just length)",introduces a distinct extra on-topic point AND develops it AND supports it with a concrete specific that genuinely advances the argument,auto-generated,
W-B2-3,b2,essay,"people, relationships, and family (b2)",100,400,"Social media has transformed the way people maintain friendships.

Write an essay discussing the impact of online communication on relationships.

- Consider the effects of online communication on maintaining friendships
- Think about both the positive and negative aspects of online connections
- Use a personal example of social media's impact on your relationships",Effects of online communication on maintaining friendships,absent,"mentions that online communication affects friendships without further detail (e.g., 'Online communication changes friendships').","explains how online communication affects friendships with a reason or effect (e.g., 'Online communication helps maintain friendships by allowing frequent contact'). (scores 2, not 3 — provides a reason but lacks a concrete specific example).","all of 2 AND includes a concrete specific that materially develops the point (e.g., 'Through video calls, I can stay in touch with my childhood friend who moved abroad, which keeps our friendship strong despite the distance'). Generic statements like 'many people use social media' do NOT count.",Positive and negative aspects of online connections,absent,"mentions that online connections have positive and negative aspects without further detail (e.g., 'Online connections have both good and bad sides').","describes a positive or negative aspect with a reason or effect (e.g., 'Online connections can be positive because they allow people to meet others with similar interests'). (scores 2, not 3 — provides a reason but lacks a concrete specific example).","all of 2 AND includes TWO concrete specifics that materially develop the point (e.g., 'Online connections are positive because they allow people to join interest groups, like a book club on Facebook, and negative because they can lead to misunderstandings, such as when tone is misinterpreted in text messages'). Vague statements like 'some people find it useful' do NOT count.",Personal example of social media's impact on relationships,absent,"mentions that social media impacts relationships without further detail (e.g., 'Social media affects my relationships').","provides a personal example of how social media impacts relationships with a reason or effect (e.g., 'Social media helps me keep in touch with my family by sharing photos and updates'). (scores 2, not 3 — provides a reason but lacks a concrete specific example).","all of 2 AND includes a concrete specific that materially develops the point (e.g., 'Using Instagram, I share daily updates with my cousins who live in another country, which strengthens our bond despite the distance'). General statements like 'I use social media a lot' do NOT count.",Additional on-topic development,"no semantically distinct extra on-topic point, OR the 'extra' content paraphrases an idea already credited under another requirement","introduces a DISTINCT extra on-topic point — not a rephrasing or repeat of any other requirement — within the question's subject, with no further detail","introduces a distinct extra on-topic point AND develops it meaningfully (a real reason, cause, or effect — not just length)",introduces a distinct extra on-topic point AND develops it AND supports it with a concrete specific that genuinely advances the argument,auto-generated,
W-B2-4,b2,article,,100,400,"Technology has significantly influenced people's exercise habits.

Write an article for a fitness magazine about how technology affects fitness routines.

- Consider the impact of fitness apps on people's routines
- Think about the advantages and disadvantages of online classes
- Include a personal example of how technology has influenced your fitness",Impact of fitness apps on routines,absent,"mentions fitness apps affecting routines without further detail (e.g., 'Fitness apps change how people exercise').","explains how fitness apps impact routines with a reason or effect (e.g., 'Fitness apps help people track their workouts, making it easier to stay consistent'). (scores 2, not 3 — provides a reason but lacks a concrete specific like a personal app usage example).","all of 2 AND includes a concrete specific, such as a personal anecdote or hypothetical scenario (e.g., 'Using MyFitnessPal, I was able to monitor my calorie intake daily, which helped me lose 5 kg over three months'). Generic statements like 'many people use apps' do NOT count as concrete specifics.",Advantages and disadvantages of online classes,absent,"mentions advantages or disadvantages of online classes without further detail (e.g., 'Online classes have pros and cons').","explains an advantage or disadvantage with a reason or effect (e.g., 'Online classes are convenient because they save commuting time'). (scores 2, not 3 — provides a reason but lacks a concrete specific like a personal experience or detailed example).","all of 2 AND includes a concrete specific, such as a personal anecdote or hypothetical scenario (e.g., 'During the pandemic, I attended online classes from home, which saved me two hours of travel daily, but I struggled with maintaining focus without a classroom environment'). Vague statements like 'some people find it hard' do NOT count as concrete specifics.",Personal example of technology in fitness,absent,"mentions using technology in fitness without further detail (e.g., 'I use technology for my workouts').","explains how technology is used in fitness with a reason or effect (e.g., 'Technology helps me track my progress, which keeps me motivated'). (scores 2, not 3 — provides a reason but lacks a concrete specific like a detailed personal example).","all of 2 AND includes a concrete specific, such as a personal anecdote or hypothetical scenario (e.g., 'I use a smartwatch to monitor my heart rate during runs, which has helped me improve my endurance by 20% over the past year'). General statements like 'technology is useful' do NOT count as concrete specifics.",Additional on-topic development,"no semantically distinct extra on-topic point, OR the 'extra' content paraphrases an idea already credited under another requirement","introduces a DISTINCT extra on-topic point — not a rephrasing or repeat of any other requirement — within the question's subject, with no further detail","introduces a distinct extra on-topic point AND develops it meaningfully (a real reason, cause, or effect — not just length)",introduces a distinct extra on-topic point AND develops it AND supports it with a concrete specific that genuinely advances the argument,auto-generated,
W-B2-5,b2,letter/email,,100,400,"You are interested in a job posting and need more information.

Write an email to inquire about the job details.

- Ask about the job schedule
- Inquire about the job requirements
- Clarify the application process",Questions about the job schedule,absent,"asks about the job schedule in a complete sentence without further detail (e.g., 'What is the job schedule?').","asks about the job schedule and provides a reason or context for the inquiry (e.g., 'What is the job schedule, as I need to coordinate with my current commitments?'). (scores 2, not 3 — provides a reason but lacks a concrete specific about the schedule's impact or details.)","all of 2 AND includes a concrete specific that materially develops the inquiry (e.g., 'What is the job schedule? I need to know if it allows for flexible hours, as I have evening classes on Tuesdays and Thursdays.'). Generic statements like 'I need to know for planning' do NOT count.",Inquiries about job requirements,absent,"asks about job requirements in a complete sentence without further detail (e.g., 'What are the job requirements?').","asks about job requirements and provides a reason or context for the inquiry (e.g., 'What are the job requirements, as I want to ensure my skills match?'). (scores 2, not 3 — provides a reason but lacks a concrete specific about the skills or experience needed.)","all of 2 AND includes a concrete specific that materially develops the inquiry (e.g., 'What are the job requirements? I have five years of experience in project management and want to know if this aligns with your expectations for the role.'). Vague phrases like 'I want to know if I qualify' do NOT count.",Clarification on the application process,absent,"asks for clarification on the application process in a complete sentence without further detail (e.g., 'Can you clarify the application process?').","asks for clarification on the application process and provides a reason or context for the inquiry (e.g., 'Can you clarify the application process, as I want to ensure I submit all necessary documents?'). (scores 2, not 3 — provides a reason but lacks a concrete specific about the steps or documents involved.)","all of 2 AND includes a concrete specific that materially develops the inquiry (e.g., 'Can you clarify the application process? I need to know if there is an online portal for submission and if a cover letter is required along with the resume.'). General statements like 'I want to make sure I do it right' do NOT count.",Additional on-topic development,"no semantically distinct extra on-topic point, OR the 'extra' content paraphrases an idea already credited under another requirement","introduces a DISTINCT extra on-topic point — not a rephrasing or repeat of any other requirement — within the question's subject, with no further detail","introduces a distinct extra on-topic point AND develops it meaningfully (a real reason, cause, or effect — not just length)",introduces a distinct extra on-topic point AND develops it AND supports it with a concrete specific that genuinely advances the argument,auto-generated,
W-B2-6,b2,essay,,100,400,"Technology has significantly impacted various aspects of our lives in recent years.

Write an essay discussing both the positive and negative effects of technology on society.

- Think about the positive effects of technology on communication
- Consider the negative effects of technology on the workplace
- Include specific examples of technology in education",Positive effects of technology on communication,absent,"states that technology positively affects communication without further detail (e.g., 'Technology improves communication').","names a positive effect of technology on communication AND provides a reason or explanation (e.g., 'Technology improves communication by allowing instant messaging across the globe'). (scores 2, not 3 — provides a reason but lacks a concrete specific such as a platform or personal example).","all of 2 AND includes a concrete specific that materially develops the point (e.g., 'Platforms like WhatsApp and Zoom enable families to stay connected despite living in different countries, allowing for real-time video calls and message exchanges'). Generic statements like 'people can talk more easily' do NOT count as concrete specifics.",Negative effects of technology on the workplace,absent,"states that technology negatively affects the workplace without further detail (e.g., 'Technology harms the workplace').","names a negative effect of technology on the workplace AND provides a reason or explanation (e.g., 'Technology can lead to job displacement as machines replace human labor'). (scores 2, not 3 — provides a reason but lacks a concrete specific such as a specific job or industry example).","all of 2 AND includes a concrete specific that materially develops the point (e.g., 'In manufacturing, robots have replaced assembly line workers, leading to significant job losses in the sector'). Vague statements like 'some jobs are lost' do NOT count as concrete specifics.",Specific examples of technology in education,absent,"mentions technology in education without providing specific examples (e.g., 'Technology is used in education').","names a use of technology in education AND provides a reason or explanation (e.g., 'Technology in education allows for online learning, which can make education more accessible'). (scores 2, not 3 — provides a reason but lacks a concrete specific such as a particular tool or platform).","all of 2 AND includes a concrete specific that materially develops the point (e.g., 'Platforms like Khan Academy and Coursera offer courses that students can access from anywhere, providing opportunities for learning outside traditional classrooms'). General statements like 'students can learn online' do NOT count as concrete specifics.",Additional on-topic development,"no semantically distinct extra on-topic point, OR the 'extra' content paraphrases an idea already credited under another requirement","introduces a DISTINCT extra on-topic point — not a rephrasing or repeat of any other requirement — within the question's subject, with no further detail","introduces a distinct extra on-topic point AND develops it meaningfully (a real reason, cause, or effect — not just length)",introduces a distinct extra on-topic point AND develops it AND supports it with a concrete specific that genuinely advances the argument,auto-generated,
W-B2-7,b2,essay,,100,400,"Online shopping has become a common part of modern life, raising questions about consumer rights.

Write an essay discussing the rights of consumers when shopping online.

- Think about current protections for online shoppers
- Consider common problems faced by online consumers
- Include needed improvements in consumer rights",Current protections for online shoppers,absent,"mentions protections for online shoppers without further detail (e.g., 'there are protections for online shoppers').","mentions protections and provides a reason or explanation (e.g., 'online shoppers are protected by refund policies to ensure they can return faulty goods'). (scores 2, not 3 — provides a reason but lacks a concrete example of a specific policy or scenario).","all of 2 AND includes a concrete specific such as a personal experience, hypothetical scenario, or developed-generic example (e.g., 'many online platforms offer a 30-day return policy, which allows customers to return items if they are not satisfied, as I experienced when I returned a defective phone'). Vague statements like 'many protections exist' do NOT count.",Common problems faced by online consumers,absent,"mentions problems faced by online consumers without further detail (e.g., 'online consumers face problems').","mentions a problem and provides a reason or explanation (e.g., 'online consumers often face issues with delayed deliveries because of logistical challenges'). (scores 2, not 3 — provides a reason but lacks a concrete example of a specific problem or scenario).","all of 2 AND includes a concrete specific such as a personal experience, hypothetical scenario, or developed-generic example (e.g., 'a common issue is receiving damaged goods, like when my friend ordered a laptop and it arrived with a cracked screen'). General statements like 'there are many problems' do NOT count.",Needed improvements in consumer rights,absent,"mentions needed improvements in consumer rights without further detail (e.g., 'consumer rights need improvements').","mentions an improvement and provides a reason or explanation (e.g., 'consumer rights need to include better data protection to prevent misuse of personal information'). (scores 2, not 3 — provides a reason but lacks a concrete example of a specific improvement or scenario).","all of 2 AND includes a concrete specific such as a personal experience, hypothetical scenario, or developed-generic example (e.g., 'improving consumer rights could involve stricter regulations on data privacy, such as requiring explicit consent before data is shared, similar to the GDPR in Europe'). Vague suggestions like 'better laws' do NOT count.",Additional on-topic development,"no semantically distinct extra on-topic point, OR the 'extra' content paraphrases an idea already credited under another requirement","introduces a DISTINCT extra on-topic point — not a rephrasing or repeat of any other requirement — within the question's subject, with no further detail","introduces a distinct extra on-topic point AND develops it meaningfully (a real reason, cause, or effect — not just length)",introduces a distinct extra on-topic point AND develops it AND supports it with a concrete specific that genuinely advances the argument,auto-generated,
W-B2-8,b2,report,,100,400,"Compare online learning with traditional learning methods.

Write a report on the differences and similarities between online and traditional learning.

- Consider the effectiveness of learning in both online and traditional settings
- Think about the cost factors involved in online and traditional learning
- Include the social aspects of online versus traditional learning",Comparison of learning effectiveness online vs traditional,absent,"states that there is a difference in learning effectiveness between online and traditional methods without further detail (e.g., 'Online learning is different from traditional learning').","mentions a difference in learning effectiveness AND provides a reason or explanation (e.g., 'Online learning can be more flexible, allowing students to learn at their own pace'). (scores 2, not 3 — provides a reason but lacks a concrete specific such as a personal experience or study result).","all of 2 AND includes a concrete specific that materially develops the point (e.g., 'In my experience, online courses allowed me to revisit lectures, which improved my understanding, unlike traditional classes where I couldn't replay lectures'). General statements like 'online is better' do NOT count as concrete specifics.",Cost factors in online and traditional learning,absent,"mentions cost differences between online and traditional learning without further detail (e.g., 'Online learning is cheaper than traditional learning').","mentions cost differences AND provides a reason or explanation (e.g., 'Online learning can be less expensive because it eliminates commuting costs'). (scores 2, not 3 — provides a reason but lacks a concrete specific such as a personal budget comparison or a hypothetical scenario).","all of 2 AND includes a concrete specific that materially develops the point (e.g., 'For instance, I saved $200 a month on transportation by taking online courses, which significantly reduced my overall education expenses'). Vague statements like 'it saves money' do NOT count as concrete specifics.",Social aspects of online vs traditional learning,absent,"mentions social aspects of online vs traditional learning without further detail (e.g., 'Social interaction is different online').","mentions social aspects AND provides a reason or explanation (e.g., 'Traditional learning offers more face-to-face interaction, which can help build stronger relationships'). (scores 2, not 3 — provides a reason but lacks a concrete specific such as a personal anecdote or a detailed hypothetical).","all of 2 AND includes a concrete specific that materially develops the point (e.g., 'In my traditional classes, we had group projects that required in-person meetings, which helped me make lasting friendships, unlike online classes where interaction was limited to forums'). General statements like 'more interaction' do NOT count as concrete specifics.",Additional on-topic development,"no semantically distinct extra on-topic point, OR the 'extra' content paraphrases an idea already credited under another requirement","introduces a DISTINCT extra on-topic point — not a rephrasing or repeat of any other requirement — within the question's subject, with no further detail","introduces a distinct extra on-topic point AND develops it meaningfully (a real reason, cause, or effect — not just length)",introduces a distinct extra on-topic point AND develops it AND supports it with a concrete specific that genuinely advances the argument,auto-generated,
W-B2-9,b2,letter/email,,100,400,"You need to inform your international colleagues about a delay in your project.

Write an email to your colleagues about the project delay.

- Include the current status of the project
- Explain the reasons for the project delay
- Describe the impact of the delay on deadlines",Current status of the project,absent,"mentions the current status of the project without any additional detail (e.g., 'The project is ongoing').","describes the current status AND provides a reason or explanation for it (e.g., 'The project is ongoing because we are waiting for the final approval from the client'). (scores 2, not 3 — provides a reason but lacks a concrete specific about the status).","all of 2 AND includes a concrete specific that materially develops the status (e.g., 'The project is ongoing because we are waiting for the final approval from the client, which was delayed due to their internal restructuring'). Generic statements like 'we are working on it' do NOT count as concrete specifics.",Reasons for the project delay,absent,"mentions a reason for the project delay without further detail (e.g., 'The project is delayed due to unforeseen circumstances').","provides a reason for the delay AND explains it (e.g., 'The project is delayed because the supplier failed to deliver materials on time'). (scores 2, not 3 — explains the reason but lacks a concrete specific about the delay).","all of 2 AND includes a concrete specific that materially develops the reason (e.g., 'The project is delayed because the supplier failed to deliver materials on time, specifically the steel beams needed for the foundation, which were stuck at customs'). Vague phrases like 'due to issues' do NOT count as concrete specifics.",Impact of delay on deadlines,absent,"mentions the impact of the delay on deadlines without further detail (e.g., 'The delay affects our deadlines').","describes the impact on deadlines AND provides an explanation (e.g., 'The delay affects our deadlines, pushing the completion date back by two weeks'). (scores 2, not 3 — provides an explanation but lacks a concrete specific about the impact).","all of 2 AND includes a concrete specific that materially develops the impact (e.g., 'The delay affects our deadlines, pushing the completion date back by two weeks, which means the launch event will now coincide with the holiday season, potentially affecting attendance'). General statements like 'it will be late' do NOT count as concrete specifics.",Additional on-topic development,"no semantically distinct extra on-topic point, OR the 'extra' content paraphrases an idea already credited under another requirement","introduces a DISTINCT extra on-topic point — not a rephrasing or repeat of any other requirement — within the question's subject, with no further detail","introduces a distinct extra on-topic point AND develops it meaningfully (a real reason, cause, or effect — not just length)",introduces a distinct extra on-topic point AND develops it AND supports it with a concrete specific that genuinely advances the argument,auto-generated,
W-B2-10,b2,letter/email,,100,400,"You received a damaged laptop that you bought online.

Write an email to the company to complain about the damaged product.

- Describe the damage to the laptop
- Request a replacement or refund
- Include details of the purchase and delivery",Description of the damage to the laptop,absent,"mentions the laptop is damaged without specifying the type or extent of damage (e.g., 'The laptop is damaged').","describes the type or extent of damage with a reason or effect (e.g., 'The screen is cracked, making it difficult to see the display'). (scores 2, not 3 — describes the damage and its effect, but lacks a specific detail like how the damage occurred or a comparison to its previous condition).","all of 2 AND includes a concrete specific such as how the damage occurred or a comparison to its previous condition (e.g., 'The screen is cracked from corner to corner, likely due to poor packaging during delivery, which makes it impossible to use for work presentations'). Vague descriptions like 'it's broken' do NOT count as concrete specifics.",Request for a replacement or refund,absent,"states a desire for a replacement or refund without further detail (e.g., 'I want a refund').","requests a replacement or refund with a reason or justification (e.g., 'I would like a refund because the laptop is unusable'). (scores 2, not 3 — provides a reason for the request but lacks a specific detail like a deadline or a comparison to other options).","all of 2 AND includes a concrete specific such as a deadline for the refund or a comparison to other options (e.g., 'I would like a refund within the next two weeks as I need to purchase a new laptop for my upcoming project deadlines'). General requests without a specific timeframe or comparison do NOT count as concrete specifics.",Details of the purchase and delivery,absent,"mentions the purchase or delivery without specific details (e.g., 'I bought the laptop online').","provides details about the purchase or delivery with a reason or effect (e.g., 'I purchased the laptop online and it was delivered late, causing inconvenience'). (scores 2, not 3 — provides details and a reason but lacks a specific detail like the exact date or delivery service used).","all of 2 AND includes a concrete specific such as the exact purchase date or the delivery service used (e.g., 'I purchased the laptop on September 15th from your website, and it was delivered by CourierX on September 20th, three days later than promised, which disrupted my work schedule'). Vague statements like 'it was delivered late' do NOT count as concrete specifics.",Additional on-topic development,"no semantically distinct extra on-topic point, OR the 'extra' content paraphrases an idea already credited under another requirement","introduces a DISTINCT extra on-topic point — not a rephrasing or repeat of any other requirement — within the question's subject, with no further detail","introduces a distinct extra on-topic point AND develops it meaningfully (a real reason, cause, or effect — not just length)",introduces a distinct extra on-topic point AND develops it AND supports it with a concrete specific that genuinely advances the argument,auto-generated,
W-B2-11,b2,article,,100,400,"Think about a restaurant you recently visited.

Write an article for a magazine about your experience at this restaurant.

- Describe the atmosphere of the restaurant
- Include details about the food quality and presentation
- Consider your experience with the service",Description of the restaurant's atmosphere,absent,"mentions the atmosphere of the restaurant without any further detail (e.g., 'The restaurant has a nice atmosphere').","describes the atmosphere with a reason or effect but no concrete specific (e.g., 'The restaurant's atmosphere is relaxing because of its soft lighting'). (scores 2, not 3 — lacks a specific detail like a type of decor or music that enhances the description).","all of 2 AND includes a concrete specific that materially develops the description (e.g., 'The restaurant's atmosphere is relaxing because of its soft lighting and the gentle jazz music playing in the background'). Generic adjectives like 'nice' or 'pleasant' do NOT count as concrete specifics.",Details about the food quality and presentation,absent,"mentions the food quality or presentation without further detail (e.g., 'The food was good').","describes the food quality or presentation with a reason or effect but no concrete specific (e.g., 'The food was delicious because it was freshly prepared'). (scores 2, not 3 — lacks a specific dish or presentation detail that enhances the description).","all of 2 AND includes a concrete specific that materially develops the description (e.g., 'The food was delicious because it was freshly prepared, and the presentation was exquisite with vibrant colors and artistic plating of the salmon dish'). Vague terms like 'tasty' or 'nice meals' do NOT count as concrete specifics.",Evaluation of the service experience,absent,"mentions the service experience without further detail (e.g., 'The service was good').","describes the service experience with a reason or effect but no concrete specific (e.g., 'The service was attentive because the staff checked on us regularly'). (scores 2, not 3 — lacks a specific interaction or detail that enhances the evaluation).","all of 2 AND includes a concrete specific that materially develops the evaluation (e.g., 'The service was attentive because the staff checked on us regularly, and our waiter remembered our names and preferences, which made us feel valued'). Generic statements like 'friendly staff' do NOT count as concrete specifics.",Additional on-topic development,"no semantically distinct extra on-topic point, OR the 'extra' content paraphrases an idea already credited under another requirement","introduces a DISTINCT extra on-topic point — not a rephrasing or repeat of any other requirement — within the question's subject, with no further detail","introduces a distinct extra on-topic point AND develops it meaningfully (a real reason, cause, or effect — not just length)",introduces a distinct extra on-topic point AND develops it AND supports it with a concrete specific that genuinely advances the argument,auto-generated,
W-B2-12,b2,essay,,100,400,"Social media has a significant impact on our daily lives.

Write an essay discussing the advantages and disadvantages of social media.

- Consider the pros and cons of social media
- Include your personal experiences with social media
- Suggest ways to use social media safely",Pros and cons of social media,absent,"mentions a pro or con of social media without further detail (e.g., 'Social media has advantages').","names a pro or con AND provides a reason or explanation (e.g., 'Social media allows people to connect with friends easily, which can strengthen relationships'). (scores 2, not 3 — provides a reason but lacks a concrete specific such as a personal example or a detailed scenario).","all of 2 AND includes a concrete specific that materially develops the point (e.g., 'Through Facebook, I reconnected with a childhood friend, and we now meet regularly, which shows how social media can revive old friendships'). Generic statements like 'many people use it' do NOT count as concrete specifics.",Personal experience with social media,absent,"mentions using social media without any personal detail (e.g., 'I use social media').","describes a personal experience with social media AND provides a reason or effect (e.g., 'I use Instagram to share photos because it helps me stay connected with my family abroad'). (scores 2, not 3 — describes a personal experience but lacks a concrete specific such as a detailed event or interaction).","all of 2 AND includes a concrete specific that materially develops the experience (e.g., 'Last year, I posted a photo of my graduation on Instagram, and my relatives from different countries commented and shared their congratulations, which made me feel supported despite the distance'). Vague descriptions like 'I post pictures' do NOT count as concrete specifics.",Suggestions for safe social media use,absent,"mentions a suggestion for safe social media use without further detail (e.g., 'Be careful online').","provides a suggestion AND explains why it is important (e.g., 'Use strong passwords to protect your accounts from hackers'). (scores 2, not 3 — provides a suggestion and reason but lacks a concrete specific such as a detailed example or scenario).","all of 2 AND includes a concrete specific that materially advances the suggestion (e.g., 'By using a password manager, I ensure all my accounts have unique and strong passwords, which significantly reduces the risk of unauthorized access'). General advice like 'stay safe' do NOT count as concrete specifics.",Additional on-topic development,"no semantically distinct extra on-topic point, OR the 'extra' content paraphrases an idea already credited under another requirement","introduces a DISTINCT extra on-topic point — not a rephrasing or repeat of any other requirement — within the question's subject, with no further detail","introduces a distinct extra on-topic point AND develops it meaningfully (a real reason, cause, or effect — not just length)",introduces a distinct extra on-topic point AND develops it AND supports it with a concrete specific that genuinely advances the argument,auto-generated,
W-B2-13,b2,essay,,100,400,"Technology plays a significant role in our daily lives.

Write an essay discussing the effects of technology on our everyday activities.

- Think about how technology affects communication
- Consider the impact of technology on health
- Include a personal example of technology in your daily life",How technology affects communication,absent,"mentions technology's impact on communication without further detail (e.g., 'Technology changes how we communicate').","describes how technology affects communication with a reason or explanation (e.g., 'Technology allows us to communicate instantly with people far away'). (scores 2, not 3 — provides a reason but lacks a concrete specific like a platform or method).","all of 2 AND includes a concrete specific that materially develops the point (e.g., 'Through video calls, like Zoom, families can stay connected even when living in different countries'). Generic statements like 'many apps help us communicate' do NOT count.",Impact of technology on health,absent,"mentions technology's impact on health without further detail (e.g., 'Technology affects our health').","describes how technology impacts health with a reason or explanation (e.g., 'Technology can improve health by providing access to online fitness programs'). (scores 2, not 3 — gives a reason but lacks a concrete specific like a particular app or device).","all of 2 AND includes a concrete specific that materially develops the point (e.g., 'Wearable devices like Fitbits track physical activity and encourage healthier lifestyles'). Vague references like 'some devices help with health' do NOT count.",Personal example of technology in daily life,absent,"mentions a personal use of technology without further detail (e.g., 'I use technology every day').","describes a personal use of technology with a reason or explanation (e.g., 'I use my smartphone to stay organized because it has a calendar app'). (scores 2, not 3 — provides a reason but lacks a concrete specific like a particular app or feature).","all of 2 AND includes a concrete specific that materially develops the point (e.g., 'I use Google Calendar to manage my appointments and reminders, which helps me stay on top of my schedule'). General statements like 'I use apps to help me' do NOT count.",Additional on-topic development,"no semantically distinct extra on-topic point, OR the 'extra' content paraphrases an idea already credited under another requirement","introduces a DISTINCT extra on-topic point — not a rephrasing or repeat of any other requirement — within the question's subject, with no further detail","introduces a distinct extra on-topic point AND develops it meaningfully (a real reason, cause, or effect — not just length)",introduces a distinct extra on-topic point AND develops it AND supports it with a concrete specific that genuinely advances the argument,auto-generated,
W-B2-14,b2,essay,,100,400,"Learning foreign languages can have a significant impact on various aspects of life.

Write an essay discussing the importance of learning foreign languages.

- Think about how foreign languages enhance job opportunities
- Consider the benefits of foreign languages for travel experiences
- Include a personal example of learning a foreign language",How foreign languages enhance job opportunities,absent,"states that foreign languages enhance job opportunities without further detail (e.g., 'Knowing a foreign language can help in getting a job').","mentions how foreign languages can enhance job opportunities and provides a reason or explanation (e.g., 'Knowing a foreign language can help in getting a job because many companies operate internationally'). (scores 2, not 3 — provides a reason but lacks a concrete specific example of a job or company).","all of 2 AND includes a concrete specific that materially develops the point (e.g., 'Knowing Spanish can help in getting a job at a multinational company like Telefónica, which operates in many Spanish-speaking countries'). Generic statements like 'many companies' do NOT count as concrete specifics.",Benefits of foreign languages for travel experiences,absent,"mentions that foreign languages benefit travel experiences without further detail (e.g., 'Speaking a foreign language is useful when traveling').","explains how foreign languages benefit travel experiences with a reason or explanation (e.g., 'Speaking a foreign language is useful when traveling because it allows you to communicate with locals'). (scores 2, not 3 — provides a reason but lacks a concrete specific example of a travel situation or location).","all of 2 AND includes a concrete specific that materially develops the point (e.g., 'Speaking French can enhance your travel experience in Paris by allowing you to order food in local restaurants and ask for directions'). Vague phrases like 'a beautiful place' do NOT count as concrete specifics.",Personal example of learning a foreign language,absent,"mentions learning a foreign language without further detail (e.g., 'I learned a foreign language').","provides a reason or explanation for learning a foreign language (e.g., 'I learned Spanish because I wanted to travel to Spain'). (scores 2, not 3 — provides a reason but lacks a concrete specific example of a learning experience or outcome).","all of 2 AND includes a concrete specific that materially develops the point (e.g., 'I learned Spanish by attending evening classes at a local community center, which helped me communicate effectively during my trip to Barcelona'). Generic statements like 'it was useful' do NOT count as concrete specifics.",Additional on-topic development,"no semantically distinct extra on-topic point, OR the 'extra' content paraphrases an idea already credited under another requirement","introduces a DISTINCT extra on-topic point — not a rephrasing or repeat of any other requirement — within the question's subject, with no further detail","introduces a distinct extra on-topic point AND develops it meaningfully (a real reason, cause, or effect — not just length)",introduces a distinct extra on-topic point AND develops it AND supports it with a concrete specific that genuinely advances the argument,auto-generated,
W-B2-15,b2,essay,,100,400,"Maintaining a healthy lifestyle is important for overall well-being.

Write an essay discussing how to maintain a healthy lifestyle.

- Think about how diet contributes to a healthy lifestyle
- Consider the benefits of regular exercise for health
- Include your own idea related to healthy living",How diet contributes to a healthy lifestyle,absent,"mentions diet as a factor in a healthy lifestyle without further detail (e.g., 'Diet is important for health').","explains how diet contributes to health with a reason or effect (e.g., 'A balanced diet provides essential nutrients that support bodily functions'). (scores 2, not 3 — lacks a concrete specific like a type of nutrient or food).","all of 2 AND includes a concrete specific that materially develops the idea (e.g., 'Consuming foods rich in omega-3 fatty acids, like salmon, can improve heart health by reducing inflammation'). Generic statements like 'eating healthy foods' do NOT count.",Benefits of regular exercise for health,absent,"mentions exercise as beneficial for health without further detail (e.g., 'Exercise is good for you').","explains a benefit of exercise with a reason or effect (e.g., 'Regular exercise improves cardiovascular health by strengthening the heart'). (scores 2, not 3 — lacks a concrete specific like a type of exercise or measurable outcome).","all of 2 AND includes a concrete specific that materially develops the idea (e.g., 'Running for 30 minutes a day can lower blood pressure and increase lung capacity'). Vague phrases like 'doing sports' do NOT count.",Your own idea related to healthy living,absent,"introduces a personal idea related to healthy living without further detail (e.g., 'Sleep is important for health').","explains the personal idea with a reason or effect (e.g., 'Getting enough sleep helps the body recover and improves mental clarity'). (scores 2, not 3 — lacks a concrete specific like a sleep routine or study finding).","all of 2 AND includes a concrete specific that materially develops the idea (e.g., 'Establishing a routine of 8 hours of sleep per night can enhance memory retention and reduce stress levels'). General statements like 'sleeping well' do NOT count.",Additional on-topic development,"no semantically distinct extra on-topic point, OR the 'extra' content paraphrases an idea already credited under another requirement","introduces a DISTINCT extra on-topic point — not a rephrasing or repeat of any other requirement — within the question's subject, with no further detail","introduces a distinct extra on-topic point AND develops it meaningfully (a real reason, cause, or effect — not just length)",introduces a distinct extra on-topic point AND develops it AND supports it with a concrete specific that genuinely advances the argument,auto-generated,
W-B2-16,b2,essay,,100,400,"Social media has a significant influence on society today.

Write an essay discussing the effects of social media on society.

- Think about the positive effects of social media on society
- Consider the negative effects of social media on society
- Include a personal example of social media's impact",Positive effects of social media on society,absent,"mentions a positive effect of social media without further detail (e.g., 'Social media helps people connect').","names a positive effect and provides a reason or explanation (e.g., 'Social media helps people connect by allowing them to communicate instantly across distances'). (scores 2, not 3 — provides a reason but lacks a concrete specific example or scenario).","all of 2 AND includes a concrete specific that materially develops the point (e.g., 'Social media helps people connect by allowing them to communicate instantly across distances, such as when my cousin in Australia and I video call every weekend to stay in touch'). Vague statements like 'many people use it' do NOT count as concrete specifics.",Negative effects of social media on society,absent,"mentions a negative effect of social media without further detail (e.g., 'Social media can be harmful').","names a negative effect and provides a reason or explanation (e.g., 'Social media can be harmful because it spreads misinformation quickly'). (scores 2, not 3 — provides a reason but lacks a concrete specific example or scenario).","all of 2 AND includes a concrete specific that materially develops the point (e.g., 'Social media can be harmful because it spreads misinformation quickly, such as when false news about a local event led to panic in my community last year'). General statements like 'people believe fake news' do NOT count as concrete specifics.",Personal example of social media's impact,absent,"mentions a personal impact of social media without further detail (e.g., 'Social media has affected me').","describes a personal impact and provides a reason or explanation (e.g., 'Social media has affected me by making it easier to keep up with friends'). (scores 2, not 3 — provides a reason but lacks a concrete specific example or scenario).","all of 2 AND includes a concrete specific that materially develops the point (e.g., 'Social media has affected me by making it easier to keep up with friends, like when I used Instagram to follow my friend's travel adventures in Europe, which inspired my own trip'). Vague references like 'I use it a lot' do NOT count as concrete specifics.",Additional on-topic development,"no semantically distinct extra on-topic point, OR the 'extra' content paraphrases an idea already credited under another requirement","introduces a DISTINCT extra on-topic point — not a rephrasing or repeat of any other requirement — within the question's subject, with no further detail","introduces a distinct extra on-topic point AND develops it meaningfully (a real reason, cause, or effect — not just length)",introduces a distinct extra on-topic point AND develops it AND supports it with a concrete specific that genuinely advances the argument,auto-generated,
W-B2-17,b2,report,,100,400,"Study facilities at your school play a crucial role in your academic experience.

Write a report on the study facilities available at your school.

- Describe the current study facilities
- Consider the problems with the current study facilities
- Include recommendations for improving the study facilities",Description of current study facilities,absent,"mentions the study facilities without any detail (e.g., 'The school has study facilities').","describes the study facilities with a reason or feature (e.g., 'The library is spacious, which allows many students to study comfortably'). (scores 2, not 3 — provides a reason but lacks a concrete specific like a particular room or resource).","all of 2 AND includes a concrete specific that materially develops the description (e.g., 'The library, with its 200-seat capacity and modern computer lab, provides an ideal environment for group projects and individual study'). Vague descriptions like 'a big library' do NOT count as concrete specifics.",Problems with current study facilities,absent,"mentions a problem with the study facilities without further detail (e.g., 'There are problems with the study facilities').","identifies a problem and provides a reason or effect (e.g., 'The study rooms are often overcrowded, making it difficult for students to concentrate'). (scores 2, not 3 — identifies a problem and reason but lacks a concrete specific like a particular incident or statistic).","all of 2 AND includes a concrete specific that materially develops the problem (e.g., 'During exam periods, the library's 50 available seats are insufficient for the 200 students needing study space, leading to students studying in hallways'). General statements like 'it's too crowded' do NOT count as concrete specifics.",Recommendations for improving study facilities,absent,"mentions a recommendation without further detail (e.g., 'The study facilities should be improved').","provides a recommendation with a reason or expected outcome (e.g., 'Adding more study rooms would reduce overcrowding and improve student focus'). (scores 2, not 3 — gives a recommendation and reason but lacks a concrete specific like a detailed plan or example).","all of 2 AND includes a concrete specific that materially advances the recommendation (e.g., 'By converting the unused storage room into a study area with 30 desks, the school could accommodate more students during peak times, reducing hallway congestion'). Vague suggestions like 'make it better' do NOT count as concrete specifics.",Additional on-topic development,"no semantically distinct extra on-topic point, OR the 'extra' content paraphrases an idea already credited under another requirement","introduces a DISTINCT extra on-topic point — not a rephrasing or repeat of any other requirement — within the question's subject, with no further detail","introduces a distinct extra on-topic point AND develops it meaningfully (a real reason, cause, or effect — not just length)",introduces a distinct extra on-topic point AND develops it AND supports it with a concrete specific that genuinely advances the argument,auto-generated,
W-B2-18,b2,report,,100,400,"Write a progress report about a team project.

Write a report on the current status and future needs of your team project.

- Include the goals achieved in the project
- Consider the current challenges faced by the team
- Think about the resource needs for next steps",Goals achieved in the project,absent,"states a goal achieved in the project without further detail (e.g., 'We completed the project').","names a goal achieved AND provides a reason or explanation for its significance (e.g., 'We completed the project ahead of schedule, which allowed us to take on additional tasks'). (scores 2, not 3 — provides a reason but lacks a concrete specific about the goal's impact or context).","all of 2 AND includes a concrete specific that materially develops the achievement (e.g., 'We completed the project two weeks early, which enabled us to secure a new client contract worth $50,000'). Vague statements like 'it was successful' do NOT count.",Current challenges faced by the team,absent,"mentions a challenge faced by the team without further detail (e.g., 'We are facing challenges').","identifies a challenge AND explains its cause or effect (e.g., 'We are facing challenges due to a lack of resources, which is slowing down our progress'). (scores 2, not 3 — explains the challenge but lacks a concrete specific about its impact or resolution).","all of 2 AND includes a concrete specific that materially develops the challenge (e.g., 'We are facing challenges due to a lack of resources, such as not having enough laptops for remote work, which has delayed our project timeline by two weeks'). General statements like 'it's difficult' do NOT count.",Resource needs for next steps,absent,"mentions a resource need for the next steps without further detail (e.g., 'We need more resources').","identifies a resource need AND explains why it is necessary (e.g., 'We need more resources to expand our team and meet the project deadline'). (scores 2, not 3 — explains the need but lacks a concrete specific about the type or quantity of resources).","all of 2 AND includes a concrete specific that materially develops the resource need (e.g., 'We need additional funding of $10,000 to purchase new software licenses and hire two more developers to meet the project deadline'). Vague requests like 'more help' do NOT count.",Additional on-topic development,"no semantically distinct extra on-topic point, OR the 'extra' content paraphrases an idea already credited under another requirement","introduces a DISTINCT extra on-topic point — not a rephrasing or repeat of any other requirement — within the question's subject, with no further detail","introduces a distinct extra on-topic point AND develops it meaningfully (a real reason, cause, or effect — not just length)",introduces a distinct extra on-topic point AND develops it AND supports it with a concrete specific that genuinely advances the argument,auto-generated,
W-B2-19,b2,article,,100,400,"Effective cross-cultural communication is essential in today's diverse workplaces.

Write an article for a magazine about effective cross-cultural workplace communication.

- Think about common challenges in cross-cultural communication
- Consider successful strategies for effective communication
- Include practical tips with specific examples",Common challenges in cross-cultural communication,absent,"mentions a challenge in cross-cultural communication without further detail (e.g., 'language barriers exist').","names a challenge and provides a reason or explanation (e.g., 'language barriers can lead to misunderstandings because people may interpret words differently'). (scores 2, not 3 — explains the challenge but lacks a concrete specific example or scenario).","all of 2 AND includes a concrete specific that materially develops the point (e.g., 'language barriers can lead to misunderstandings, such as when a Japanese manager's indirect communication style is misinterpreted by a direct-speaking American colleague, causing project delays'). Vague statements like 'people don't understand each other' do NOT count as concrete specifics.",Successful strategies for effective communication,absent,"mentions a strategy for effective communication without further detail (e.g., 'active listening is important').","names a strategy and provides a reason or explanation (e.g., 'active listening helps ensure that all parties feel heard and understood, which can prevent conflicts'). (scores 2, not 3 — explains the strategy but lacks a concrete specific example or scenario).","all of 2 AND includes a concrete specific that materially develops the point (e.g., 'active listening, such as repeating back what the speaker has said to confirm understanding, can prevent conflicts, as seen when a team leader uses this technique to resolve a misunderstanding during a multicultural team meeting'). General statements like 'it helps communication' do NOT count as concrete specifics.",Practical tips with specific examples,absent,"mentions a practical tip without further detail (e.g., 'use simple language').","provides a practical tip and a reason or explanation (e.g., 'using simple language can help ensure that everyone understands the message, especially in a diverse team'). (scores 2, not 3 — provides a reason but lacks a concrete specific example or scenario).","all of 2 AND includes a concrete specific that materially develops the point (e.g., 'using simple language, such as avoiding idioms and jargon, can help ensure understanding in a diverse team, as demonstrated when a manager simplified technical terms during a presentation to a multinational audience, resulting in clearer communication'). Vague advice like 'make it clear' do NOT count as concrete specifics.",Additional on-topic development,"no semantically distinct extra on-topic point, OR the 'extra' content paraphrases an idea already credited under another requirement","introduces a DISTINCT extra on-topic point — not a rephrasing or repeat of any other requirement — within the question's subject, with no further detail","introduces a distinct extra on-topic point AND develops it meaningfully (a real reason, cause, or effect — not just length)",introduces a distinct extra on-topic point AND develops it AND supports it with a concrete specific that genuinely advances the argument,auto-generated,
W-B2-20,b2,article,,100,400,"Writing reviews for films, books, or plays can be an engaging way to share your thoughts.

Write an article for an online arts magazine reviewing a film, book, or play.

- Include a brief plot summary with key events
- Consider the main themes and their impact
- Provide a recommendation with reasons for its effectiveness",Brief plot summary with key events,absent,"provides a sentence that mentions the plot without detailing key events (e.g., 'The movie is about a hero's journey').","provides a sentence that mentions the plot and includes a reason or explanation for the events (e.g., 'The movie follows a hero's journey as they overcome obstacles to find their true purpose'). (scores 2, not 3 — lacks specific key events that anchor the plot concretely).","all of 2 AND includes specific key events that materially develop the plot (e.g., 'The movie follows a hero's journey, starting with their humble beginnings, leading to a climactic battle, and ending with their triumphant return home'). Vague descriptions like 'many challenges' do NOT count as concrete specifics.",Analysis of main themes and their impact,absent,"mentions a theme without analysis or impact (e.g., 'The theme of friendship is present').","mentions a theme and provides a reason or explanation of its impact (e.g., 'The theme of friendship highlights the importance of support in overcoming adversity'). (scores 2, not 3 — lacks specific examples or scenarios that illustrate the theme's impact concretely).","all of 2 AND includes specific examples or scenarios that materially advance the theme's impact (e.g., 'The theme of friendship is illustrated through the protagonist's reliance on their friends during a crisis, which ultimately leads to their success'). General statements like 'friendship is important' do NOT count as concrete specifics.",Recommendation with reasons for effectiveness,absent,"provides a recommendation without reasons (e.g., 'I recommend this book').","provides a recommendation with a reason or explanation for its effectiveness (e.g., 'I recommend this book because it offers a fresh perspective on historical events'). (scores 2, not 3 — lacks specific examples or comparisons that illustrate the recommendation's effectiveness concretely).","all of 2 AND includes specific examples or comparisons that materially develop the recommendation's effectiveness (e.g., 'I recommend this book because it offers a fresh perspective on historical events, such as the detailed portrayal of the 1960s civil rights movement, which provides readers with a deeper understanding of the era'). Vague endorsements like 'it's a good read' do NOT count as concrete specifics.",Additional on-topic development,"no semantically distinct extra on-topic point, OR the 'extra' content paraphrases an idea already credited under another requirement","introduces a DISTINCT extra on-topic point — not a rephrasing or repeat of any other requirement — within the question's subject, with no further detail","introduces a distinct extra on-topic point AND develops it meaningfully (a real reason, cause, or effect — not just length)",introduces a distinct extra on-topic point AND develops it AND supports it with a concrete specific that genuinely advances the argument,auto-generated,
W-B2-21,b2,report,,100,400,"Waste management is an important issue for local councils.

Write a report on waste management in your area for the local council.

- Include the current waste management situation in your area
- Consider the main problems with local waste management
- Use examples of successful waste solutions from other areas",Current waste management situation in your area,absent,"mentions the current waste management situation without further detail (e.g., 'Waste management is a problem here').","describes the current waste management situation AND provides a reason or effect (e.g., 'Waste management is a problem here because the collection services are irregular'). (scores 2, not 3 — lacks a specific example of how this affects the community).","all of 2 AND includes a concrete specific that materially develops the point (e.g., 'Waste management is a problem here because the collection services are irregular, leading to overflowing bins in public parks, which attracts pests and creates health hazards'). General statements like 'it is bad' do NOT count as concrete specifics.",Main problems with local waste management,absent,"mentions a problem with local waste management without further detail (e.g., 'There are issues with waste management').","identifies a specific problem AND provides a reason or effect (e.g., 'There are issues with waste management because recycling facilities are limited'). (scores 2, not 3 — lacks a specific example of the impact or a detailed scenario).","all of 2 AND includes a concrete specific that materially develops the point (e.g., 'There are issues with waste management because recycling facilities are limited, resulting in most residents throwing recyclables into general waste bins, which increases landfill use'). Vague statements like 'it's a big issue' do NOT count as concrete specifics.",Successful waste solutions from other areas,absent,"mentions a successful waste solution from another area without further detail (e.g., 'Other places have better waste solutions').","describes a successful waste solution from another area AND provides a reason or effect (e.g., 'Other places have better waste solutions because they have implemented strict recycling laws'). (scores 2, not 3 — lacks a specific example or detailed description of the solution).","all of 2 AND includes a concrete specific that materially develops the point (e.g., 'Other places have better waste solutions because they have implemented strict recycling laws, such as in Germany where households are required to separate waste into multiple categories, significantly reducing landfill waste'). General statements like 'they do it better' do NOT count as concrete specifics.",Additional on-topic development,"no semantically distinct extra on-topic point, OR the 'extra' content paraphrases an idea already credited under another requirement","introduces a DISTINCT extra on-topic point — not a rephrasing or repeat of any other requirement — within the question's subject, with no further detail","introduces a distinct extra on-topic point AND develops it meaningfully (a real reason, cause, or effect — not just length)",introduces a distinct extra on-topic point AND develops it AND supports it with a concrete specific that genuinely advances the argument,auto-generated,
W-B2-22,b2,letter/email,,100,400,"Suggesting flexible working hours can benefit both employees and the company.

Write a proposal to your manager about implementing flexible working hours.

- Include the current situation of working hours
- Consider the benefits of flexible hours for employees
- Provide implementation suggestions for flexible hours",Current situation of working hours,absent,"mentions the current working hours without any detail or context (e.g., 'Our working hours are fixed').","describes the current working hours AND provides a reason or context for their structure (e.g., 'Our working hours are fixed from 9 to 5 because it aligns with traditional business operations'). (scores 2, not 3 — provides a reason but lacks a concrete specific about how this affects employees or the company).","all of 2 AND includes a concrete specific that materially develops the point (e.g., 'Our working hours are fixed from 9 to 5, which means employees like Sarah, who commutes from a distant suburb, spend over two hours daily in traffic, reducing her work-life balance'). Generic statements like 'many people find it difficult' do NOT count.",Benefits of flexible hours for employees,absent,"mentions benefits of flexible hours without further detail (e.g., 'Flexible hours are beneficial').","explains a benefit of flexible hours AND provides a reason or effect (e.g., 'Flexible hours allow employees to manage their personal commitments better, leading to increased job satisfaction'). (scores 2, not 3 — explains a benefit but lacks a concrete specific example of how it applies).","all of 2 AND includes TWO concrete specifics that materially develop the benefit (e.g., 'Flexible hours allow employees to manage their personal commitments better, such as parents being able to attend school events and employees like John who can schedule medical appointments without taking leave'). A single example without a second specific or comparison does NOT count.",Implementation suggestions for flexible hours,absent,"mentions a suggestion for implementing flexible hours without detail (e.g., 'We should implement flexible hours').","provides a suggestion for implementing flexible hours AND explains how it could work (e.g., 'We could implement flexible hours by allowing employees to choose their start and end times within a core period'). (scores 2, not 3 — provides a suggestion and explanation but lacks a concrete specific about its implementation).","all of 2 AND includes a concrete specific that materially advances the suggestion (e.g., 'We could implement flexible hours by allowing employees to choose their start and end times within a core period, such as 10 AM to 3 PM, which would enable team meetings while giving flexibility for individual tasks. This approach was successfully adopted by XYZ Corp, leading to a 20% increase in productivity'). Vague suggestions like 'make it more flexible' do NOT count.",Additional on-topic development,"no semantically distinct extra on-topic point, OR the 'extra' content paraphrases an idea already credited under another requirement","introduces a DISTINCT extra on-topic point — not a rephrasing or repeat of any other requirement — within the question's subject, with no further detail","introduces a distinct extra on-topic point AND develops it meaningfully (a real reason, cause, or effect — not just length)",introduces a distinct extra on-topic point AND develops it AND supports it with a concrete specific that genuinely advances the argument,auto-generated,
W-B2-23,b2,report,,100,400,"Work-life balance is a crucial topic in today's fast-paced world.

Write a report on the current state of work-life balance and its effects on health.

- Consider the current challenges in work-life balance
- Think about the impacts of work-life balance on health
- Include successful strategies and expert recommendations",Current challenges in work-life balance,absent,"mentions challenges in work-life balance without further detail (e.g., 'There are challenges in balancing work and life').","names a specific challenge AND provides a reason or explanation (e.g., 'Long working hours make it difficult to spend time with family'). (scores 2, not 3 — lacks a concrete specific such as a personal or hypothetical example).","all of 2 AND includes a concrete specific that materially develops the point (e.g., 'Many parents struggle to attend their children's school events due to inflexible work schedules, which can lead to feelings of guilt and stress'). Vague statements like 'people are busy' do NOT count as concrete specifics.",Impacts of work-life balance on health,absent,"mentions impacts of work-life balance on health without further detail (e.g., 'Work-life balance affects health').","names a specific health impact AND provides a reason or explanation (e.g., 'Poor work-life balance can lead to stress, which negatively affects mental health'). (scores 2, not 3 — lacks a concrete specific such as a personal or hypothetical example).","all of 2 AND includes a concrete specific that materially develops the point (e.g., 'Chronic stress from overworking can lead to serious health issues like hypertension, as seen in many corporate employees who report high blood pressure'). General statements like 'it is bad for health' do NOT count as concrete specifics.",Successful strategies and expert recommendations,absent,"mentions strategies or recommendations for work-life balance without further detail (e.g., 'There are strategies to improve work-life balance').","names a specific strategy or recommendation AND provides a reason or explanation (e.g., 'Setting clear boundaries between work and personal time can help maintain balance'). (scores 2, not 3 — lacks a concrete specific such as a personal or hypothetical example).","all of 2 AND includes a concrete specific that materially develops the point (e.g., 'Experts recommend flexible working hours, which allow employees to manage their time better, as seen in companies that report higher employee satisfaction and productivity'). Vague suggestions like 'work less' do NOT count as concrete specifics.",Additional on-topic development,"no semantically distinct extra on-topic point, OR the 'extra' content paraphrases an idea already credited under another requirement","introduces a DISTINCT extra on-topic point — not a rephrasing or repeat of any other requirement — within the question's subject, with no further detail","introduces a distinct extra on-topic point AND develops it meaningfully (a real reason, cause, or effect — not just length)",introduces a distinct extra on-topic point AND develops it AND supports it with a concrete specific that genuinely advances the argument,auto-generated,
W-B2-24,b2,letter/email,,100,400,"You have noticed incorrect charges on your bank account.

Write a letter to your bank to complain about these charges.

- Include your account details and identification
- Provide an explanation of the incorrect charges
- Present evidence supporting your claim of an error",Account details and identification,absent,"mentions account details without any further information (e.g., 'I have an account with your bank').","provides account details AND a reason for their inclusion (e.g., 'I have an account with your bank, which I opened last year to manage my savings'). (scores 2, not 3 — provides a reason but lacks specific account information like an account number or branch).","all of 2 AND includes a concrete specific such as an account number or branch location (e.g., 'I have an account with your bank, account number 123456, which I opened last year at the Main Street branch to manage my savings'). Vague references like 'my bank account' do NOT count as concrete specifics.",Explanation of the incorrect charges,absent,"mentions incorrect charges without further explanation (e.g., 'I noticed incorrect charges on my account').","explains the incorrect charges AND provides a reason or context (e.g., 'I noticed incorrect charges on my account, which seem to be from a transaction I did not authorize'). (scores 2, not 3 — provides context but lacks specific transaction details).","all of 2 AND includes a concrete specific such as a transaction date or amount (e.g., 'I noticed incorrect charges on my account from a transaction on March 5th for $200, which I did not authorize'). General statements like 'there are some charges' do NOT count as concrete specifics.",Evidence supporting the error claim,absent,"mentions having evidence without specifying what it is (e.g., 'I have evidence to support my claim').","describes the type of evidence AND how it supports the claim (e.g., 'I have bank statements that show discrepancies in the charges'). (scores 2, not 3 — describes the evidence but lacks specific details like dates or amounts).","all of 2 AND includes a concrete specific such as a date or document reference (e.g., 'I have bank statements from March 5th that show a $200 charge I did not authorize, which supports my claim of error'). Vague references like 'some documents' do NOT count as concrete specifics.",Additional on-topic development,"no semantically distinct extra on-topic point, OR the 'extra' content paraphrases an idea already credited under another requirement","introduces a DISTINCT extra on-topic point — not a rephrasing or repeat of any other requirement — within the question's subject, with no further detail","introduces a distinct extra on-topic point AND develops it meaningfully (a real reason, cause, or effect — not just length)",introduces a distinct extra on-topic point AND develops it AND supports it with a concrete specific that genuinely advances the argument,auto-generated,
W-B2-25,b2,essay,,100,400,"Artificial intelligence is becoming a significant part of our daily lives.

Write an essay discussing the role of artificial intelligence in everyday life.

- Think about current applications of artificial intelligence
- Consider the benefits and risks of artificial intelligence
- Include future implications and necessary regulations for AI",Current applications of artificial intelligence,absent,"mentions AI applications without further detail (e.g., 'AI is used in many fields').","names a specific application of AI and provides a reason or explanation (e.g., 'AI is used in healthcare to improve diagnostic accuracy'). (scores 2, not 3 — provides a reason but lacks a concrete specific example or scenario).","all of 2 AND includes a concrete specific that materially develops the point (e.g., 'AI in healthcare, such as IBM Watson, helps doctors diagnose diseases more accurately by analyzing vast amounts of medical data'). Generic statements like 'AI helps in many areas' do NOT count.",Benefits and risks of artificial intelligence,absent,"mentions benefits or risks of AI without further detail (e.g., 'AI has many benefits and risks').","describes a specific benefit or risk of AI and provides a reason or explanation (e.g., 'AI can increase efficiency in manufacturing, but it may lead to job losses'). (scores 2, not 3 — provides a reason but lacks a concrete specific example or scenario).","all of 2 AND includes TWO concrete specifics that materially develop the point (e.g., 'AI increases efficiency in manufacturing by automating repetitive tasks, but it also risks job losses, as seen in the automotive industry where robots have replaced assembly line workers'). Vague statements like 'AI is good but risky' do NOT count.",Future implications and necessary regulations for AI,absent,"mentions future implications or regulations for AI without further detail (e.g., 'AI will change the future').","describes a specific future implication or regulation and provides a reason or explanation (e.g., 'AI could lead to significant changes in privacy laws as data collection increases'). (scores 2, not 3 — provides a reason but lacks a concrete specific example or scenario).","all of 2 AND includes a concrete specific that materially develops the point (e.g., 'AI's impact on privacy could lead to new regulations, such as the EU's GDPR, which aims to protect personal data in the digital age'). Generic statements like 'AI will need rules' do NOT count.",Additional on-topic development,"no semantically distinct extra on-topic point, OR the 'extra' content paraphrases an idea already credited under another requirement","introduces a DISTINCT extra on-topic point — not a rephrasing or repeat of any other requirement — within the question's subject, with no further detail","introduces a distinct extra on-topic point AND develops it meaningfully (a real reason, cause, or effect — not just length)",introduces a distinct extra on-topic point AND develops it AND supports it with a concrete specific that genuinely advances the argument,auto-generated,
W-B2-26,b2,essay,"countries, cities, towns, and public places (b2)",100,200,"Technology has significantly transformed workplace communication.

Write an essay discussing how technology has changed communication in the workplace.

- Think about the main changes in workplace communication methods
- Consider the advantages and disadvantages of technology in communication
- Include the impact of technology on workplace productivity",Main changes in workplace communication methods,absent,"mentions a change in workplace communication methods without further detail (e.g., 'Emails are now used more often').","describes a change in workplace communication methods AND provides a reason or explanation (e.g., 'Emails are now used more often because they allow for quick and efficient communication'). (scores 2, not 3 — lacks a concrete specific example of how this change is implemented in a workplace).","all of 2 AND includes a concrete specific that materially develops the point (e.g., 'Emails are now used more often because they allow for quick and efficient communication; for instance, in my office, we replaced weekly meetings with email updates, which saves us two hours each week'). General statements like 'technology has improved communication' do NOT count.",Advantages and disadvantages of technology in communication,absent,"mentions an advantage or disadvantage of technology in communication without further detail (e.g., 'Technology makes communication easier').","describes an advantage or disadvantage AND provides a reason or explanation (e.g., 'Technology makes communication easier because it allows people to connect instantly across the globe'). (scores 2, not 3 — lacks a concrete specific example of a situation where this advantage or disadvantage is evident).","all of 2 AND includes a concrete specific that materially develops the point (e.g., 'Technology makes communication easier because it allows people to connect instantly across the globe; for example, during the pandemic, my team used Zoom to hold meetings with international clients, which maintained our business relationships'). Vague statements like 'it is good for communication' do NOT count.",Impact of technology on workplace productivity,absent,"mentions an impact of technology on workplace productivity without further detail (e.g., 'Technology increases productivity').","describes an impact of technology on workplace productivity AND provides a reason or explanation (e.g., 'Technology increases productivity because it automates repetitive tasks'). (scores 2, not 3 — lacks a concrete specific example of how this impact is observed in a workplace).","all of 2 AND includes a concrete specific that materially develops the point (e.g., 'Technology increases productivity because it automates repetitive tasks; for instance, in our company, using project management software reduced the time spent on administrative tasks by 30%'). General statements like 'it helps productivity' do NOT count.",Additional on-topic development,"no semantically distinct extra on-topic point, OR the 'extra' content paraphrases an idea already credited under another requirement","introduces a DISTINCT extra on-topic point — not a rephrasing or repeat of any other requirement — within the question's subject, with no further detail","introduces a distinct extra on-topic point AND develops it meaningfully (a real reason, cause, or effect — not just length)",introduces a distinct extra on-topic point AND develops it AND supports it with a concrete specific that genuinely advances the argument,auto-generated,
W-B2-27,b2,report,,100,400,"Compare how different news sources report the same event.

Write a report on the differences in reporting styles and content.

- Consider the main perspectives in the reports
- Think about the types of evidence used by each source
- Include indicators of potential bias in the reporting",Comparison of main perspectives in reports,absent,"mentions different perspectives in reports without further detail (e.g., 'reports have different perspectives').","identifies different perspectives AND explains a reason or cause for the difference (e.g., 'one report focuses on economic impacts while another highlights social issues because of their target audiences'). (scores 2, not 3 — explains the difference but lacks specific examples of perspectives).","all of 2 AND provides TWO concrete specifics that materially develop the comparison (e.g., 'one report emphasizes the economic downturn citing unemployment rates, while another highlights social unrest with examples of protests'). Generic statements like 'some reports are positive, others negative' do NOT count.",Types of evidence used by each source,absent,"mentions types of evidence without further detail (e.g., 'sources use different types of evidence').","identifies types of evidence AND explains how or why they are used (e.g., 'some sources use statistical data to support their claims because it adds credibility'). (scores 2, not 3 — explains the use but lacks specific examples of evidence types).","all of 2 AND provides TWO concrete specifics that materially develop the explanation (e.g., 'one source uses government statistics to back economic claims, while another relies on expert interviews for social analysis'). Vague phrases like 'some use facts, others opinions' do NOT count.",Indicators of potential bias in reporting,absent,"mentions potential bias in reporting without further detail (e.g., 'reports can be biased').","identifies indicators of bias AND explains how they suggest bias (e.g., 'the use of emotive language can indicate bias because it sways readers' emotions'). (scores 2, not 3 — identifies indicators but lacks specific examples of bias).","all of 2 AND provides TWO concrete specifics that materially develop the identification (e.g., 'one report uses loaded terms like 'reckless' to describe actions, while another omits key facts to skew perception'). General statements like 'some reports are biased' do NOT count.",Additional on-topic development,"no semantically distinct extra on-topic point, OR the 'extra' content paraphrases an idea already credited under another requirement","introduces a DISTINCT extra on-topic point — not a rephrasing or repeat of any other requirement — within the question's subject, with no further detail","introduces a distinct extra on-topic point AND develops it meaningfully (a real reason, cause, or effect — not just length)",introduces a distinct extra on-topic point AND develops it AND supports it with a concrete specific that genuinely advances the argument,auto-generated,
W-C1-1,c1,report,,150,500,"Examine the impact of remote work on employee mental health.

Write a report on the effects of remote work on employees and organizations.

- Include research findings on remote work and mental health
- Consider the psychological effects of remote work on employees
- Think about organizational strategies to support remote workers",Research findings on remote work and mental health,absent,"mentions research findings on remote work and mental health without any detail or explanation (e.g., 'Research shows remote work affects mental health').","mentions research findings and provides a reason or explanation (e.g., 'Research indicates remote work can lead to isolation, which affects mental health negatively'). (scores 2, not 3 — provides a reason but lacks a specific study or data point).","all of 2 AND includes a concrete specific such as a study or data point (e.g., 'A 2021 study by the University of XYZ found that 60% of remote workers reported increased feelings of loneliness'). General statements like 'many studies show' do NOT count as concrete specifics.",Psychological effects of remote work on employees,absent,"mentions psychological effects of remote work on employees without further detail (e.g., 'Remote work affects employees psychologically').","mentions psychological effects and provides a reason or explanation (e.g., 'Remote work can increase stress due to blurred work-life boundaries'). (scores 2, not 3 — explains the effect but lacks a specific example or scenario).","all of 2 AND includes a concrete specific such as a personal anecdote or hypothetical scenario (e.g., 'For instance, an employee working from home might struggle to switch off after hours, leading to burnout'). Vague statements like 'it causes stress' do NOT count as concrete specifics.",Organizational strategies to support remote workers,absent,"mentions organizational strategies to support remote workers without further detail (e.g., 'Companies have strategies to support remote workers').","mentions strategies and provides a reason or explanation (e.g., 'Organizations implement flexible hours to help remote workers balance personal and professional life'). (scores 2, not 3 — explains the strategy but lacks a specific example or implementation detail).","all of 2 AND includes a concrete specific such as a real-world example or detailed hypothetical (e.g., 'TechCorp introduced a weekly virtual coffee break to foster team bonding, which improved employee morale'). General statements like 'they offer support' do NOT count as concrete specifics.",Additional on-topic development,"no semantically distinct extra on-topic point, OR the 'extra' content paraphrases an idea already credited under another requirement","introduces a DISTINCT extra on-topic point — not a rephrasing or repeat of any other requirement — within the question's subject, with no further detail","introduces a distinct extra on-topic point AND develops it meaningfully (a real reason, cause, or effect — not just length)",introduces a distinct extra on-topic point AND develops it AND supports it with a concrete specific that genuinely advances the argument,auto-generated,
W-C1-2,c1,essay,,150,500,"Technology has a significant impact on society, bringing both positive and negative effects.

Write an essay discussing the effects of technology on society.

- Consider the positive effects of technology on society
- Think about the negative effects of technology on society
- Include a personal example illustrating technology's impact",Positive effects of technology on society,absent,"mentions a positive effect of technology on society without further detail (e.g., 'Technology improves communication').","names a positive effect and provides a reason or explanation (e.g., 'Technology improves communication by allowing instant messaging across the globe'). (scores 2, not 3 — provides a reason but lacks a concrete specific such as a platform or example).","all of 2 AND includes a concrete specific that materially develops the point (e.g., 'Technology improves communication by allowing instant messaging across the globe, such as using WhatsApp to stay in touch with family abroad'). General statements like 'it helps people' do NOT count as concrete specifics.",Negative effects of technology on society,absent,"mentions a negative effect of technology on society without further detail (e.g., 'Technology causes distraction').","names a negative effect and provides a reason or explanation (e.g., 'Technology causes distraction because people spend too much time on social media'). (scores 2, not 3 — provides a reason but lacks a concrete specific such as a platform or example).","all of 2 AND includes a concrete specific that materially develops the point (e.g., 'Technology causes distraction because people spend too much time on social media, such as students checking Instagram during study hours'). Vague phrases like 'it is bad for focus' do NOT count as concrete specifics.",Personal example illustrating technology's impact,absent,"mentions a personal example of technology's impact without further detail (e.g., 'Technology changed my life').","provides a personal example with a reason or explanation (e.g., 'Technology changed my life by making it easier to work from home'). (scores 2, not 3 — provides a reason but lacks a concrete specific such as a tool or scenario).","all of 2 AND includes a concrete specific that materially develops the point (e.g., 'Technology changed my life by making it easier to work from home, as I use Zoom for daily meetings with my team'). General statements like 'it helps me a lot' do NOT count as concrete specifics.",Additional on-topic development,"no semantically distinct extra on-topic point, OR the 'extra' content paraphrases an idea already credited under another requirement","introduces a DISTINCT extra on-topic point — not a rephrasing or repeat of any other requirement — within the question's subject, with no further detail","introduces a distinct extra on-topic point AND develops it meaningfully (a real reason, cause, or effect — not just length)",introduces a distinct extra on-topic point AND develops it AND supports it with a concrete specific that genuinely advances the argument,auto-generated,
W-C1-3,c1,report,,150,500,"Waste management is a critical issue affecting our environment and communities.

Write a report on the challenges and solutions related to waste management.

- Consider the consequences of plastic waste on ecosystems
- Think about solutions for managing urban waste in cities
- Include the impact of e-waste recycling programs",Consequences of plastic waste on ecosystems,absent,"mentions plastic waste affecting ecosystems without further detail (e.g., 'Plastic waste harms ecosystems').","describes how plastic waste affects ecosystems with a reason or effect (e.g., 'Plastic waste harms marine life because animals ingest it, mistaking it for food'). (scores 2, not 3 — provides a reason but lacks a concrete specific example of an affected species or location).","all of 2 AND includes a concrete specific that materially develops the point (e.g., 'Plastic waste harms marine life, such as sea turtles, which ingest plastic bags mistaking them for jellyfish, leading to blockages and death'). General statements like 'many animals are affected' do NOT count as concrete specifics.",Solutions for managing urban waste in cities,absent,"mentions a solution for urban waste management without further detail (e.g., 'Cities should recycle more').","describes a solution for urban waste management with a reason or mechanism (e.g., 'Cities should implement recycling programs to reduce landfill waste'). (scores 2, not 3 — explains the solution but lacks a concrete specific example of a city or program).","all of 2 AND includes a concrete specific that materially develops the point (e.g., 'Cities like San Francisco have implemented comprehensive recycling programs, achieving a landfill diversion rate of over 80%'). Vague references like 'some cities do this' do NOT count as concrete specifics.",Impact of e-waste recycling programs,absent,"mentions e-waste recycling programs without further detail (e.g., 'E-waste recycling programs are important').","describes the impact of e-waste recycling programs with a reason or effect (e.g., 'E-waste recycling programs reduce environmental contamination by safely processing hazardous materials'). (scores 2, not 3 — provides a reason but lacks a concrete specific example of a program or outcome).","all of 2 AND includes a concrete specific that materially develops the point (e.g., 'E-waste recycling programs, like those in Japan, recover valuable metals such as gold and copper, reducing the need for mining and lowering environmental impact'). General statements like 'many programs are effective' do NOT count as concrete specifics.",Additional on-topic development,"no semantically distinct extra on-topic point, OR the 'extra' content paraphrases an idea already credited under another requirement","introduces a DISTINCT extra on-topic point — not a rephrasing or repeat of any other requirement — within the question's subject, with no further detail","introduces a distinct extra on-topic point AND develops it meaningfully (a real reason, cause, or effect — not just length)",introduces a distinct extra on-topic point AND develops it AND supports it with a concrete specific that genuinely advances the argument,auto-generated,
W-C1-4,c1,letter/email,,150,500,"Read the conversation between two friends about their hotel experience.

Write a letter to the hotel manager to express your complaints.

- Include a description of the room readiness issue
- Consider the impact of the broken air conditioning
- Think about the noise disturbance from construction",Description of room readiness issue,absent,"states the room was not ready without further detail (e.g., 'The room was not ready when we arrived').","describes the room readiness issue with a reason or effect (e.g., 'The room was not ready, causing us to wait in the lobby for hours'). (scores 2, not 3 — explains the issue but lacks a specific detail about the waiting experience).","all of 2 AND includes a concrete specific about the waiting experience (e.g., 'We waited for three hours in the lobby, surrounded by fake gold decor, which was frustrating'). General statements like 'it was inconvenient' do NOT count as concrete specifics.",Impact of broken air conditioning,absent,"mentions the air conditioning is broken without further detail (e.g., 'The air conditioning is broken').","explains the impact of the broken air conditioning with a reason or effect (e.g., 'The broken air conditioning made the room unbearably hot'). (scores 2, not 3 — describes the impact but lacks a specific detail about the discomfort).","all of 2 AND includes a concrete specific about the discomfort (e.g., 'The broken air conditioning turned the room into a sauna, making it impossible to sleep comfortably'). Vague descriptions like 'it was very hot' do NOT count as concrete specifics.",Noise disturbance from construction,absent,"mentions noise from construction without further detail (e.g., 'There was noise from construction').","describes the noise disturbance with a reason or effect (e.g., 'The construction noise was so loud it disrupted our sleep'). (scores 2, not 3 — explains the disturbance but lacks a specific detail about the noise).","all of 2 AND includes a concrete specific about the noise (e.g., 'The construction noise started at 7 AM every morning, making it impossible to rest'). General complaints like 'it was noisy' do NOT count as concrete specifics.",Additional on-topic development,"no semantically distinct extra on-topic point, OR the 'extra' content paraphrases an idea already credited under another requirement","introduces a DISTINCT extra on-topic point — not a rephrasing or repeat of any other requirement — within the question's subject, with no further detail","introduces a distinct extra on-topic point AND develops it meaningfully (a real reason, cause, or effect — not just length)",introduces a distinct extra on-topic point AND develops it AND supports it with a concrete specific that genuinely advances the argument,auto-generated,
W-C1-5,c1,essay,,150,500,"Climate change has significant effects on local communities.

Write an essay analyzing the impact of climate change on these communities.

- Consider the local consequences of climate change
- Include evidence of climate change impacts
- Use examples from specific communities",Local consequences of climate change,absent,"mentions local consequences of climate change without further detail (e.g., 'climate change affects local areas').","describes a local consequence and provides a reason or explanation (e.g., 'rising temperatures lead to more frequent heatwaves in cities'). (scores 2, not 3 — provides a reason but lacks a concrete specific such as a particular city or event).","all of 2 AND includes a concrete specific that materially develops the point (e.g., 'in Los Angeles, the increased frequency of heatwaves has led to higher electricity demand for air conditioning, straining the power grid'). General statements like 'many cities are affected' do NOT count as concrete specifics.",Evidence of climate change impacts,absent,"mentions evidence of climate change impacts without further detail (e.g., 'there is evidence of climate change').","provides evidence of climate change impacts with a reason or explanation (e.g., 'scientific studies show that glaciers are melting due to rising global temperatures'). (scores 2, not 3 — provides evidence but lacks a concrete specific such as a particular study or location).","all of 2 AND includes a concrete specific that materially advances the argument (e.g., 'the 2020 study by NASA showed that the Greenland ice sheet lost 532 billion tons of ice, contributing to global sea level rise'). Vague references like 'scientists say' do NOT count as concrete specifics.",Examples from specific communities,absent,"mentions examples from specific communities without further detail (e.g., 'some communities are affected by climate change').","provides an example from a specific community with a reason or explanation (e.g., 'coastal communities face increased flooding due to rising sea levels'). (scores 2, not 3 — provides an example but lacks a concrete specific such as a particular community or event).","all of 2 AND includes a concrete specific that materially develops the example (e.g., 'in the village of Shishmaref, Alaska, residents are relocating due to severe coastal erosion caused by melting permafrost'). General statements like 'many communities are affected' do NOT count as concrete specifics.",Additional on-topic development,"no semantically distinct extra on-topic point, OR the 'extra' content paraphrases an idea already credited under another requirement","introduces a DISTINCT extra on-topic point — not a rephrasing or repeat of any other requirement — within the question's subject, with no further detail","introduces a distinct extra on-topic point AND develops it meaningfully (a real reason, cause, or effect — not just length)",introduces a distinct extra on-topic point AND develops it AND supports it with a concrete specific that genuinely advances the argument,auto-generated,
W-C1-6,c1,proposal,,150,500,"Achieving a healthy work-life balance is crucial for employee well-being and productivity.

Write a proposal for improving work-life balance in your company.

- Include background on current work-life balance issues
- Consider factors affecting work-life balance
- Provide recommendations for improving work-life balance",Background on current work-life balance issues,absent,"mentions work-life balance issues without further detail (e.g., 'Work-life balance is a common issue').","mentions work-life balance issues and provides a reason or context (e.g., 'Work-life balance is a common issue due to increased work demands'). (scores 2, not 3 — provides a reason but lacks a concrete specific example or scenario).","all of 2 AND includes a concrete specific such as a personal anecdote, hypothetical scenario, or developed-generic example (e.g., 'Many employees struggle with work-life balance because of remote work expectations, as seen when my friend had to work late nights to meet deadlines'). Vague statements like 'many people are stressed' do NOT count as concrete specifics.",Analysis of factors affecting work-life balance,absent,"mentions factors affecting work-life balance without further detail (e.g., 'There are many factors affecting work-life balance').","mentions factors affecting work-life balance and provides a reason or explanation (e.g., 'Factors such as long working hours affect work-life balance because they reduce personal time'). (scores 2, not 3 — provides a reason but lacks a concrete specific example or scenario).","all of 2 AND includes a concrete specific such as a personal anecdote, hypothetical scenario, or developed-generic example (e.g., 'Long working hours and lack of flexible schedules are major factors, as illustrated by my colleague who misses family dinners due to late meetings'). General statements like 'people are busy' do NOT count as concrete specifics.",Recommendations for improving work-life balance,absent,"mentions recommendations for improving work-life balance without further detail (e.g., 'Companies should improve work-life balance').","mentions recommendations for improving work-life balance and provides a reason or explanation (e.g., 'Implementing flexible work hours can improve work-life balance by allowing employees to manage their time better'). (scores 2, not 3 — provides a reason but lacks a concrete specific example or scenario).","all of 2 AND includes a concrete specific such as a personal anecdote, hypothetical scenario, or developed-generic example (e.g., 'Introducing flexible work hours and remote work options can significantly improve work-life balance, as seen in a company where employees reported higher satisfaction after these changes'). Vague suggestions like 'make work better' do NOT count as concrete specifics.",Additional on-topic development,"no semantically distinct extra on-topic point, OR the 'extra' content paraphrases an idea already credited under another requirement","introduces a DISTINCT extra on-topic point — not a rephrasing or repeat of any other requirement — within the question's subject, with no further detail","introduces a distinct extra on-topic point AND develops it meaningfully (a real reason, cause, or effect — not just length)",introduces a distinct extra on-topic point AND develops it AND supports it with a concrete specific that genuinely advances the argument,auto-generated,
W-C1-7,c1,proposal,,150,500,"Implementing ethical AI practices in workplace decision-making is crucial for modern organizations.

Write a proposal for integrating ethical AI practices in workplace decision-making.

- Consider current workplace AI practices
- Think about ethical considerations in AI decision-making
- Include an implementation strategy and risk management plan",Current workplace AI practices,absent,"mentions AI practices in the workplace without further detail (e.g., 'AI is used in our office').","mentions AI practices and provides a reason or effect (e.g., 'AI is used in our office to automate repetitive tasks, which increases efficiency'). (scores 2, not 3 — provides a reason but lacks a concrete specific example of a task or tool).","all of 2 AND includes a concrete specific, such as a particular AI tool or task (e.g., 'AI is used in our office to automate data entry tasks using software like UiPath, which has reduced manual errors by 30%'). General mentions of 'technology' or 'automation' do NOT count as concrete specifics.",Ethical considerations in AI decision-making,absent,"mentions ethical considerations in AI without further detail (e.g., 'Ethics are important in AI').","mentions ethical considerations and provides a reason or effect (e.g., 'Ethics are important in AI to ensure decisions are fair and unbiased'). (scores 2, not 3 — provides a reason but lacks a concrete specific example of an ethical issue or scenario).","all of 2 AND includes a concrete specific, such as a particular ethical dilemma or scenario (e.g., 'Ethics are important in AI to ensure decisions are fair, such as using AI in hiring processes to avoid bias against certain demographics'). Vague mentions of 'fairness' or 'bias' without specific context do NOT count as concrete specifics.",Implementation strategy and risk management,absent,"mentions implementation strategy or risk management without further detail (e.g., 'We need a strategy for AI implementation').","mentions implementation strategy or risk management and provides a reason or effect (e.g., 'A clear strategy is needed to manage risks and ensure successful AI integration'). (scores 2, not 3 — provides a reason but lacks a concrete specific example of a strategy or risk management practice).","all of 2 AND includes a concrete specific, such as a particular strategy or risk management practice (e.g., 'A clear strategy is needed to manage risks, such as conducting regular audits and using risk assessment tools like FMEA to identify potential failures'). General mentions of 'planning' or 'risk assessment' without specifics do NOT count as concrete specifics.",Additional on-topic development,"no semantically distinct extra on-topic point, OR the 'extra' content paraphrases an idea already credited under another requirement","introduces a DISTINCT extra on-topic point — not a rephrasing or repeat of any other requirement — within the question's subject, with no further detail","introduces a distinct extra on-topic point AND develops it meaningfully (a real reason, cause, or effect — not just length)",introduces a distinct extra on-topic point AND develops it AND supports it with a concrete specific that genuinely advances the argument,auto-generated,
W-C1-8,c1,article,,150,500,"Social media plays a significant role in shaping political discourse today.

Write an article for a general audience analyzing the impact of social media on political discussions.

- Consider how social media spreads political information
- Think about the impact of echo chambers on political views
- Include the effects of social media on democratic participation",How social media spreads political information,absent,"mentions that social media spreads political information without further detail (e.g., 'Social media spreads political information').","explains how social media spreads political information with a reason or mechanism (e.g., 'Social media spreads political information quickly because it allows users to share posts instantly with their networks'). (scores 2, not 3 — explains the mechanism but lacks a concrete specific example of a platform or event).","all of 2 AND includes a concrete specific that materially develops the point (e.g., 'Platforms like Twitter enable rapid dissemination of political news, as seen when a tweet about a policy change went viral, reaching millions within hours'). General statements like 'many people share news' do NOT count as concrete specifics.",Impact of echo chambers on political views,absent,"mentions echo chambers affecting political views without further detail (e.g., 'Echo chambers influence political views').","describes how echo chambers impact political views with a reason or explanation (e.g., 'Echo chambers reinforce existing beliefs by exposing users only to similar viewpoints'). (scores 2, not 3 — provides an explanation but lacks a concrete specific example or scenario).","all of 2 AND includes a concrete specific that materially advances the argument (e.g., 'In echo chambers, like those found in certain Facebook groups, members may become more polarized as they only interact with like-minded individuals, leading to a more entrenched political stance'). Vague references to 'some groups' do NOT count as concrete specifics.",Effects of social media on democratic participation,absent,"mentions social media's effects on democratic participation without further detail (e.g., 'Social media affects democratic participation').","explains an effect of social media on democratic participation with a reason or cause (e.g., 'Social media increases democratic participation by providing a platform for political engagement and discussion'). (scores 2, not 3 — explains the effect but lacks a concrete specific example or event).","all of 2 AND includes a concrete specific that materially develops the point (e.g., 'Social media platforms like Instagram have been used to organize voter registration drives, significantly increasing youth voter turnout in recent elections'). General statements like 'people use social media to vote' do NOT count as concrete specifics.",Additional on-topic development,"no semantically distinct extra on-topic point, OR the 'extra' content paraphrases an idea already credited under another requirement","introduces a DISTINCT extra on-topic point — not a rephrasing or repeat of any other requirement — within the question's subject, with no further detail","introduces a distinct extra on-topic point AND develops it meaningfully (a real reason, cause, or effect — not just length)",introduces a distinct extra on-topic point AND develops it AND supports it with a concrete specific that genuinely advances the argument,auto-generated,
W-C1-9,c1,essay,,150,500,"Carbon pricing mechanisms are a crucial tool in addressing climate change.

Write an essay discussing the various aspects of carbon pricing mechanisms.

- Consider the economic implications of carbon pricing
- Think about social justice concerns in carbon pricing
- Include the implementation challenges of carbon pricing",Economic implications of carbon pricing,absent,"mentions economic implications of carbon pricing without further detail (e.g., 'Carbon pricing affects the economy').","mentions economic implications AND provides a reason or effect (e.g., 'Carbon pricing can lead to increased energy costs because companies pass on the costs to consumers'). (scores 2, not 3 — lacks a concrete specific example or scenario).","all of 2 AND includes a concrete specific that materially advances the argument (e.g., 'In countries like Sweden, carbon pricing has led to a shift towards renewable energy, reducing emissions and creating green jobs'). Vague statements like 'it changes the economy' do NOT count.",Social justice concerns in carbon pricing,absent,"mentions social justice concerns related to carbon pricing without further detail (e.g., 'Carbon pricing raises social justice issues').","mentions social justice concerns AND provides a reason or effect (e.g., 'Carbon pricing can disproportionately affect low-income households because they spend a higher percentage of their income on energy'). (scores 2, not 3 — lacks a concrete specific example or scenario).","all of 2 AND includes a concrete specific that materially advances the argument (e.g., 'In a hypothetical scenario, a low-income family might struggle to pay higher utility bills, leading to energy poverty, which highlights the need for compensatory measures'). General statements like 'it is unfair' do NOT count.",Implementation challenges of carbon pricing,absent,"mentions implementation challenges of carbon pricing without further detail (e.g., 'Implementing carbon pricing is challenging').","mentions implementation challenges AND provides a reason or effect (e.g., 'Implementing carbon pricing is challenging due to the complexity of setting the right price level'). (scores 2, not 3 — lacks a concrete specific example or scenario).","all of 2 AND includes a concrete specific that materially advances the argument (e.g., 'In Canada, the challenge of balancing provincial autonomy with federal carbon pricing policies has led to legal disputes, illustrating the complexity of implementation'). Vague phrases like 'it's difficult to do' do NOT count.",Additional on-topic development,"no semantically distinct extra on-topic point, OR the 'extra' content paraphrases an idea already credited under another requirement","introduces a DISTINCT extra on-topic point — not a rephrasing or repeat of any other requirement — within the question's subject, with no further detail","introduces a distinct extra on-topic point AND develops it meaningfully (a real reason, cause, or effect — not just length)",introduces a distinct extra on-topic point AND develops it AND supports it with a concrete specific that genuinely advances the argument,auto-generated,
W-C1-10,c1,report,,150,500,"Digital technology is transforming contemporary art in various ways.

Write a report on the impact of digital technology on contemporary art.

- Consider how digital technology changes artistic practices
- Think about the impact of digital technology on audience engagement
- Include future directions for digital art",How digital technology changes artistic practices,absent,"mentions digital technology's impact on artistic practices without further detail (e.g., 'Digital technology is changing art').","describes how digital technology influences artistic practices with a reason or explanation (e.g., 'Digital technology allows artists to create interactive installations that engage audiences in new ways'). (scores 2, not 3 — provides a reason but lacks a concrete specific example of an artist or artwork).","all of 2 AND includes a concrete specific that materially develops the point (e.g., 'Digital technology enables artists like TeamLab to create immersive digital environments that transform traditional art experiences into interactive spectacles'). General statements about technology's impact without specific examples do NOT count.",Impact of digital technology on audience engagement,absent,"mentions digital technology's effect on audience engagement without further detail (e.g., 'Digital technology affects how audiences engage with art').","explains how digital technology changes audience engagement with a reason or explanation (e.g., 'Digital technology allows audiences to interact with art through virtual reality, enhancing their experience'). (scores 2, not 3 — explains the impact but lacks a concrete specific example of a platform or event).","all of 2 AND includes a concrete specific that materially advances the argument (e.g., 'Through platforms like Instagram, artists can reach global audiences instantly, allowing for real-time feedback and interaction that was not possible before'). Vague mentions of 'social media' without specific platforms or interactions do NOT count.",Future directions for digital art,absent,"mentions future directions for digital art without further detail (e.g., 'Digital art will continue to evolve').","describes potential future directions for digital art with a reason or explanation (e.g., 'Digital art will likely incorporate more AI technologies to create personalized art experiences'). (scores 2, not 3 — suggests a direction but lacks a concrete specific example of a technology or artist).","all of 2 AND includes a concrete specific that materially develops the idea (e.g., 'Artists are beginning to use AI to create generative art pieces that evolve over time, such as Mario Klingemann's neural network art'). General predictions without specific technologies or artists do NOT count.",Additional on-topic development,"no semantically distinct extra on-topic point, OR the 'extra' content paraphrases an idea already credited under another requirement","introduces a DISTINCT extra on-topic point — not a rephrasing or repeat of any other requirement — within the question's subject, with no further detail","introduces a distinct extra on-topic point AND develops it meaningfully (a real reason, cause, or effect — not just length)",introduces a distinct extra on-topic point AND develops it AND supports it with a concrete specific that genuinely advances the argument,auto-generated,
W-C1-11,c1,report,,150,500,"Sustainable urban development is a crucial topic in modern city planning.

Write a report on implementing sustainable urban development.

- Consider the environmental aspects of sustainable urban development
- Think about the economic viability of proposed urban solutions
- Include the social impact of urban development initiatives",Environmental aspects of sustainable urban development,absent,"mentions environmental aspects without further detail (e.g., 'sustainable urban development should consider the environment').","mentions environmental aspects AND provides a reason or explanation (e.g., 'sustainable urban development should consider the environment to reduce pollution'). (scores 2, not 3 — lacks a concrete specific such as a particular method or example of pollution reduction).","all of 2 AND includes a concrete specific that materially advances the argument (e.g., 'sustainable urban development should consider the environment to reduce pollution, such as implementing green roofs that absorb rainwater and reduce runoff'). Generic statements like 'using green technology' do NOT count as concrete specifics.",Economic viability of proposed urban solutions,absent,"mentions economic viability without further detail (e.g., 'urban solutions must be economically viable').","mentions economic viability AND provides a reason or explanation (e.g., 'urban solutions must be economically viable to ensure long-term sustainability'). (scores 2, not 3 — lacks a concrete specific such as a cost analysis or financial strategy).","all of 2 AND includes a concrete specific that materially advances the argument (e.g., 'urban solutions must be economically viable to ensure long-term sustainability, such as using public-private partnerships to fund infrastructure projects'). Vague phrases like 'finding funding' do NOT count as concrete specifics.",Social impact of urban development initiatives,absent,"mentions social impact without further detail (e.g., 'urban development initiatives affect society').","mentions social impact AND provides a reason or explanation (e.g., 'urban development initiatives affect society by improving living conditions'). (scores 2, not 3 — lacks a concrete specific such as a particular community benefit or social program).","all of 2 AND includes a concrete specific that materially advances the argument (e.g., 'urban development initiatives affect society by improving living conditions, such as creating community centers that offer educational programs for local residents'). General statements like 'helping people' do NOT count as concrete specifics.",Additional on-topic development,"no semantically distinct extra on-topic point, OR the 'extra' content paraphrases an idea already credited under another requirement","introduces a DISTINCT extra on-topic point — not a rephrasing or repeat of any other requirement — within the question's subject, with no further detail","introduces a distinct extra on-topic point AND develops it meaningfully (a real reason, cause, or effect — not just length)",introduces a distinct extra on-topic point AND develops it AND supports it with a concrete specific that genuinely advances the argument,auto-generated,
W-C1-12,c1,report,,150,500,"International refugee policy plays a crucial role in addressing global humanitarian needs.

Write a report on the effectiveness of international refugee policy.

- Consider current frameworks for international refugee policy
- Think about implementation challenges in refugee policy
- Include the humanitarian impacts of refugee policy",Current frameworks for international refugee policy,absent,"mentions current frameworks for international refugee policy without further detail (e.g., 'There are frameworks for refugee policy').","mentions current frameworks AND provides a reason or explanation (e.g., 'Current frameworks aim to protect refugees by providing legal status'). (scores 2, not 3 — lacks a specific framework or example of how it operates).","all of 2 AND includes a concrete specific, such as a named framework or a hypothetical scenario illustrating its application (e.g., 'The 1951 Refugee Convention provides a legal framework that ensures refugees have the right to work and access education, which helps them integrate into host societies'). Vague references to 'international agreements' do NOT count as concrete specifics.",Implementation challenges in refugee policy,absent,"mentions implementation challenges in refugee policy without further detail (e.g., 'There are challenges in implementing refugee policies').","mentions implementation challenges AND provides a reason or explanation (e.g., 'Implementation challenges arise due to lack of resources and coordination among countries'). (scores 2, not 3 — lacks a specific example or scenario illustrating the challenge).","all of 2 AND includes a concrete specific, such as a real-world example or a hypothetical scenario illustrating the challenge (e.g., 'In some countries, the lack of funding leads to inadequate housing for refugees, as seen in overcrowded camps where basic needs are unmet'). General statements about 'difficulties' without specifics do NOT count as concrete specifics.",Humanitarian impacts of refugee policy,absent,"mentions humanitarian impacts of refugee policy without further detail (e.g., 'Refugee policies have humanitarian impacts').","mentions humanitarian impacts AND provides a reason or explanation (e.g., 'Refugee policies can affect the well-being of displaced individuals by determining their access to essential services'). (scores 2, not 3 — lacks a specific impact or example).","all of 2 AND includes a concrete specific, such as a real-world example or a hypothetical scenario illustrating the impact (e.g., 'Policies that restrict movement can lead to prolonged stays in camps, resulting in mental health issues due to lack of freedom and opportunities'). Vague statements about 'negative effects' without specifics do NOT count as concrete specifics.",Additional on-topic development,"no semantically distinct extra on-topic point, OR the 'extra' content paraphrases an idea already credited under another requirement","introduces a DISTINCT extra on-topic point — not a rephrasing or repeat of any other requirement — within the question's subject, with no further detail","introduces a distinct extra on-topic point AND develops it meaningfully (a real reason, cause, or effect — not just length)",introduces a distinct extra on-topic point AND develops it AND supports it with a concrete specific that genuinely advances the argument,auto-generated,
W-C1-13,c1,report,,150,500,"Urban air pollution is a complex issue that requires a multifaceted approach.

Write a report on the synthesis of research regarding solutions to urban air pollution.

- Consider environmental science solutions for urban air pollution
- Think about the public health impacts of urban air pollution
- Include economic factors in urban air pollution policies",Environmental science solutions for urban air pollution,absent,"mentions environmental science solutions for urban air pollution without further detail (e.g., 'Environmental science offers solutions to urban air pollution').","mentions environmental science solutions AND provides a reason or mechanism (e.g., 'Environmental science solutions like green roofs help reduce urban air pollution by absorbing pollutants'). (scores 2, not 3 — lacks a specific example of a green roof project or similar).","all of 2 AND includes a concrete specific that materially advances the argument (e.g., 'Green roofs in New York City have reduced air pollution levels by 5% in certain districts'). General statements like 'green roofs are good' do NOT count as concrete specifics.",Public health impacts of urban air pollution,absent,"mentions public health impacts of urban air pollution without further detail (e.g., 'Urban air pollution affects public health').","mentions public health impacts AND provides a reason or effect (e.g., 'Urban air pollution leads to respiratory issues in children'). (scores 2, not 3 — lacks a specific study or example of respiratory issues).","all of 2 AND includes a concrete specific that materially advances the argument (e.g., 'A study in London found a 20% increase in asthma cases among children living near busy roads'). Vague statements like 'many people get sick' do NOT count as concrete specifics.",Economic factors in urban air pollution policies,absent,"mentions economic factors in urban air pollution policies without further detail (e.g., 'Economic factors influence urban air pollution policies').","mentions economic factors AND provides a reason or mechanism (e.g., 'Economic factors such as funding availability determine the implementation of air pollution policies'). (scores 2, not 3 — lacks a specific example of a policy affected by funding).","all of 2 AND includes a concrete specific that materially advances the argument (e.g., 'The Clean Air Act in the US was delayed due to budget constraints, impacting policy enforcement'). General statements like 'policies need money' do NOT count as concrete specifics.",Additional on-topic development,"no semantically distinct extra on-topic point, OR the 'extra' content paraphrases an idea already credited under another requirement","introduces a DISTINCT extra on-topic point — not a rephrasing or repeat of any other requirement — within the question's subject, with no further detail","introduces a distinct extra on-topic point AND develops it meaningfully (a real reason, cause, or effect — not just length)",introduces a distinct extra on-topic point AND develops it AND supports it with a concrete specific that genuinely advances the argument,auto-generated,
W-C1-14,c1,essay,,150,500,"Consider the impact of individual actions versus corporate and government policies on environmental protection.

Write an essay discussing the significance of individual actions compared to institutional policies in environmental protection.

- Think about the comparison of individual and institutional responsibility
- Include examples supporting individual and institutional impact
- Present your opinion with supporting reasons",Comparison of individual and institutional responsibility,absent,"mentions individual or institutional responsibility without comparison or further detail (e.g., 'Individuals are responsible for the environment').","compares individual and institutional responsibility with a reason or explanation (e.g., 'Individuals can recycle, but institutions have the power to enforce environmental laws'). (scores 2, not 3 — provides a comparison but lacks a concrete specific example).","all of 2 AND includes a concrete specific that materially develops the comparison (e.g., 'While individuals can reduce waste by recycling at home, institutions like the government can implement nationwide recycling programs that significantly reduce landfill waste'). Vague comparisons like 'individuals do their part, but institutions do more' do NOT count.",Examples supporting individual and institutional impact,absent,"mentions an example of individual or institutional impact without further detail (e.g., 'Individuals can recycle').","provides an example of individual or institutional impact with a reason or explanation (e.g., 'Individuals can reduce their carbon footprint by using public transport'). (scores 2, not 3 — gives an example and reason but lacks a concrete specific).","all of 2 AND includes a concrete specific that materially advances the example (e.g., 'Individuals who switch to cycling for their daily commute can reduce their carbon emissions by up to 1.5 tons annually, while companies that adopt renewable energy can cut emissions by 30%'). Generic statements like 'people can help the environment' do NOT count.",Your opinion with supporting reasons,absent,"states an opinion on the topic without supporting reasons (e.g., 'I believe individuals have a significant impact').","provides an opinion with supporting reasons or explanations (e.g., 'I believe individuals have a significant impact because they can influence others through their actions'). (scores 2, not 3 — gives reasons but lacks a concrete specific).","all of 2 AND includes a concrete specific that materially develops the opinion (e.g., 'I believe individuals have a significant impact because, for instance, when my community started a local recycling initiative, it led to a 20% reduction in waste, showing how collective individual actions can lead to substantial environmental benefits'). Vague opinions like 'individuals can make a difference' do NOT count.",Additional on-topic development,"no semantically distinct extra on-topic point, OR the 'extra' content paraphrases an idea already credited under another requirement","introduces a DISTINCT extra on-topic point — not a rephrasing or repeat of any other requirement — within the question's subject, with no further detail","introduces a distinct extra on-topic point AND develops it meaningfully (a real reason, cause, or effect — not just length)",introduces a distinct extra on-topic point AND develops it AND supports it with a concrete specific that genuinely advances the argument,auto-generated,
W-C1-15,c1,essay,,150,500,"The development of Artificial Intelligence raises important questions about regulation.

Write an essay discussing whether AI development should be strictly regulated by international law.

- Consider current AI applications and associated risks
- Think about the ethical implications of AI development
- Include economic factors influencing AI regulation",Current AI applications and associated risks,absent,"mentions AI applications or risks without further detail (e.g., 'AI is used in many fields').","names an AI application and explains an associated risk or benefit (e.g., 'AI in healthcare can improve diagnostics but raises privacy concerns'). (scores 2, not 3 — provides a reason but lacks a concrete specific example or scenario).","all of 2 AND includes a concrete specific that materially develops the point (e.g., 'AI in autonomous vehicles can reduce accidents, but a malfunction in a Tesla car led to a crash, highlighting safety risks'). General statements like 'AI can be dangerous' do NOT count as concrete specifics.",Ethical implications of AI development,absent,"mentions ethical implications of AI without further detail (e.g., 'AI raises ethical questions').","names an ethical implication and provides a reason or explanation (e.g., 'AI can lead to job displacement, raising ethical concerns about unemployment'). (scores 2, not 3 — provides a reason but lacks a concrete specific example or scenario).","all of 2 AND includes a concrete specific that materially develops the point (e.g., 'AI algorithms can perpetuate bias, as seen when a facial recognition system misidentified people of color, leading to wrongful arrests'). Vague statements like 'AI can be unfair' do NOT count as concrete specifics.",Economic factors influencing AI regulation,absent,"mentions economic factors related to AI regulation without further detail (e.g., 'Economics affects AI regulation').","names an economic factor and explains its influence on AI regulation (e.g., 'The cost of implementing AI regulations can deter small businesses from adopting AI technologies'). (scores 2, not 3 — provides a reason but lacks a concrete specific example or scenario).","all of 2 AND includes a concrete specific that materially develops the point (e.g., 'High compliance costs for AI regulations can stifle innovation, as seen when a startup in Silicon Valley had to shut down due to regulatory expenses'). General statements like 'regulations are expensive' do NOT count as concrete specifics.",Additional on-topic development,"no semantically distinct extra on-topic point, OR the 'extra' content paraphrases an idea already credited under another requirement","introduces a DISTINCT extra on-topic point — not a rephrasing or repeat of any other requirement — within the question's subject, with no further detail","introduces a distinct extra on-topic point AND develops it meaningfully (a real reason, cause, or effect — not just length)",introduces a distinct extra on-topic point AND develops it AND supports it with a concrete specific that genuinely advances the argument,auto-generated,
W-C1-16,c1,long answer,,150,500,"Evaluate a recent international environmental agreement.

Write a review discussing its key aspects and implications.

- Consider the key provisions of the agreement
- Think about the interests and conflicts among stakeholders
- Include the implementation challenges and possible solutions",Key provisions of the agreement,absent,"mentions key provisions of the agreement without further detail (e.g., 'The agreement includes several key provisions').","mentions key provisions AND provides a reason or explanation for their importance (e.g., 'The agreement includes provisions on carbon emissions because they are crucial for reducing global warming'). (scores 2, not 3 — provides a reason but lacks a concrete specific provision or example).","all of 2 AND includes a concrete specific provision or example that materially develops the point (e.g., 'The agreement mandates a 30% reduction in carbon emissions by 2030, which is essential for meeting international climate targets'). Vague statements like 'important provisions' do NOT count.",Stakeholder interests and conflicts,absent,"mentions stakeholder interests and conflicts without further detail (e.g., 'There are various stakeholder interests involved').","mentions stakeholder interests and conflicts AND provides a reason or explanation (e.g., 'Stakeholders have conflicting interests because environmental regulations can impact economic growth'). (scores 2, not 3 — explains the conflict but lacks a concrete specific stakeholder or scenario).","all of 2 AND includes a concrete specific stakeholder or scenario that materially develops the point (e.g., 'Environmental NGOs advocate for stricter regulations, while industrial stakeholders argue for economic flexibility, highlighting the tension between environmental protection and economic interests'). Generic statements like 'some stakeholders disagree' do NOT count.",Implementation challenges and solutions,absent,"mentions implementation challenges and solutions without further detail (e.g., 'There are challenges in implementing the agreement').","mentions implementation challenges and solutions AND provides a reason or explanation (e.g., 'Implementation is challenging due to lack of funding, which hinders progress'). (scores 2, not 3 — identifies a challenge but lacks a concrete specific solution or example).","all of 2 AND includes a concrete specific solution or example that materially develops the point (e.g., 'To overcome funding challenges, the agreement proposes a global green fund supported by developed nations, which could provide necessary resources for implementation'). Vague solutions like 'more funding is needed' do NOT count.",Additional on-topic development,"no semantically distinct extra on-topic point, OR the 'extra' content paraphrases an idea already credited under another requirement","introduces a DISTINCT extra on-topic point — not a rephrasing or repeat of any other requirement — within the question's subject, with no further detail","introduces a distinct extra on-topic point AND develops it meaningfully (a real reason, cause, or effect — not just length)",introduces a distinct extra on-topic point AND develops it AND supports it with a concrete specific that genuinely advances the argument,auto-generated,
W-C2-20260324071428,c2,letter/email,global challenges (accessible),150,500,"Global challenges need to be made more accessible to the public.

Write an email to the editor of an international policy journal about this issue.

- Think about whether complexity is a barrier to civic engagement
- Consider a two-track strategy for widening access
- Include comparative examples and potential trade-offs",Evaluation of complexity as a barrier,absent,"mentions complexity as a barrier without further detail (e.g., 'Complexity is a barrier to engagement').","mentions complexity as a barrier AND provides a reason or explanation (e.g., 'Complexity can deter public engagement because it makes information hard to understand'). (scores 2, not 3 — provides a reason but lacks a concrete specific example or scenario).","all of 2 AND includes a concrete specific that materially advances the argument (e.g., 'Complexity in legal documents often prevents citizens from understanding their rights, as seen when my friend struggled with a housing contract'). Vague statements like 'complex topics are confusing' do NOT count.",Two-track strategy for widening access,absent,"mentions a two-track strategy without further detail (e.g., 'We need a two-track strategy').","mentions a two-track strategy AND explains the approach (e.g., 'A two-track strategy could involve simplifying language for the general public while providing detailed reports for experts'). (scores 2, not 3 — explains the strategy but lacks a concrete specific example or scenario).","all of 2 AND includes a concrete specific that materially advances the argument (e.g., 'A two-track strategy could involve creating easy-to-read summaries for the public, like the simplified guides my local council provides, alongside detailed policy documents for professionals'). General statements like 'make it easier for everyone' do NOT count.",Comparative examples and potential trade-offs,absent,"mentions comparative examples or trade-offs without further detail (e.g., 'There are trade-offs to consider').","mentions comparative examples or trade-offs AND provides an explanation (e.g., 'Simplifying information can increase accessibility but may lead to loss of important details'). (scores 2, not 3 — provides an explanation but lacks a concrete specific example or scenario).","all of 2 AND includes a concrete specific that materially advances the argument (e.g., 'Simplifying scientific reports can make them more accessible to the public, but as seen in the case of climate change summaries, this sometimes omits critical data that experts need'). General statements like 'some details might be lost' do NOT count.",Additional on-topic development,"no semantically distinct extra on-topic point, OR the 'extra' content paraphrases an idea already credited under another requirement","introduces a DISTINCT extra on-topic point — not a rephrasing or repeat of any other requirement — within the question's subject, with no further detail","introduces a distinct extra on-topic point AND develops it meaningfully (a real reason, cause, or effect — not just length)",introduces a distinct extra on-topic point AND develops it AND supports it with a concrete specific that genuinely advances the argument,auto-generated,
W-B1-20260414131142,b1,summary,self and identity,50,300,"Write about yourself and your interests.

Read the text below and summarise your personal details and motivations.

- Include details about your name, age, and job
- Think about your hobbies and free-time activities
- Consider your reasons for wanting to join ES Dubai","Details about your name, age, and job",absent,"states their name, age, or job in a complete sentence without further detail (e.g., 'My name is John').","provides a reason or context for mentioning their name, age, or job (e.g., 'I am 25 years old and work as a teacher because I love helping children learn'). (scores 2, not 3 — provides a reason but lacks a concrete specific about the job or personal experience).","all of 2 AND includes a concrete specific such as a personal anecdote or detail about their job (e.g., 'I am 25 years old and work as a teacher at Greenfield School, where I teach English to 30 students every day'). Generic statements like 'I have a good job' do NOT count as concrete specifics.",Your hobbies and free-time activities,absent,"mentions a hobby or free-time activity in a complete sentence without further detail (e.g., 'I like reading').","names a hobby or activity AND provides a reason or context for it (e.g., 'I enjoy reading because it helps me relax after a long day'). (scores 2, not 3 — provides a reason but lacks a concrete specific about the hobby or activity).","all of 2 AND includes a concrete specific such as a personal anecdote or detail about the hobby (e.g., 'I enjoy reading mystery novels, especially Agatha Christie's books, because they keep me engaged and curious'). Vague statements like 'I like books' do NOT count as concrete specifics.",Reasons for wanting to join ES Dubai,absent,"states a reason for wanting to join ES Dubai in a complete sentence without further detail (e.g., 'I want to join ES Dubai').","provides a reason for wanting to join ES Dubai AND adds a specific explanation (e.g., 'I want to join ES Dubai to improve my English skills because it offers excellent language courses'). (scores 2, not 3 — provides a reason but lacks a concrete specific about the courses or personal goals).","all of 2 AND includes a concrete specific such as a personal goal or detail about the program (e.g., 'I want to join ES Dubai to improve my English skills, particularly in business communication, as they offer a specialized course that aligns with my career goals'). Generic statements like 'it is a good school' do NOT count as concrete specifics.",Additional on-topic development,"no semantically distinct extra on-topic point, OR the 'extra' content paraphrases an idea already credited under another requirement","introduces a DISTINCT extra on-topic point — not a rephrasing or repeat of any other requirement — within the question's subject, with no further detail","introduces a distinct extra on-topic point AND develops it meaningfully (a real reason, cause, or effect — not just length)",introduces a distinct extra on-topic point AND develops it AND supports it with a concrete specific that genuinely advances the argument,auto-generated,
W-B2-20260420061805,b2,essay,general,50,250,"Children from different financial backgrounds may face varying challenges in adulthood.

Write an essay discussing whether children from less wealthy families are better prepared for adult life than those from wealthy families.

- Think about the challenges faced by children from wealthy and less wealthy families
- Consider how a family's financial background can influence a child's problem-solving skills
- Include a personal example that illustrates the impact of financial background",Comparison of challenges faced by wealthy and less wealthy children,absent,"mentions that wealthy and less wealthy children face different challenges without further detail (e.g., 'wealthy and less wealthy children have different challenges').","describes a specific challenge for each group with a reason or explanation (e.g., 'wealthy children may struggle with entitlement, while less wealthy children might face resource scarcity'). (scores 2, not 3 — provides reasons but lacks concrete specifics for each challenge).","all of 2 AND provides TWO concrete specifics that materially develop the comparison (e.g., 'wealthy children might have access to private tutors but feel isolated, while less wealthy children might excel in public schools due to strong community support'). Generic statements like 'they have different lives' do NOT count.",How financial background influences problem-solving skills,absent,"states that financial background affects problem-solving skills without further detail (e.g., 'financial background influences problem-solving skills').","explains how financial background affects problem-solving skills with a reason (e.g., 'children from less wealthy backgrounds may develop better problem-solving skills because they often have to find creative solutions to financial constraints'). (scores 2, not 3 — provides a reason but lacks a concrete specific example).","all of 2 AND includes a concrete specific that materially advances the argument (e.g., 'a child from a less wealthy family might learn to fix broken toys themselves, while a wealthy child might simply replace them'). Vague statements like 'they learn differently' do NOT count.",Personal example illustrating financial background impact,absent,"mentions a personal example related to financial background without further detail (e.g., 'my financial background affected me').","provides a personal example with a reason or explanation (e.g., 'growing up in a less wealthy family taught me to be resourceful because we had to make do with what we had'). (scores 2, not 3 — gives a reason but lacks a concrete specific detail).","all of 2 AND includes a concrete specific that materially develops the example (e.g., 'I learned to sew my own clothes because we couldn't afford new ones, which taught me valuable problem-solving skills'). General statements like 'I learned a lot' do NOT count.",Additional on-topic development,"no semantically distinct extra on-topic point, OR the 'extra' content paraphrases an idea already credited under another requirement","introduces a DISTINCT extra on-topic point — not a rephrasing or repeat of any other requirement — within the question's subject, with no further detail","introduces a distinct extra on-topic point AND develops it meaningfully (a real reason, cause, or effect — not just length)",introduces a distinct extra on-topic point AND develops it AND supports it with a concrete specific that genuinely advances the argument,auto-generated,
W-B2-20260420061915,b2,essay,general,100,400,"International tourism has both benefits and drawbacks for local communities and the environment.

Write an essay discussing whether the disadvantages of international tourism outweigh its advantages.

- Consider the advantages of international tourism for local economies
- Think about the negative impacts of tourism on local inhabitants
- Include the environmental consequences of increased tourism",Advantages of international tourism for local economies,absent,"mentions that international tourism benefits local economies without further detail (e.g., 'Tourism helps local economies').","states a benefit of tourism for local economies AND provides a reason or explanation (e.g., 'Tourism boosts local economies by increasing demand for local goods and services'). (scores 2, not 3 — provides a reason but lacks a concrete specific such as a type of business or service that benefits).","all of 2 AND includes TWO concrete specifics that materially develop the point (e.g., 'Tourism boosts local economies by increasing demand for local goods and services, such as local crafts and guided tours, which creates jobs and supports small businesses'). Generic statements like 'it helps many people' do NOT count.",Negative impacts of tourism on local inhabitants,absent,"mentions that tourism negatively impacts local inhabitants without further detail (e.g., 'Tourism can harm local people').","describes a negative impact of tourism on local inhabitants AND provides a reason or explanation (e.g., 'Tourism can lead to overcrowding, making daily life difficult for locals'). (scores 2, not 3 — provides a reason but lacks a concrete specific such as a particular area or aspect of life affected).","all of 2 AND includes TWO concrete specifics that materially develop the point (e.g., 'Tourism can lead to overcrowding, making daily life difficult for locals, such as increased traffic congestion and higher living costs in popular tourist areas'). Vague phrases like 'it causes problems' do NOT count.",Environmental consequences of increased tourism,absent,"mentions that tourism has environmental consequences without further detail (e.g., 'Tourism affects the environment').","describes an environmental consequence of tourism AND provides a reason or explanation (e.g., 'Tourism can lead to environmental degradation due to increased waste and pollution'). (scores 2, not 3 — provides a reason but lacks a concrete specific such as a specific location or type of pollution).","all of 2 AND includes TWO concrete specifics that materially develop the point (e.g., 'Tourism can lead to environmental degradation due to increased waste and pollution, such as plastic waste on beaches and air pollution from increased vehicle traffic'). General statements like 'it harms nature' do NOT count.",Additional on-topic development,"no semantically distinct extra on-topic point, OR the 'extra' content paraphrases an idea already credited under another requirement","introduces a DISTINCT extra on-topic point — not a rephrasing or repeat of any other requirement — within the question's subject, with no further detail","introduces a distinct extra on-topic point AND develops it meaningfully (a real reason, cause, or effect — not just length)",introduces a distinct extra on-topic point AND develops it AND supports it with a concrete specific that genuinely advances the argument,auto-generated,
W-B2-20260421071523,b2,paragraph,general,100,400,"Share some personal information about yourself.

Write a paragraph about your background and interests.

- Include details about your personal background
- Describe your hobbies and interests
- Explain your reasons for wanting to join ES Dubai",Details about your personal background,absent,"mentions basic personal details such as name, age, or nationality without further elaboration (e.g., 'I am 25 years old').","provides personal details AND a reason or context for sharing them (e.g., 'I am 25 years old and have been working as a teacher for three years because I love helping students learn'). (scores 2, not 3 — provides context but lacks a concrete specific like a personal anecdote or detailed example).","all of 2 AND includes a concrete specific that materially develops the background (e.g., 'I am 25 years old and have been working as a teacher for three years. Last year, I received an award for innovative teaching methods, which motivated me to pursue further studies in education'). Generic statements like 'I have a good job' do NOT count.",Description of your hobbies and interests,absent,"mentions a hobby or interest without further detail (e.g., 'I like reading').","mentions a hobby or interest AND provides a reason or context (e.g., 'I like reading because it helps me relax after a long day'). (scores 2, not 3 — provides a reason but lacks a concrete specific like a particular book or author).","all of 2 AND includes a concrete specific that materially develops the interest (e.g., 'I like reading because it helps me relax after a long day. Recently, I finished 'The Great Gatsby', which gave me a new perspective on the American Dream'). Vague statements like 'I read a lot' do NOT count.",Reasons for wanting to join ES Dubai,absent,"states a desire to join ES Dubai without further explanation (e.g., 'I want to join ES Dubai').","states a desire to join ES Dubai AND provides a reason or context (e.g., 'I want to join ES Dubai because it offers excellent language programs'). (scores 2, not 3 — provides a reason but lacks a concrete specific like a personal goal or detailed example).","all of 2 AND includes a concrete specific that materially develops the reason (e.g., 'I want to join ES Dubai because it offers excellent language programs. My goal is to improve my English skills to advance my career in international business, and ES Dubai's focus on practical language use aligns perfectly with this aim'). Generic statements like 'it is a good school' do NOT count.",Additional on-topic development,"no semantically distinct extra on-topic point, OR the 'extra' content paraphrases an idea already credited under another requirement","introduces a DISTINCT extra on-topic point — not a rephrasing or repeat of any other requirement — within the question's subject, with no further detail","introduces a distinct extra on-topic point AND develops it meaningfully (a real reason, cause, or effect — not just length)",introduces a distinct extra on-topic point AND develops it AND supports it with a concrete specific that genuinely advances the argument,auto-generated,
W-A1-50,a1,placement writing,"people, relationships, and family (a1)",50,150,"Think about a person you know well.

Write a paragraph about this person.

- Include their name, your relationship with them, and their age
- Describe two things about how they look
- Mention two things they do every day","Name, relationship, and age of the person",absent,"mentions the person's name, relationship, or age without further detail (e.g., 'This is my friend John').","provides the person's name, relationship, and age with a simple reason or context (e.g., 'This is my friend John, who is 25, and we met in school'). (scores 2, not 3 — provides context but lacks a concrete specific about the relationship or age).","all of 2 AND includes a concrete specific that materially develops the relationship or age (e.g., 'This is my friend John, who is 25. We met in school, and he was the first person to help me with my math homework'). Generic statements like 'he is a good friend' do NOT count as concrete specifics.",Two physical characteristics of the person,absent,"mentions one or two physical characteristics without further detail (e.g., 'He has brown hair').","describes two physical characteristics with a simple reason or context (e.g., 'He has brown hair and blue eyes, which make him stand out in a crowd'). (scores 2, not 3 — provides characteristics but lacks a concrete specific about their significance or uniqueness).","all of 2 AND includes a concrete specific that materially develops the characteristics (e.g., 'He has brown hair and blue eyes, which make him stand out in a crowd. His eyes are the same shade as the ocean on a sunny day'). Vague descriptions like 'he looks nice' do NOT count as concrete specifics.",Two daily activities of the person,absent,"mentions one or two daily activities without further detail (e.g., 'He goes to work').","describes two daily activities with a simple reason or context (e.g., 'He goes to work and then plays soccer in the evening to stay fit'). (scores 2, not 3 — provides activities but lacks a concrete specific about their impact or routine).","all of 2 AND includes a concrete specific that materially develops the activities (e.g., 'He goes to work at a local café and then plays soccer in the evening with his neighborhood team, which helps him stay fit and social'). Generic statements like 'he is busy every day' do NOT count as concrete specifics.",Additional on-topic development,"no semantically distinct extra on-topic point, OR the 'extra' content paraphrases an idea already credited under another requirement","introduces a DISTINCT extra on-topic point — not a rephrasing or repeat of any other requirement — within the question's subject, with no further detail","introduces a distinct extra on-topic point AND develops it meaningfully (a real reason, cause, or effect — not just length)",introduces a distinct extra on-topic point AND develops it AND supports it with a concrete specific that genuinely advances the argument,auto-generated,
W-A1-51,a1,placement writing,"countries, cities, towns, and public places (a1)",50,150,"Think about a place you visit.

Write a paragraph about this place.

- Include the name and location of the place
- Mention two activities you do there
- Consider who you go with",Name and location of the place,absent,"states the name or location of the place without further detail (e.g., 'I go to the park').","names the place and provides a reason or context for going there (e.g., 'I go to the park near my house because it's peaceful'). (scores 2, not 3 — provides a reason but no specific detail about the park).","all of 2 AND includes a concrete specific about the place (e.g., 'I go to the park near my house because it's peaceful, especially the small pond where ducks swim'). Generic descriptions like 'a nice place' do NOT count as concrete specifics.",Two activities you do there,absent,"mentions one or two activities done at the place without further detail (e.g., 'I play and relax there').","describes two activities with a reason or context for doing them (e.g., 'I play soccer and have picnics there because it's spacious'). (scores 2, not 3 — describes activities but lacks specific details about them).","all of 2 AND includes a concrete specific about one of the activities (e.g., 'I play soccer with my friends on the large field and have picnics under the big oak tree'). Vague descriptions like 'fun activities' do NOT count as concrete specifics.",Who you go with,absent,"mentions a person or group without further detail (e.g., 'I go with my family').","mentions who they go with and provides a reason or context (e.g., 'I go with my family because we enjoy spending time together'). (scores 2, not 3 — provides a reason but lacks specific details about the person or group).","all of 2 AND includes a concrete specific about the person or group (e.g., 'I go with my family, including my sister who loves the swings'). Generic mentions like 'my friends' do NOT count as concrete specifics.",Additional on-topic development,"no semantically distinct extra on-topic point, OR the 'extra' content paraphrases an idea already credited under another requirement","introduces a DISTINCT extra on-topic point — not a rephrasing or repeat of any other requirement — within the question's subject, with no further detail","introduces a distinct extra on-topic point AND develops it meaningfully (a real reason, cause, or effect — not just length)",introduces a distinct extra on-topic point AND develops it AND supports it with a concrete specific that genuinely advances the argument,auto-generated,
W-A2-50,a2,placement writing,"sports, hobbies, and interests (a2)",80,200,"Think about an activity you enjoy doing.

Write a paragraph about this activity.

- Include the name of the activity you enjoy
- Mention when and where you do the activity
- Explain the reason why you like the activity",Name of the activity you enjoy,absent,"states the activity they enjoy without any additional detail (e.g., 'I enjoy swimming').","names the activity and provides a reason for enjoyment (e.g., 'I enjoy swimming because it helps me relax'). (scores 2, not 3 — provides a reason but no specific detail about the activity or experience).","all of 2 AND includes a concrete specific about the activity (e.g., 'I enjoy swimming at the local pool every Saturday morning because it helps me relax and I love the feeling of the water'). Generic statements like 'it's fun' do NOT count as concrete specifics.",When and where you do the activity,absent,"mentions when or where they do the activity without further detail (e.g., 'I swim on weekends').","provides both a time and a place for the activity (e.g., 'I swim every Saturday at the community pool'). (scores 2, not 3 — gives time and place but lacks a specific detail about the setting or experience).","all of 2 AND includes a concrete specific about the time or place (e.g., 'I swim every Saturday morning at the community pool, which is quiet and peaceful at that time'). Vague phrases like 'a nice place' do NOT count as concrete specifics.",Reason why you like the activity,absent,"states they like the activity without giving a reason (e.g., 'I like swimming').","provides a reason for liking the activity (e.g., 'I like swimming because it is good exercise'). (scores 2, not 3 — gives a reason but lacks a specific example or detail).","all of 2 AND includes a concrete specific that illustrates the reason (e.g., 'I like swimming because it is good exercise, and I always feel refreshed after doing 20 laps in the pool'). General statements like 'it's healthy' do NOT count as concrete specifics.",Additional on-topic development,"no semantically distinct extra on-topic point, OR the 'extra' content paraphrases an idea already credited under another requirement","introduces a DISTINCT extra on-topic point — not a rephrasing or repeat of any other requirement — within the question's subject, with no further detail","introduces a distinct extra on-topic point AND develops it meaningfully (a real reason, cause, or effect — not just length)",introduces a distinct extra on-topic point AND develops it AND supports it with a concrete specific that genuinely advances the argument,auto-generated,
W-A2-51,a2,placement writing,"countries, cities, towns, and public places (a2)",80,200,"Think about a place you enjoy visiting.

Write a paragraph about why you like this place.

- Include where the place is and when you visit
- Mention two activities you do there
- Give one reason why you like the place",Where the place is and when you visit,absent,"states the place's name or location with no time or additional detail (e.g., 'I like the park').","names the place and provides a reason or time for visiting (e.g., 'I visit the park every weekend because it is peaceful'). (scores 2, not 3 — provides a reason and time, but no specific detail about the place or visit).","all of 2 AND a concrete specific about the place or visit (e.g., 'I visit Central Park every Saturday morning because the fresh air and the sound of birds help me relax'). Vague descriptions like 'a nice park' do NOT count as concrete specifics.",Two activities you do there,absent,"mentions one or more activities without further detail (e.g., 'I play and relax').","describes two activities with a reason or effect (e.g., 'I play soccer and have picnics because they are fun'). (scores 2, not 3 — describes activities and reasons, but lacks specific details about the activities).","all of 2 AND a concrete specific about the activities (e.g., 'I play soccer with my friends every Sunday and have picnics with my family, enjoying homemade sandwiches and fresh lemonade'). Generic statements like 'I do fun things' do NOT count as concrete specifics.",One reason why you like the place,absent,"states a reason for liking the place without further detail (e.g., 'I like it because it is nice').","provides a reason with some explanation (e.g., 'I like the park because it is peaceful and helps me relax'). (scores 2, not 3 — gives a reason and explanation, but lacks a specific example or detail).","all of 2 AND a concrete specific that elaborates on the reason (e.g., 'I like the park because it is peaceful; the sound of the fountain and the sight of children playing make it a perfect escape from city noise'). Vague reasons like 'it is nice' do NOT count as concrete specifics.",Additional on-topic development,"no semantically distinct extra on-topic point, OR the 'extra' content paraphrases an idea already credited under another requirement","introduces a DISTINCT extra on-topic point — not a rephrasing or repeat of any other requirement — within the question's subject, with no further detail","introduces a distinct extra on-topic point AND develops it meaningfully (a real reason, cause, or effect — not just length)",introduces a distinct extra on-topic point AND develops it AND supports it with a concrete specific that genuinely advances the argument,auto-generated,
W-B1-50,b1,placement writing,"education, study, and language (b1)",100,250,"Many people find certain tasks difficult to do.

Write a paragraph about something that is challenging for many people.

- Think about what the difficult thing is and why it is challenging
- Consider the effects on people who try it
- Include ways to make it easier",What the difficult thing is and why,absent,"names a difficult task with no reason or explanation (e.g., 'Learning a new language is hard').","names a difficult task AND provides a reason or explanation for its difficulty (e.g., 'Learning a new language is hard because it requires memorizing many new words'). (scores 2, not 3 — provides a reason but lacks a concrete specific like a personal experience or detailed example).","all of 2 AND includes a concrete specific that materially develops the explanation (e.g., 'Learning a new language is hard because it requires memorizing many new words, like when I tried to learn Spanish and struggled with the vocabulary for months'). Generic statements like 'it's challenging for everyone' do NOT count as concrete specifics.",Effects on people who try it,absent,"mentions an effect on people without detail or explanation (e.g., 'It can be frustrating').","describes an effect on people AND provides a reason or explanation (e.g., 'It can be frustrating because progress is slow'). (scores 2, not 3 — explains the effect but lacks a concrete specific such as a personal story or detailed scenario).","all of 2 AND includes a concrete specific that materially develops the effect (e.g., 'It can be frustrating because progress is slow, as I experienced when I spent weeks trying to master the pronunciation of French vowels'). Vague effects like 'it makes people tired' do NOT count as concrete specifics.",Ways to make it easier,absent,"suggests a way to make the task easier without detail (e.g., 'Practice can help').","suggests a way to make the task easier AND provides a reason or explanation (e.g., 'Practice can help because it builds familiarity'). (scores 2, not 3 — suggests a method and reason but lacks a concrete specific such as a personal example or detailed method).","all of 2 AND includes a concrete specific that materially develops the suggestion (e.g., 'Practice can help because it builds familiarity, like when I practiced speaking with a language partner every day and noticed my confidence improving'). General suggestions like 'just try harder' do NOT count as concrete specifics.",Additional on-topic development,"no semantically distinct extra on-topic point, OR the 'extra' content paraphrases an idea already credited under another requirement","introduces a DISTINCT extra on-topic point — not a rephrasing or repeat of any other requirement — within the question's subject, with no further detail","introduces a distinct extra on-topic point AND develops it meaningfully (a real reason, cause, or effect — not just length)",introduces a distinct extra on-topic point AND develops it AND supports it with a concrete specific that genuinely advances the argument,auto-generated,
W-B1-51,b1,placement writing,body and health (b1),100,250,"Changing a common habit can be challenging.

Write a paragraph about why it is difficult to change a habit.

- Think about what the habit is and why people start it
- Consider two reasons why it is hard to change
- Include steps showing how it changes over time",What the habit is and why people start it,absent,"mentions a habit without explaining why people start it (e.g., 'Smoking is a habit').","names a habit AND provides a reason why people start it (e.g., 'People start smoking because it helps them relax'). (scores 2, not 3 — provides a reason but lacks a concrete specific like a personal story or example).","all of 2 AND includes a concrete specific that materially develops the point (e.g., 'Many teenagers start smoking because they see their friends doing it at school, like my cousin who picked it up during high school breaks'). General statements like 'many people start because of stress' do NOT count as concrete specifics.",Two reasons why it is hard to change,absent,"mentions that the habit is hard to change without giving reasons (e.g., 'Smoking is hard to quit').","provides one reason why the habit is hard to change (e.g., 'Smoking is hard to quit because it is addictive'). (scores 2, not 3 — gives a reason but lacks a concrete specific like a personal or hypothetical example).","all of 2 AND includes a concrete specific that materially develops the point (e.g., 'Smoking is hard to quit because it is addictive; for instance, my uncle tried to quit several times but always relapsed when stressed at work'). Vague statements like 'it's difficult because it's a habit' do NOT count as concrete specifics.",Steps showing how it changes over time,absent,"mentions that the habit can change over time without detailing steps (e.g., 'Smoking habits can change').","describes one step in how the habit changes over time (e.g., 'People often start by reducing the number of cigarettes they smoke each day'). (scores 2, not 3 — describes a step but lacks a concrete specific like a personal or hypothetical scenario).","all of 2 AND includes a concrete specific that materially develops the point (e.g., 'Many people start by reducing the number of cigarettes they smoke each day; for example, my friend began by cutting down from a pack a day to just five cigarettes, eventually quitting altogether'). General statements like 'people just stop over time' do NOT count as concrete specifics.",Additional on-topic development,"no semantically distinct extra on-topic point, OR the 'extra' content paraphrases an idea already credited under another requirement","introduces a DISTINCT extra on-topic point — not a rephrasing or repeat of any other requirement — within the question's subject, with no further detail","introduces a distinct extra on-topic point AND develops it meaningfully (a real reason, cause, or effect — not just length)",introduces a distinct extra on-topic point AND develops it AND supports it with a concrete specific that genuinely advances the argument,auto-generated,
W-B2-50,b2,placement writing,workplace and jobs (b2),150,300,"Compare working or studying at home with working or studying in an office or school.

Write an essay discussing the differences between these two settings.

- Think about the main advantages of working or studying at home versus in an office or school
- Consider the main disadvantages of each setting
- Include which setting works better for most people and why",Main advantages of home versus office/school,absent,"states an advantage of home without further detail (e.g., 'working from home is more comfortable').","names an advantage of home AND provides a reason or explanation (e.g., 'working from home is more comfortable because you can set your own schedule'). (scores 2, not 3 — provides a reason but lacks a concrete specific like a personal anecdote or example).","all of 2 AND includes a concrete specific that materially develops the point (e.g., 'working from home is more comfortable because you can set your own schedule, such as starting work early to finish by afternoon, which allows more family time'). Generic statements like 'it's better for everyone' do NOT count.",Main disadvantages of home versus office/school,absent,"states a disadvantage of home without further detail (e.g., 'working from home can be isolating').","names a disadvantage of home AND provides a reason or explanation (e.g., 'working from home can be isolating because you miss out on social interactions with colleagues'). (scores 2, not 3 — provides a reason but lacks a concrete specific like a personal anecdote or example).","all of 2 AND includes a concrete specific that materially develops the point (e.g., 'working from home can be isolating because you miss out on social interactions, such as casual chats during coffee breaks that can lead to new ideas'). Vague statements like 'it's not good for everyone' do NOT count.",Which setting works better for most people and why,absent,"states a preference for home or office/school without further detail (e.g., 'home is better for most people').","states a preference AND provides a reason or explanation (e.g., 'home is better for most people because it offers more flexibility'). (scores 2, not 3 — provides a reason but lacks a concrete specific like a personal anecdote or example).","all of 2 AND includes a concrete specific that materially develops the point (e.g., 'home is better for most people because it offers more flexibility, such as allowing parents to manage childcare while working, which can reduce stress'). General statements like 'it's more convenient' do NOT count.",Additional on-topic development,"no semantically distinct extra on-topic point, OR the 'extra' content paraphrases an idea already credited under another requirement","introduces a DISTINCT extra on-topic point — not a rephrasing or repeat of any other requirement — within the question's subject, with no further detail","introduces a distinct extra on-topic point AND develops it meaningfully (a real reason, cause, or effect — not just length)",introduces a distinct extra on-topic point AND develops it AND supports it with a concrete specific that genuinely advances the argument,auto-generated,
W-B2-51,b2,placement writing,"countries, cities, towns, and public places (b2)",150,300,"Living in a big city is different from living in a small town or the countryside.

Write an essay comparing these living environments.

- Think about the main advantage of living in a big city
- Consider the main disadvantage of living in a small town
- Include which living environment is better for most people today and why",Main advantage of living in a big city,absent,"states an advantage of living in a big city without further detail (e.g., 'Living in a big city offers many opportunities').","names an advantage AND provides a reason or explanation (e.g., 'Living in a big city offers many job opportunities because there are numerous companies and industries located there'). (scores 2, not 3 — provides a reason but lacks a concrete specific such as a named company or industry).","all of 2 AND includes a concrete specific that materially develops the point (e.g., 'Living in a big city offers many job opportunities because there are numerous companies like Google and Amazon that provide diverse career paths'). Generic statements like 'many companies' do NOT count as concrete specifics.",Main disadvantage of living in a small town,absent,"states a disadvantage of living in a small town without further detail (e.g., 'Living in a small town can be isolating').","names a disadvantage AND provides a reason or explanation (e.g., 'Living in a small town can be isolating because there are fewer social activities and entertainment options'). (scores 2, not 3 — provides a reason but lacks a concrete specific such as a named activity or event).","all of 2 AND includes a concrete specific that materially develops the point (e.g., 'Living in a small town can be isolating because there are fewer social activities, such as concerts or theater performances, which are more common in larger cities'). Vague phrases like 'fewer activities' do NOT count as concrete specifics.",Which living environment is better and why,absent,"states a preference for a living environment without further detail (e.g., 'I think living in a big city is better').","states a preference AND provides a reason or explanation (e.g., 'I think living in a big city is better because it offers more career opportunities and cultural experiences'). (scores 2, not 3 — provides reasons but lacks a concrete specific such as a named cultural event or career opportunity).","all of 2 AND includes TWO concrete specifics that materially develop the argument (e.g., 'I think living in a big city is better because it offers more career opportunities, such as internships at major firms, and cultural experiences like attending international film festivals'). A single example without comparison or additional specifics does NOT count.",Additional on-topic development,"no semantically distinct extra on-topic point, OR the 'extra' content paraphrases an idea already credited under another requirement","introduces a DISTINCT extra on-topic point — not a rephrasing or repeat of any other requirement — within the question's subject, with no further detail","introduces a distinct extra on-topic point AND develops it meaningfully (a real reason, cause, or effect — not just length)",introduces a distinct extra on-topic point AND develops it AND supports it with a concrete specific that genuinely advances the argument,auto-generated,
W-C1-50,c1,placement writing,science and technology (c1),175,350,"Modern life is often claimed to have made people less independent.

Write an essay evaluating this claim about independence in contemporary society.

- Think about evidence that supports the idea of reduced independence in modern life
- Consider counterarguments that suggest increased independence in modern life
- Include your judgement on the strength of the claim about independence",Evidence supporting reduced independence in modern life,absent,"mentions reduced independence in modern life without providing evidence or examples (e.g., 'People are less independent today').","provides a reason or explanation for reduced independence (e.g., 'People rely more on technology for daily tasks, which reduces their independence'). (scores 2, not 3 — gives a reason but lacks a concrete specific like a personal or hypothetical example).","all of 2 AND includes a concrete specific that materially advances the argument (e.g., 'Many people use GPS for navigation instead of learning routes themselves, which shows a reliance on technology that reduces independence'). Vague statements like 'technology makes life easier' do NOT count.",Counterarguments for increased independence in modern life,absent,"mentions increased independence in modern life without providing counterarguments or examples (e.g., 'People are more independent today').","provides a reason or explanation for increased independence (e.g., 'Access to online education allows people to learn independently'). (scores 2, not 3 — gives a reason but lacks a concrete specific like a personal or hypothetical example).","all of 2 AND includes a concrete specific that materially advances the argument (e.g., 'With online platforms like Coursera, individuals can acquire new skills without attending traditional schools, demonstrating increased independence'). General statements like 'people can learn online' do NOT count.",Judgement on the strength of the independence claim,absent,"states a judgement on the independence claim without further explanation (e.g., 'The claim is strong').","provides a reason or explanation for the judgement (e.g., 'The claim is strong because many people now depend on technology for basic tasks'). (scores 2, not 3 — provides a reason but lacks a concrete specific like a personal or hypothetical example).","all of 2 AND includes a concrete specific that materially advances the judgement (e.g., 'While technology aids independence in learning, reliance on apps for social interaction can reduce personal initiative, showing the claim is partly true'). Simple assertions like 'technology helps' do NOT count.",Additional on-topic development,"no semantically distinct extra on-topic point, OR the 'extra' content paraphrases an idea already credited under another requirement","introduces a DISTINCT extra on-topic point — not a rephrasing or repeat of any other requirement — within the question's subject, with no further detail","introduces a distinct extra on-topic point AND develops it meaningfully (a real reason, cause, or effect — not just length)",introduces a distinct extra on-topic point AND develops it AND supports it with a concrete specific that genuinely advances the argument,auto-generated,
W-C1-51,c1,placement writing,politics and society (c1),175,350,"Consider the role of effort in determining life outcomes.

Write an essay evaluating the idea that effort alone decides what happens in people's lives.

- Include an example that supports the appeal of effort, with a reason why it is compelling
- Consider two arguments against the notion that effort solely determines outcomes
- Provide a judgement on the role of effort in how we judge people",Example supporting effort's appeal with reason,absent,"mentions that effort appeals to people without providing a reason or example (e.g., 'Effort is appealing').","states why effort appeals to people with a reason or explanation (e.g., 'Effort appeals because it suggests control over one's destiny'). (scores 2, not 3 — provides a reason but lacks a concrete specific example).","all of 2 AND includes a concrete specific that materially advances the argument (e.g., 'Effort appeals because it suggests control over one's destiny, as seen when students who study diligently often achieve higher grades, reinforcing the belief that hard work pays off'). Vague statements like 'people like effort' do NOT count as concrete specifics.",Two arguments against effort deciding outcomes,absent,"mentions that there are arguments against effort deciding outcomes without detailing them (e.g., 'There are reasons against effort deciding outcomes').","provides two arguments against effort deciding outcomes with reasoning (e.g., 'Effort alone does not decide outcomes because external factors like economic conditions and social connections also play a role'). (scores 2, not 3 — gives reasons but lacks concrete specifics).","all of 2 AND includes TWO concrete specifics that materially develop the arguments (e.g., 'Effort alone does not decide outcomes because economic conditions, such as a recession, can limit job opportunities regardless of effort, and social connections, like networking, can lead to job offers that effort alone might not secure'). Generic statements like 'external factors matter' do NOT count as concrete specifics.",Judgement on effort's role in judging people,absent,"mentions a judgement on effort's role in judging people without further explanation (e.g., 'Effort is important in judging people').","provides a judgement on effort's role in judging people with reasoning (e.g., 'Effort should be considered when judging people because it reflects their dedication and perseverance'). (scores 2, not 3 — provides reasoning but lacks a concrete specific example).","all of 2 AND includes a concrete specific that materially advances the judgement (e.g., 'Effort should be considered when judging people because it reflects their dedication and perseverance, as seen in athletes who train tirelessly to improve their performance, demonstrating commitment beyond natural talent'). Statements like 'effort is good' do NOT count as concrete specifics.",Additional on-topic development,"no semantically distinct extra on-topic point, OR the 'extra' content paraphrases an idea already credited under another requirement","introduces a DISTINCT extra on-topic point — not a rephrasing or repeat of any other requirement — within the question's subject, with no further detail","introduces a distinct extra on-topic point AND develops it meaningfully (a real reason, cause, or effect — not just length)",introduces a distinct extra on-topic point AND develops it AND supports it with a concrete specific that genuinely advances the argument,auto-generated,
W-A2-20260506055545,a2,paragraph,"countries, cities, towns, and public places (a2)",90,120,"Write about a town or city you know well for a travel blog.

Write a paragraph about this place.

- Think about where it is and how people can travel there
- Include a description of two public places to visit
- Consider one tip for visitors, like the best time to visit or a local rule",Location and travel options to the city,absent,"mentions the city location or travel options without further detail (e.g., 'The city is in the north').","describes the city location or travel options with a reason or explanation (e.g., 'The city is in the north, so many people travel there by train'). (scores 2, not 3 — provides a reason but lacks a concrete specific like a travel route or mode of transport).","all of 2 AND includes a concrete specific such as a travel route or mode of transport (e.g., 'The city is in the north, so many people travel there by train, especially using the express line that takes only two hours'). Generic statements like 'many people travel there' do NOT count as concrete specifics.",Description of two public places to visit,absent,"names two public places without any description or detail (e.g., 'There is a park and a museum').","describes two public places with a reason or feature for each (e.g., 'There is a park where people can relax and a museum that shows local history'). (scores 2, not 3 — provides reasons but lacks concrete specifics like a particular exhibit or park feature).","all of 2 AND includes a concrete specific for each place that materially develops the description (e.g., 'There is a park with a beautiful lake where people can rent boats, and a museum that shows local history with an exhibit on ancient artifacts'). Vague descriptions like 'a nice park' do NOT count as concrete specifics.",Visitor tip including best time or local rule,absent,"provides a visitor tip without any explanation or detail (e.g., 'Visit in summer').","provides a visitor tip with a reason or explanation (e.g., 'Visit in summer because the weather is nice'). (scores 2, not 3 — gives a reason but lacks a concrete specific like a local event or rule).","all of 2 AND includes a concrete specific such as a local event or rule that materially advances the tip (e.g., 'Visit in summer because the weather is nice, and you can enjoy the annual music festival held in July'). Generic advice like 'it's a good time' does NOT count as a concrete specific.",Additional on-topic development,"no semantically distinct extra on-topic point, OR the 'extra' content paraphrases an idea already credited under another requirement","introduces a DISTINCT extra on-topic point — not a rephrasing or repeat of any other requirement — within the question's subject, with no further detail","introduces a distinct extra on-topic point AND develops it meaningfully (a real reason, cause, or effect — not just length)",introduces a distinct extra on-topic point AND develops it AND supports it with a concrete specific that genuinely advances the argument,auto-generated,
W-A1-20260506090636,a1,placement writing,"people, relationships, and family (a1)",40,60,"Introduce your family to a new classmate.

Write a short note about your family.

- Include the names and ages of your family members
- Mention an activity you enjoy doing with your family
- Describe where you live",Names and ages of family members,absent,"mentions family members with no names or ages (e.g., 'I have a family').","mentions family members and provides either a name or an age (e.g., 'I have a brother who is 10 years old'). (scores 2, not 3 — provides a name or age, but not both in a concrete context).","mentions family members with both names and ages in a concrete context (e.g., 'My sister Anna is 12 years old and loves painting'). Vague mentions like 'my brother is young' do NOT count as concrete specifics.",Activity you enjoy with family,absent,"mentions an activity with family with no further detail (e.g., 'We play games').","mentions an activity and provides a reason or context (e.g., 'We play games because it is fun'). (scores 2, not 3 — provides a reason but lacks a specific activity or context).","mentions an activity with family, provides a reason, and includes a concrete specific (e.g., 'We play board games like Monopoly every Sunday because it brings us together'). Generic statements like 'we have fun' do NOT count as concrete specifics.",Description of where you live,absent,"mentions where they live with no detail (e.g., 'I live in a city').","describes where they live with a reason or feature (e.g., 'I live in a small town because it is quiet'). (scores 2, not 3 — describes a feature but lacks a specific place or detail).","describes where they live with a reason and a concrete specific (e.g., 'I live on Maple Street, which is known for its beautiful park where I walk my dog'). Vague descriptions like 'a nice area' do NOT count as concrete specifics.",Additional on-topic development,"no semantically distinct extra on-topic point, OR the 'extra' content paraphrases an idea already credited under another requirement","introduces a DISTINCT extra on-topic point — not a rephrasing or repeat of any other requirement — within the question's subject, with no further detail","introduces a distinct extra on-topic point AND develops it meaningfully (a real reason, cause, or effect — not just length)",introduces a distinct extra on-topic point AND develops it AND supports it with a concrete specific that genuinely advances the argument,auto-generated,
W-A1-20260507090557,a1,paragraph,"countries, cities, towns, and public places (a1)",50,70,"Think about a town you know well.

Write a paragraph about this town.

- Include the town's name and where it is located
- Mention one place you like in the town
- Describe what you do at that place",The town's name and location,absent,"states the town's name and location in a complete sentence (e.g., 'The town is called Springfield and it is in Illinois').","names the town and location AND provides a simple reason or detail about its location (e.g., 'Springfield is in Illinois, which is known for its beautiful landscapes'). (scores 2, not 3 — provides a reason but no concrete specific about the town or location).","all of 2 AND includes a concrete specific about the town or location (e.g., 'Springfield is in Illinois, known for its beautiful landscapes, and it hosts the annual state fair which attracts thousands of visitors'). Generic statements like 'a nice place' do NOT count as concrete specifics.",One place you like in the town,absent,"mentions a place in the town they like in a complete sentence (e.g., 'I like the park in Springfield').","names a place they like AND provides a reason for liking it (e.g., 'I like the park in Springfield because it is peaceful'). (scores 2, not 3 — gives a reason but lacks a concrete specific about the place).","all of 2 AND includes a concrete specific about the place (e.g., 'I like the park in Springfield because it is peaceful, especially the rose garden which blooms beautifully in spring'). Vague descriptions like 'a beautiful place' do NOT count as concrete specifics.",What you do at that place,absent,"states an activity they do at the place in a complete sentence (e.g., 'I go jogging at the park').","mentions an activity AND provides a reason or detail about it (e.g., 'I go jogging at the park because it helps me relax'). (scores 2, not 3 — describes the activity and reason but lacks a concrete specific about the activity).","all of 2 AND includes a concrete specific about the activity (e.g., 'I go jogging at the park because it helps me relax, especially on the trail that winds through the old oak trees'). Generic activities like 'exercise' do NOT count as concrete specifics.",Additional on-topic development,"no semantically distinct extra on-topic point, OR the 'extra' content paraphrases an idea already credited under another requirement","introduces a DISTINCT extra on-topic point — not a rephrasing or repeat of any other requirement — within the question's subject, with no further detail","introduces a distinct extra on-topic point AND develops it meaningfully (a real reason, cause, or effect — not just length)",introduces a distinct extra on-topic point AND develops it AND supports it with a concrete specific that genuinely advances the argument,auto-generated,
W-A2-20260507113209,a2,simple email writing,"sports, hobbies, and interests (a2)",80,100,"Tell your new language-exchange friend about what you do in your free time.

Write an email about your favorite activities.

- Include your favorite sport or hobby and when you do it
- Mention where you do it and who you do it with
- Give one reason you enjoy it",Your favorite sport or hobby and when you do it,absent,"states their favorite sport or hobby without mentioning when they do it (e.g., 'I like playing soccer').","names their favorite sport or hobby AND when they do it, with a reason or explanation (e.g., 'I like playing soccer on weekends because it helps me relax'). (scores 2, not 3 — provides a time and reason, but no specific detail about the activity itself).","all of 2 AND a concrete specific — a particular event, location, or personal anecdote (e.g., 'I like playing soccer every Saturday morning at the local park with my friends, and last week I scored the winning goal'). Generic statements like 'I play often' do NOT count as concrete specifics.",Where you do it and who you do it with,absent,"mentions where they do the activity or who they do it with, but not both (e.g., 'I play at the park').","mentions both where they do the activity and who they do it with, with a reason or explanation (e.g., 'I play soccer at the park with my friends because it's close to our homes'). (scores 2, not 3 — provides location and companions, but lacks a specific detail about the setting or people).","all of 2 AND a concrete specific — a detailed description of the place or a specific person (e.g., 'I play soccer at the community park with my friend Alex, who is the best goalkeeper in our group'). Vague descriptions like 'with some friends' do NOT count as concrete specifics.",One reason you enjoy it,absent,"states they enjoy the activity without giving a reason (e.g., 'I enjoy playing soccer').","provides a reason for enjoying the activity (e.g., 'I enjoy playing soccer because it keeps me fit'). (scores 2, not 3 — gives a reason but lacks a specific example or detail that illustrates the enjoyment).","all of 2 AND a concrete specific — a personal anecdote or detailed example (e.g., 'I enjoy playing soccer because it keeps me fit, and last month I noticed I could run faster during our matches'). General statements like 'it's fun' do NOT count as concrete specifics.",Additional on-topic development,"no semantically distinct extra on-topic point, OR the 'extra' content paraphrases an idea already credited under another requirement","introduces a DISTINCT extra on-topic point — not a rephrasing or repeat of any other requirement — within the question's subject, with no further detail","introduces a distinct extra on-topic point AND develops it meaningfully (a real reason, cause, or effect — not just length)",introduces a distinct extra on-topic point AND develops it AND supports it with a concrete specific that genuinely advances the argument,auto-generated,
W-B1-20260507120319,b1,essay,body and health (b1),50,300,"Music plays an important role in many people's lives.

Write an essay discussing the role of music in your life and how it affects you.

- Think about how music influences your daily activities
- Consider the effects of music on your physical health
- Include a personal example of music's impact on your well-being",How music influences your daily activities,absent,"mentions that music influences daily activities without specifying how or why (e.g., 'Music influences my daily life').","describes a specific influence of music on daily activities with a reason or explanation (e.g., 'Listening to music helps me concentrate while studying'). (scores 2, not 3 — provides a reason but lacks a concrete specific like a song or artist).","all of 2 AND includes a concrete specific such as a song, artist, or detailed personal scenario (e.g., 'Listening to classical music like Beethoven helps me concentrate during study sessions'). Mood categories like 'relaxing music' do NOT count as concrete specifics.",Effects of music on your physical health,absent,"states that music affects physical health without further detail (e.g., 'Music affects my physical health').","explains a specific effect of music on physical health with a reason or cause (e.g., 'Music can reduce stress, which is beneficial for heart health'). (scores 2, not 3 — explains the effect but lacks a concrete specific like a study or personal experience).","all of 2 AND includes a concrete specific such as a personal experience, study, or detailed example (e.g., 'Listening to calming music like jazz has helped lower my blood pressure during stressful times'). General statements like 'music is good for health' do NOT count as concrete specifics.",Personal example of music's impact on well-being,absent,"mentions that music impacts well-being without providing a personal example (e.g., 'Music impacts my well-being').","provides a personal example of how music impacts well-being with a reason or explanation (e.g., 'Listening to upbeat music improves my mood after a long day'). (scores 2, not 3 — gives a personal example but lacks a concrete specific like a song or situation).","all of 2 AND includes a concrete specific such as a song, artist, or detailed personal scenario (e.g., 'Listening to 'Happy' by Pharrell Williams lifts my spirits after a tough day at work'). Vague descriptions like 'happy songs' do NOT count as concrete specifics.",Additional on-topic development,"no semantically distinct extra on-topic point, OR the 'extra' content paraphrases an idea already credited under another requirement","introduces a DISTINCT extra on-topic point — not a rephrasing or repeat of any other requirement — within the question's subject, with no further detail","introduces a distinct extra on-topic point AND develops it meaningfully (a real reason, cause, or effect — not just length)",introduces a distinct extra on-topic point AND develops it AND supports it with a concrete specific that genuinely advances the argument,auto-generated,
W-A1-20260401080639,a1,paragraph,"sports, hobbies, and interests (a1)",20,150,"Hobbies are activities you enjoy doing in your free time.

Write a paragraph about your hobbies.

- Think about what you like to do in your free time
- Consider when you do your hobbies
- Include why you enjoy your hobbies",What you like to do in your free time,absent,"states an activity they like to do in their free time without any further detail (e.g., 'I like to read').","names an activity and provides a reason for liking it (e.g., 'I like to read because it helps me relax'). (scores 2, not 3 — gives a reason but no specific book or author that anchors the activity concretely.)","all of 2 AND a concrete specific — a book title, author, or a vividly described reading situation (e.g., 'I like to read mystery novels by Agatha Christie every evening before bed'). Generic statements like 'interesting books' do NOT count as concrete specifics.",When you do your hobbies,absent,"mentions when they do their hobbies without any further detail (e.g., 'I do my hobbies on weekends').","states when they do their hobbies and provides a reason or context (e.g., 'I do my hobbies on weekends because I have more free time then'). (scores 2, not 3 — provides a time and reason but no specific hobby or event that anchors the time concretely.)","all of 2 AND a concrete specific — a particular hobby or event that occurs at that time (e.g., 'I play soccer with my friends every Saturday morning at the local park'). Vague phrases like 'fun activities' do NOT count as concrete specifics.",Why you enjoy your hobbies,absent,"states they enjoy their hobbies without any further explanation (e.g., 'I enjoy painting').","provides a reason for enjoying their hobbies (e.g., 'I enjoy painting because it allows me to express my creativity'). (scores 2, not 3 — gives a reason but no specific painting or experience that anchors the enjoyment concretely.)","all of 2 AND a concrete specific — a particular painting, style, or personal experience (e.g., 'I enjoy painting landscapes, especially the view from my window, which changes with the seasons'). General statements like 'creative activities' do NOT count as concrete specifics.",Additional on-topic development,"no semantically distinct extra on-topic point, OR the 'extra' content paraphrases an idea already credited under another requirement","introduces a DISTINCT extra on-topic point — not a rephrasing or repeat of any other requirement — within the question's subject, with no further detail","introduces a distinct extra on-topic point AND develops it meaningfully (a real reason, cause, or effect — not just length)",introduces a distinct extra on-topic point AND develops it AND supports it with a concrete specific that genuinely advances the argument,auto-generated,
W-A1-20260401080754,a1,paragraph,"house, home, and daily life (a1)",25,150,"Home is where you live and feel comfortable.

Write a paragraph about your home.

- Think about where you live
- Describe what your home is like
- Include what you like about your home",Where you live,absent,"states where they live with no additional detail (e.g., 'I live in a city').","names where they live AND provides a reason or detail about the location (e.g., 'I live in a city because it is close to my work'). (scores 2, not 3 — provides a reason but no specific detail about the city).","all of 2 AND includes a concrete specific about the location (e.g., 'I live in a city with a famous park where I often go for walks'). Generic statements like 'a nice place' do NOT count as concrete specifics.",Description of your home,absent,"describes their home with no additional detail (e.g., 'My home is small').","describes their home AND provides a reason or feature (e.g., 'My home is small but cozy because it has a warm fireplace'). (scores 2, not 3 — describes a feature but lacks a specific detail about the home).","all of 2 AND includes a concrete specific about the home (e.g., 'My home is small but cozy because it has a warm fireplace and a large window overlooking the garden'). Vague descriptions like 'a nice home' do NOT count as concrete specifics.",What you like about your home,absent,"states what they like about their home with no additional detail (e.g., 'I like my home').","states what they like about their home AND provides a reason (e.g., 'I like my home because it is peaceful'). (scores 2, not 3 — provides a reason but lacks a specific detail about what makes it peaceful).","all of 2 AND includes a concrete specific about what they like (e.g., 'I like my home because it is peaceful, especially in the mornings when I can hear the birds singing in the garden'). General statements like 'it is nice' do NOT count as concrete specifics.",Additional on-topic development,"no semantically distinct extra on-topic point, OR the 'extra' content paraphrases an idea already credited under another requirement","introduces a DISTINCT extra on-topic point — not a rephrasing or repeat of any other requirement — within the question's subject, with no further detail","introduces a distinct extra on-topic point AND develops it meaningfully (a real reason, cause, or effect — not just length)",introduces a distinct extra on-topic point AND develops it AND supports it with a concrete specific that genuinely advances the argument,auto-generated,
W-A2-20260401081154,a2,paragraph,"sports, hobbies, and interests (a2)",25,250,"Think about your weekend activities and experiences.

Write a paragraph about what you did over the weekend.

- Include the activities you did over the weekend
- Mention the people you spent time with
- Describe what you enjoyed the most",Activities you did over the weekend,absent,"mentions an activity done over the weekend without any further detail (e.g., 'I went hiking').","mentions an activity and provides a reason or effect (e.g., 'I went hiking because it helps me relax'). (scores 2, not 3 — provides a reason but lacks a specific detail about the hike).","all of 2 AND includes a concrete specific such as a location, time, or personal anecdote (e.g., 'I went hiking at Blue Mountain on Saturday morning, which was refreshing'). Generic statements like 'a nice place' do NOT count as concrete specifics.",People you spent time with,absent,"mentions spending time with people without specifying who or providing any detail (e.g., 'I spent time with friends').","mentions specific people and provides a reason or context (e.g., 'I spent time with my friends because we wanted to catch up'). (scores 2, not 3 — provides context but lacks a specific detail about the interaction).","all of 2 AND includes a concrete specific such as a name, relationship, or detailed interaction (e.g., 'I spent time with my friend Sarah at her house, where we cooked dinner together'). Vague references like 'someone' or 'people' do NOT count as concrete specifics.",What you enjoyed the most,absent,"mentions something enjoyed without any further detail (e.g., 'I enjoyed the movie').","mentions what was enjoyed and provides a reason or explanation (e.g., 'I enjoyed the movie because it was funny'). (scores 2, not 3 — provides a reason but lacks a specific detail about the movie).","all of 2 AND includes a concrete specific such as a scene, character, or personal reaction (e.g., 'I enjoyed the movie because the scene where the hero saves the day was thrilling'). General statements like 'it was good' do NOT count as concrete specifics.",Additional on-topic development,"no semantically distinct extra on-topic point, OR the 'extra' content paraphrases an idea already credited under another requirement","introduces a DISTINCT extra on-topic point — not a rephrasing or repeat of any other requirement — within the question's subject, with no further detail","introduces a distinct extra on-topic point AND develops it meaningfully (a real reason, cause, or effect — not just length)",introduces a distinct extra on-topic point AND develops it AND supports it with a concrete specific that genuinely advances the argument,auto-generated,
W-A2-20260401081256,a2,paragraph,"sports, hobbies, and interests (a2)",25,250,"Think about a typical day in your life.

Write a paragraph about your daily routine.

- Include what time you get up
- Think about the activities you do during the day
- Consider how you feel at the end of the day",What time you get up,absent,"states the time they get up without any additional detail (e.g., 'I get up at 7 AM').","mentions the time they get up AND provides a reason or effect (e.g., 'I get up at 7 AM because I need to catch the bus to work'). (scores 2, not 3 — provides a reason but no specific detail about the routine or impact).","all of 2 AND includes a concrete specific that adds meaningful elaboration (e.g., 'I get up at 7 AM because I need to catch the 7:30 bus, which is the only one that gets me to work on time'). Vague statements like 'I get up early' do NOT count as concrete specifics.",Activities during the day,absent,"mentions an activity they do during the day without further detail (e.g., 'I go to work').","mentions an activity AND provides a reason or effect (e.g., 'I go to work because I need to earn money'). (scores 2, not 3 — gives a reason but lacks a specific detail about the activity).","all of 2 AND includes a concrete specific that adds meaningful elaboration (e.g., 'I go to work at the local library where I help organize community events, which makes my job fulfilling'). Generic statements like 'I do many things' do NOT count as concrete specifics.",Feelings at the end of the day,absent,"states how they feel at the end of the day without further detail (e.g., 'I feel tired').","states how they feel AND provides a reason or effect (e.g., 'I feel tired because I have a long commute'). (scores 2, not 3 — provides a reason but lacks a specific detail about the feeling or its cause).","all of 2 AND includes a concrete specific that adds meaningful elaboration (e.g., 'I feel tired because after my long commute, I still have to prepare dinner for my family, which leaves me exhausted'). Vague feelings like 'I feel okay' do NOT count as concrete specifics.",Additional on-topic development,"no semantically distinct extra on-topic point, OR the 'extra' content paraphrases an idea already credited under another requirement","introduces a DISTINCT extra on-topic point — not a rephrasing or repeat of any other requirement — within the question's subject, with no further detail","introduces a distinct extra on-topic point AND develops it meaningfully (a real reason, cause, or effect — not just length)",introduces a distinct extra on-topic point AND develops it AND supports it with a concrete specific that genuinely advances the argument,auto-generated,
W-A2-20260401081426,a2,paragraph,"sports, hobbies, and interests (a2)",25,250,"Think about an activity you enjoy doing in your free time.

Write a paragraph about this activity.

- Include what activity you enjoy doing
- Mention when and where you do the activity
- Explain why you like the activity",What activity you enjoy doing,absent,"states an activity they enjoy doing without any further detail (e.g., 'I enjoy swimming').","names an activity and provides a reason for enjoyment (e.g., 'I enjoy swimming because it helps me relax'). (scores 2, not 3 — provides a reason but no specific instance or detail about the activity).","all of 2 AND includes a concrete specific, such as a personal anecdote or a specific instance (e.g., 'I enjoy swimming at the local pool every Saturday morning because it helps me relax after a busy week'). Generic statements like 'it's fun' do NOT count as concrete specifics.",When and where you do the activity,absent,"mentions when or where they do the activity without further detail (e.g., 'I swim on weekends').","provides both a time and a place for the activity (e.g., 'I swim every Saturday at the community pool'). (scores 2, not 3 — gives time and place but lacks a specific detail or personal connection).","all of 2 AND includes a concrete specific, such as a personal experience or a vivid description (e.g., 'Every Saturday morning, I swim at the community pool, which is always quiet and peaceful, allowing me to focus on my strokes'). Vague descriptions like 'a nice place' do NOT count as concrete specifics.",Why you like the activity,absent,"states they like the activity without providing a reason (e.g., 'I like swimming').","provides a reason for liking the activity (e.g., 'I like swimming because it keeps me fit'). (scores 2, not 3 — gives a reason but lacks a specific example or detail).","all of 2 AND includes a concrete specific, such as a personal story or a detailed example (e.g., 'I like swimming because it keeps me fit, and last year I completed a 5k swim challenge, which was a great achievement for me'). General statements like 'it's good for health' do NOT count as concrete specifics.",Additional on-topic development,"no semantically distinct extra on-topic point, OR the 'extra' content paraphrases an idea already credited under another requirement","introduces a DISTINCT extra on-topic point — not a rephrasing or repeat of any other requirement — within the question's subject, with no further detail","introduces a distinct extra on-topic point AND develops it meaningfully (a real reason, cause, or effect — not just length)",introduces a distinct extra on-topic point AND develops it AND supports it with a concrete specific that genuinely advances the argument,auto-generated,
W-B1-20260401081828,b1,essay,workplace and jobs (b1),25,300,"The way people work is changing in many countries.

Write an essay discussing how work and jobs are different today compared to the past.

- Think about the comparison of past and present job roles
- Consider the impact of technology on modern work
- Include a personal example of workplace change",Comparison of past and present job roles,absent,"mentions that job roles have changed over time without further detail (e.g., 'Jobs today are different from the past').","describes a specific change in job roles with a reason or explanation (e.g., 'In the past, many jobs required manual labor, but now technology has automated many tasks'). (scores 2, not 3 — explains a change but lacks a concrete specific example).","all of 2 AND includes a concrete specific that materially develops the point (e.g., 'In the past, factory workers manually assembled products, but now machines handle most of the assembly, allowing workers to focus on quality control and maintenance'). Vague statements like 'jobs are more advanced now' do NOT count as concrete specifics.",Impact of technology on modern work,absent,"mentions that technology affects work without further detail (e.g., 'Technology has changed how we work').","explains how technology impacts work with a reason or effect (e.g., 'Technology allows people to work remotely, which can increase flexibility'). (scores 2, not 3 — provides an effect but lacks a concrete specific example).","all of 2 AND includes a concrete specific that materially develops the point (e.g., 'With video conferencing tools like Zoom, employees can attend meetings from anywhere, reducing the need for travel and saving time'). General statements like 'technology makes work easier' do NOT count as concrete specifics.",Personal example of workplace change,absent,"mentions a personal experience of workplace change without further detail (e.g., 'I have seen changes at my workplace').","describes a personal experience of workplace change with a reason or effect (e.g., 'My company introduced flexible hours, which helped improve work-life balance'). (scores 2, not 3 — describes a change but lacks a concrete specific example).","all of 2 AND includes a concrete specific that materially develops the point (e.g., 'After my company allowed remote work, I saved two hours daily on commuting, which I now use for family time and personal projects'). Vague descriptions like 'things are better now' do NOT count as concrete specifics.",Additional on-topic development,"no semantically distinct extra on-topic point, OR the 'extra' content paraphrases an idea already credited under another requirement","introduces a DISTINCT extra on-topic point — not a rephrasing or repeat of any other requirement — within the question's subject, with no further detail","introduces a distinct extra on-topic point AND develops it meaningfully (a real reason, cause, or effect — not just length)",introduces a distinct extra on-topic point AND develops it AND supports it with a concrete specific that genuinely advances the argument,auto-generated,
W-B1-20260401081932,b1,essay,natural world and environment (b1),25,300,"Many people are concerned about the environment today.

Write an essay discussing what actions people in your community can take to help the environment.

- Think about ways to reduce waste in the community
- Consider how planting trees benefits the environment
- Include community initiatives for clean energy use",Ways to reduce waste in the community,absent,"mentions reducing waste in the community without further detail (e.g., 'We should reduce waste').","names a specific way to reduce waste AND provides a reason or explanation (e.g., 'Recycling can reduce waste because it turns used materials into new products'). (scores 2, not 3 — explains recycling but lacks a concrete example of how it is implemented).","all of 2 AND includes a concrete specific, such as a personal or community initiative (e.g., 'Our community started a weekly recycling drive where residents bring their recyclables to a central location, which has reduced landfill waste by 30%'). Generic statements like 'everyone should recycle' do NOT count as concrete specifics.",How planting trees benefits the environment,absent,"mentions planting trees as beneficial without further detail (e.g., 'Planting trees is good for the environment').","explains a specific benefit of planting trees with a reason (e.g., 'Trees help clean the air by absorbing carbon dioxide'). (scores 2, not 3 — provides a reason but lacks a specific example of tree planting).","all of 2 AND includes a concrete specific, such as a personal or community tree-planting event (e.g., 'Last year, our school planted 100 trees in the local park, which has improved air quality and provided shade for visitors'). Vague statements like 'trees are important' do NOT count as concrete specifics.",Community initiatives for clean energy use,absent,"mentions clean energy initiatives without further detail (e.g., 'We should use clean energy').","describes a specific clean energy initiative and its benefit (e.g., 'Installing solar panels on community buildings reduces electricity costs and reliance on fossil fuels'). (scores 2, not 3 — describes the initiative but lacks a specific example of its implementation).","all of 2 AND includes a concrete specific, such as a personal or community project (e.g., 'Our town installed solar panels on the library, which now saves $500 monthly on energy bills and serves as a model for other buildings'). General statements like 'solar energy is good' do NOT count as concrete specifics.",Additional on-topic development,"no semantically distinct extra on-topic point, OR the 'extra' content paraphrases an idea already credited under another requirement","introduces a DISTINCT extra on-topic point — not a rephrasing or repeat of any other requirement — within the question's subject, with no further detail","introduces a distinct extra on-topic point AND develops it meaningfully (a real reason, cause, or effect — not just length)",introduces a distinct extra on-topic point AND develops it AND supports it with a concrete specific that genuinely advances the argument,auto-generated,
W-B1-20260401082034,b1,essay,science and technology (b1),25,300,"Education is changing in many parts of the world due to technology.

Write an essay discussing how technology is changing the way people learn.

- Think about how students use technology in the classroom
- Consider the advantages and disadvantages of technology in learning
- Include a personal example of technology in your learning",How students use technology in the classroom,absent,"mentions that students use technology in the classroom without further detail (e.g., 'Students use technology in class').","describes how students use technology in the classroom AND provides a reason or effect (e.g., 'Students use tablets in class to access digital textbooks, which makes learning more interactive'). (scores 2, not 3 — describes use and reason, but lacks a specific example of technology or situation).","all of 2 AND includes a concrete specific such as a particular app, device, or classroom activity (e.g., 'In my school, we use Google Classroom to submit assignments and receive feedback instantly, which helps us improve our work quickly'). General statements like 'using technology helps learning' do NOT count as concrete specifics.",Advantages and disadvantages of technology in learning,absent,"mentions advantages or disadvantages of technology in learning without further detail (e.g., 'Technology has pros and cons in learning').","describes an advantage or disadvantage AND provides a reason or effect (e.g., 'Technology makes learning more accessible because students can access resources online'). (scores 2, not 3 — provides a reason but lacks a specific example or scenario).","all of 2 AND includes a concrete specific such as a particular advantage or disadvantage with an example (e.g., 'Online courses allow students in remote areas to learn from top universities, but they may lack personal interaction, which can affect motivation'). Vague statements like 'technology is good for learning' do NOT count as concrete specifics.",Personal example of technology in your learning,absent,"mentions a personal example of using technology in learning without further detail (e.g., 'I use technology to study').","describes a personal example of using technology in learning AND provides a reason or effect (e.g., 'I use educational apps to study because they make learning more engaging'). (scores 2, not 3 — provides a reason but lacks a specific app or situation).","all of 2 AND includes a concrete specific such as a particular app, tool, or learning experience (e.g., 'I use Duolingo to practice Spanish daily, which has improved my vocabulary significantly'). General statements like 'technology helps me learn better' do NOT count as concrete specifics.",Additional on-topic development,"no semantically distinct extra on-topic point, OR the 'extra' content paraphrases an idea already credited under another requirement","introduces a DISTINCT extra on-topic point — not a rephrasing or repeat of any other requirement — within the question's subject, with no further detail","introduces a distinct extra on-topic point AND develops it meaningfully (a real reason, cause, or effect — not just length)",introduces a distinct extra on-topic point AND develops it AND supports it with a concrete specific that genuinely advances the argument,auto-generated,
W-B1-20260401082137,b1,essay,"shopping, money, and personal finance (b1)",25,300,"Online shopping is becoming more popular every year.

Write an essay discussing how shopping habits have changed in recent years.

- Think about how online shopping has changed buying habits
- Consider the differences between online and in-store shopping experiences
- Include a personal example of a change in your shopping habits",How online shopping has changed buying habits,absent,"mentions that online shopping has changed buying habits without further detail (e.g., 'Online shopping has changed how we buy things').","explains how online shopping has changed buying habits with a reason or effect (e.g., 'Online shopping has made it easier to compare prices, which influences buying decisions'). (scores 2, not 3 — provides a reason but lacks a concrete specific example of a change in habit).","all of 2 AND includes a concrete specific that materially develops the point (e.g., 'Many people now prefer to shop online for groceries because they can easily compare prices and find discounts, like my friend who saves 20% on her weekly shopping by using online coupons'). Vague statements like 'people shop more online' do NOT count as concrete specifics.",Comparison of online and in-store shopping experiences,absent,"mentions a comparison between online and in-store shopping without further detail (e.g., 'Online and in-store shopping are different').","provides a reason or effect for the comparison between online and in-store shopping (e.g., 'Online shopping is more convenient because you can shop from home, unlike in-store shopping where you have to travel'). (scores 2, not 3 — gives a reason but lacks a concrete specific example of the comparison).","all of 2 AND includes a concrete specific that materially develops the comparison (e.g., 'While online shopping allows you to shop from the comfort of your home, in-store shopping offers the advantage of seeing and trying products before buying, like when I tried on shoes in-store to ensure the right fit'). General statements like 'online is easier' do NOT count as concrete specifics.",Personal example of a change in shopping habits,absent,"mentions a personal change in shopping habits without further detail (e.g., 'I have changed how I shop').","describes a personal change in shopping habits with a reason or effect (e.g., 'I now shop online more often because it saves time'). (scores 2, not 3 — provides a reason but lacks a concrete specific example of the change).","all of 2 AND includes a concrete specific that materially develops the personal example (e.g., 'I used to visit the mall every weekend, but now I buy clothes online because I can find better deals and save time, like when I bought a jacket for half the price during an online sale'). Vague statements like 'I shop differently now' do NOT count as concrete specifics.",Additional on-topic development,"no semantically distinct extra on-topic point, OR the 'extra' content paraphrases an idea already credited under another requirement","introduces a DISTINCT extra on-topic point — not a rephrasing or repeat of any other requirement — within the question's subject, with no further detail","introduces a distinct extra on-topic point AND develops it meaningfully (a real reason, cause, or effect — not just length)",introduces a distinct extra on-topic point AND develops it AND supports it with a concrete specific that genuinely advances the argument,auto-generated,
W-B1-20260401082235,b1,essay,"holidays, travel, and transportation (b1)",25,900,"Tourism brings many visitors to cities and towns around the world.

Write an essay discussing the effects of tourism on your town or country.

- Think about the positive effects of tourism on the local economy
- Consider the negative impacts of tourism on the environment
- Include a personal example of tourism's impact on your community",Positive effects of tourism on local economy,absent,"mentions that tourism benefits the local economy without further detail (e.g., 'Tourism helps the economy').","states a reason or effect of tourism on the local economy (e.g., 'Tourism boosts local businesses because visitors spend money on services and products'). (scores 2, not 3 — provides a reason but lacks a concrete example of a business or service).","all of 2 AND includes a concrete specific such as a type of business or service that benefits (e.g., 'Tourism boosts local businesses like hotels and restaurants, which see increased revenue during peak tourist seasons'). Vague statements like 'many businesses benefit' do NOT count as concrete specifics.",Negative impacts of tourism on environment,absent,"mentions that tourism negatively affects the environment without further detail (e.g., 'Tourism harms the environment').","describes a negative impact of tourism on the environment with a reason or effect (e.g., 'Tourism leads to pollution because of increased waste and littering'). (scores 2, not 3 — explains the impact but lacks a specific example of pollution).","all of 2 AND includes a concrete specific such as a type of pollution or environmental damage (e.g., 'Tourism leads to pollution, such as plastic waste on beaches, which harms marine life'). General statements like 'environmental damage occurs' do NOT count as concrete specifics.",Personal example of tourism's impact on community,absent,"mentions that tourism impacts the community without further detail (e.g., 'Tourism affects my community').","provides a reason or effect of tourism on the community (e.g., 'Tourism brings more job opportunities to my community'). (scores 2, not 3 — gives a reason but lacks a specific example of a job or community change).","all of 2 AND includes a concrete specific such as a personal anecdote or community change (e.g., 'Tourism has created jobs in my community, like my cousin working as a tour guide, which has improved his family's income'). Vague references like 'people get jobs' do NOT count as concrete specifics.",Additional on-topic development,"no semantically distinct extra on-topic point, OR the 'extra' content paraphrases an idea already credited under another requirement","introduces a DISTINCT extra on-topic point — not a rephrasing or repeat of any other requirement — within the question's subject, with no further detail","introduces a distinct extra on-topic point AND develops it meaningfully (a real reason, cause, or effect — not just length)",introduces a distinct extra on-topic point AND develops it AND supports it with a concrete specific that genuinely advances the argument,auto-generated,
W-B1-20260401082337,b1,essay,science and technology (b1),25,300,"Technology plays a significant role in daily communication.

Write an essay discussing how technology affects the way people communicate.

- Think about how communication has changed with technology
- Consider the benefits and problems of technology in communication
- Use examples from your own daily life",How communication has changed with technology,absent,"mentions that communication has changed with technology without further detail (e.g., 'Technology has changed how we communicate').","describes a specific change in communication due to technology and provides a reason or explanation (e.g., 'People now use social media to communicate because it is faster than traditional mail'). (scores 2, not 3 — explains the change but lacks a concrete specific example).","all of 2 AND includes a concrete specific that materially develops the point (e.g., 'With the rise of smartphones, people can instantly message each other from anywhere, like when I text my friend from the bus to coordinate our meeting'). Vague statements like 'people communicate more' do NOT count as concrete specifics.",Benefits and problems of technology in communication,absent,"mentions benefits or problems of technology in communication without further detail (e.g., 'Technology has benefits and problems in communication').","describes a specific benefit or problem and provides a reason or explanation (e.g., 'Technology makes communication faster, but it can also lead to misunderstandings because messages lack tone'). (scores 2, not 3 — provides a reason but lacks a concrete specific example).","all of 2 AND includes a concrete specific that materially develops the point (e.g., 'Video calls allow families to stay connected across continents, like when my cousin in Australia joins our family dinners virtually, but they can also lead to technical issues that disrupt conversations'). General statements like 'it is good and bad' do NOT count as concrete specifics.",Personal example of technology affecting communication,absent,"mentions a personal example of technology affecting communication without further detail (e.g., 'Technology affects how I communicate').","provides a personal example and explains how technology affects communication (e.g., 'I use email to communicate with my teachers because it is more convenient than meeting in person'). (scores 2, not 3 — provides a personal example but lacks a concrete specific detail).","all of 2 AND includes a concrete specific that materially develops the point (e.g., 'I use WhatsApp to keep in touch with my family abroad, like when I send my grandmother photos of my daily life, which helps us feel closer despite the distance'). Vague examples like 'I use my phone a lot' do NOT count as concrete specifics.",Additional on-topic development,"no semantically distinct extra on-topic point, OR the 'extra' content paraphrases an idea already credited under another requirement","introduces a DISTINCT extra on-topic point — not a rephrasing or repeat of any other requirement — within the question's subject, with no further detail","introduces a distinct extra on-topic point AND develops it meaningfully (a real reason, cause, or effect — not just length)",introduces a distinct extra on-topic point AND develops it AND supports it with a concrete specific that genuinely advances the argument,auto-generated,
W-B2-20260401083650,b2,essay,"shopping, money, and personal finance (b2)",50,400,"The fashion industry produces more clothing than ever before, leading to significant waste.

Write an essay discussing the environmental impact of fast fashion.

- Consider the environmental effects of fast fashion production
- Think about the impact of fast fashion on workers
- Include a personal example of sustainable shopping choices",Environmental effects of fast fashion production,absent,"mentions the environmental impact of fast fashion without further detail (e.g., 'Fast fashion harms the environment').","describes how fast fashion affects the environment with a reason or cause (e.g., 'Fast fashion contributes to pollution because factories release harmful chemicals into rivers'). (scores 2, not 3 — provides a reason but lacks a concrete specific like a location or a specific type of pollution).","all of 2 AND includes a concrete specific that materially develops the point (e.g., 'Fast fashion contributes to pollution because factories in countries like Bangladesh release harmful chemicals into rivers, affecting local water supplies'). General statements like 'it causes pollution' do NOT count.",Impact of fast fashion on workers,absent,"mentions the impact of fast fashion on workers without further detail (e.g., 'Fast fashion affects workers').","describes how fast fashion impacts workers with a reason or cause (e.g., 'Fast fashion leads to poor working conditions because companies prioritize low costs over safety'). (scores 2, not 3 — provides a reason but lacks a concrete specific like a specific incident or location).","all of 2 AND includes a concrete specific that materially develops the point (e.g., 'Fast fashion leads to poor working conditions, such as in factories in Dhaka where workers face long hours and unsafe environments'). Vague statements like 'bad conditions' do NOT count.",Personal example of sustainable shopping choices,absent,"mentions a personal sustainable shopping choice without further detail (e.g., 'I shop sustainably').","describes a personal sustainable shopping choice with a reason or cause (e.g., 'I choose to buy second-hand clothes because it reduces waste'). (scores 2, not 3 — provides a reason but lacks a concrete specific like a particular item or store).","all of 2 AND includes a concrete specific that materially develops the point (e.g., 'I choose to buy second-hand clothes from local thrift stores like Goodwill, which helps reduce waste and supports community initiatives'). General statements like 'I buy eco-friendly products' do NOT count.",Additional on-topic development,"no semantically distinct extra on-topic point, OR the 'extra' content paraphrases an idea already credited under another requirement","introduces a DISTINCT extra on-topic point — not a rephrasing or repeat of any other requirement — within the question's subject, with no further detail","introduces a distinct extra on-topic point AND develops it meaningfully (a real reason, cause, or effect — not just length)",introduces a distinct extra on-topic point AND develops it AND supports it with a concrete specific that genuinely advances the argument,auto-generated,
W-B2-20260401083820,b2,essay,"people, relationships, and family (b2)",50,500,"Celebrities have a significant impact on people's lives today.

Write an essay discussing the positive and negative influence of celebrity culture on society.

- Consider how celebrities influence people's values
- Think about the positive and negative effects on lifestyle choices
- Include examples of celebrity impact on self-image",How celebrities influence people's values,absent,"mentions that celebrities influence people's values without further detail (e.g., 'celebrities shape our values').","states how celebrities influence values and provides a reason or explanation (e.g., 'celebrities influence values by promoting certain lifestyles that people admire'). (scores 2, not 3 — explains the influence but lacks a concrete example of a value change).","all of 2 AND includes a concrete specific that materially develops the point (e.g., 'celebrities like Emma Watson promote gender equality, which influences young people to support feminist causes'). General statements like 'celebrities make people want to be like them' do NOT count.",Positive and negative effects on lifestyle choices,absent,"mentions that celebrities affect lifestyle choices without further detail (e.g., 'celebrities impact our lifestyle choices').","describes a positive or negative effect on lifestyle choices with a reason or explanation (e.g., 'celebrities can encourage healthy living by sharing their fitness routines'). (scores 2, not 3 — provides an effect and reason but lacks a concrete example of a lifestyle change).","all of 2 AND includes a concrete specific that materially develops the point (e.g., 'celebrities like Chris Hemsworth inspire people to adopt fitness regimes, leading to increased gym memberships'). Vague statements like 'celebrities make people want to be fit' do NOT count.",Examples of celebrity impact on self-image,absent,"mentions that celebrities impact self-image without further detail (e.g., 'celebrities affect how we see ourselves').","explains how celebrities impact self-image with a reason or explanation (e.g., 'celebrities can affect self-image by setting beauty standards that people try to emulate'). (scores 2, not 3 — explains the impact but lacks a concrete example of self-image change).","all of 2 AND includes a concrete specific that materially develops the point (e.g., 'celebrities like Kim Kardashian influence self-image by popularizing certain body types, leading many to pursue cosmetic surgery'). General statements like 'celebrities make people want to look like them' do NOT count.",Additional on-topic development,"no semantically distinct extra on-topic point, OR the 'extra' content paraphrases an idea already credited under another requirement","introduces a DISTINCT extra on-topic point — not a rephrasing or repeat of any other requirement — within the question's subject, with no further detail","introduces a distinct extra on-topic point AND develops it meaningfully (a real reason, cause, or effect — not just length)",introduces a distinct extra on-topic point AND develops it AND supports it with a concrete specific that genuinely advances the argument,auto-generated,
W-B2-20260401083916,b2,essay,"education, study, and language (b2)",50,400,"More young people are choosing to go to university, but its value is often questioned.

Write an essay discussing the value of higher education in today's world.

- Consider the benefits of a university education beyond just getting a job
- Think about the financial costs and whether there are other paths to success
- Use examples from your own experience or people you know",Benefits of university beyond job prospects,absent,"mentions benefits of university education beyond job prospects without further detail (e.g., 'University offers more than just job opportunities').","names a benefit beyond job prospects AND provides a reason or explanation (e.g., 'University education broadens one's perspective by exposing students to diverse cultures'). (scores 2, not 3 — provides a reason but lacks a concrete specific such as a personal experience or detailed example).","all of 2 AND includes a concrete specific that materially develops the point (e.g., 'At university, I joined an international student club where I learned about different cultures, which broadened my understanding of global issues'). Generic statements like 'it helps in many ways' do NOT count as concrete specifics.",Financial costs versus alternative success paths,absent,"mentions financial costs of university or alternative success paths without further detail (e.g., 'University is expensive, but there are other ways to succeed').","compares financial costs of university with alternative paths AND provides a reason or explanation (e.g., 'While university is costly, starting a business can be a cheaper path to success because it allows for immediate income generation'). (scores 2, not 3 — provides a comparison but lacks a concrete specific such as a detailed example or personal anecdote).","all of 2 AND includes TWO concrete specifics that materially develop the comparison (e.g., 'My cousin chose to start a tech company instead of attending university, and within two years, he was earning more than many graduates; meanwhile, my friend who went to university is still paying off student loans'). Vague comparisons like 'some people succeed without university' do NOT count as concrete specifics.",Personal example illustrating higher education value,absent,"mentions a personal example related to the value of higher education without further detail (e.g., 'I have seen the value of higher education in my life').","provides a personal example AND explains how it illustrates the value of higher education (e.g., 'Attending university taught me critical thinking skills, which helped me solve complex problems at work'). (scores 2, not 3 — provides an example and explanation but lacks a concrete specific such as a detailed scenario or outcome).","all of 2 AND includes a concrete specific that materially advances the example (e.g., 'During my university years, I completed a research project on renewable energy, which led to a job offer from a leading environmental firm'). General statements like 'it was beneficial' do NOT count as concrete specifics.",Additional on-topic development,"no semantically distinct extra on-topic point, OR the 'extra' content paraphrases an idea already credited under another requirement","introduces a DISTINCT extra on-topic point — not a rephrasing or repeat of any other requirement — within the question's subject, with no further detail","introduces a distinct extra on-topic point AND develops it meaningfully (a real reason, cause, or effect — not just length)",introduces a distinct extra on-topic point AND develops it AND supports it with a concrete specific that genuinely advances the argument,auto-generated,
W-B2-20260401084009,b2,essay,"house, home, and daily life (b2)",50,400,"People have different opinions about living in a city versus the countryside.

Write an essay discussing the advantages and disadvantages of urban and rural living.

- Consider the opportunities available in urban and rural areas
- Think about the cost of living differences between the city and the countryside
- Include a personal example of your lifestyle preference",Comparison of opportunities in urban and rural areas,absent,"mentions opportunities in urban or rural areas without further detail (e.g., 'cities have more job opportunities').","compares opportunities in urban and rural areas with a reason or explanation (e.g., 'cities offer more job opportunities because they have more businesses, while rural areas may offer fewer but more community-focused roles'). (scores 2, not 3 — provides a comparison and reason but lacks a concrete specific example).","all of 2 AND includes TWO concrete specifics that materially develop the comparison (e.g., 'in cities like New York, there are numerous tech startups offering diverse roles, whereas in rural areas like Vermont, opportunities might focus on agriculture and local crafts'). Generic statements like 'cities have more jobs' do NOT count.",Cost of living differences between city and countryside,absent,"mentions cost of living differences between city and countryside without further detail (e.g., 'living in the city is more expensive').","describes cost of living differences with a reason or explanation (e.g., 'living in the city is more expensive due to higher rent and transportation costs compared to the countryside'). (scores 2, not 3 — provides a reason but lacks a concrete specific example).","all of 2 AND includes TWO concrete specifics that materially develop the point (e.g., 'in cities like San Francisco, rent can be triple that of rural areas like Iowa, and daily expenses such as groceries and public transport are significantly higher'). Vague phrases like 'city life costs more' do NOT count.",Personal example of lifestyle preference,absent,"mentions a personal lifestyle preference without further detail (e.g., 'I prefer living in the countryside').","explains a personal lifestyle preference with a reason (e.g., 'I prefer living in the countryside because it is quieter and less stressful than the city'). (scores 2, not 3 — provides a reason but lacks a concrete specific example).","all of 2 AND includes a concrete specific that materially develops the preference (e.g., 'I prefer the countryside because, in my village, I can walk to the local market and know all the vendors by name, which creates a sense of community'). Generic statements like 'it's more peaceful' do NOT count.",Additional on-topic development,"no semantically distinct extra on-topic point, OR the 'extra' content paraphrases an idea already credited under another requirement","introduces a DISTINCT extra on-topic point — not a rephrasing or repeat of any other requirement — within the question's subject, with no further detail","introduces a distinct extra on-topic point AND develops it meaningfully (a real reason, cause, or effect — not just length)",introduces a distinct extra on-topic point AND develops it AND supports it with a concrete specific that genuinely advances the argument,auto-generated,
W-C1-20260401084917,c1,essay,"media, arts, literature, and entertainment (c1)",50,500,"Music is a significant part of modern life, influencing various aspects of society.

Write an essay discussing the impact of music on people's thoughts, feelings, and behaviors.

- Consider how music influences culture and identity
- Think about the positive and negative impacts of music
- Use examples from your own knowledge and experience to illustrate music's influence",How music influences culture and identity,absent,"mentions that music influences culture or identity without further detail (e.g., 'Music shapes our culture').","explains how music influences culture or identity with a reason or effect (e.g., 'Music influences culture by bringing people together through shared experiences'). (scores 2, not 3 — provides a reason but lacks a concrete specific such as a genre or cultural event).","all of 2 AND includes a concrete specific such as a genre, artist, or cultural event that materially develops the point (e.g., 'Hip-hop culture has influenced fashion and language globally, with artists like Jay-Z setting trends'). Mood categories like 'happy music' or 'sad music' do NOT count as concrete specifics.",Positive and negative impacts of music,absent,"mentions that music has positive or negative impacts without further detail (e.g., 'Music can be good or bad').","describes a positive or negative impact of music with a reason or effect (e.g., 'Music can improve mental health by reducing stress'). (scores 2, not 3 — provides a reason but lacks a concrete specific such as a study or personal experience).","all of 2 AND includes a concrete specific such as a study, personal experience, or real-world example that materially advances the argument (e.g., 'Listening to classical music has been shown to lower blood pressure, as evidenced by a study conducted at the University of Maryland'). Vague statements like 'music helps people' do NOT count as concrete specifics.",Personal example showing music's influence,absent,"mentions a personal example of music's influence without further detail (e.g., 'Music has influenced me').","provides a personal example with a reason or effect of music's influence (e.g., 'Music helped me focus better during my studies'). (scores 2, not 3 — provides a reason but lacks a concrete specific such as a particular song or artist).","all of 2 AND includes a concrete specific such as a song, artist, or detailed personal situation that materially develops the example (e.g., 'Listening to Beethoven's symphonies helped me concentrate during my final exams, leading to improved grades'). General statements like 'music helps me study' do NOT count as concrete specifics.",Additional on-topic development,"no semantically distinct extra on-topic point, OR the 'extra' content paraphrases an idea already credited under another requirement","introduces a DISTINCT extra on-topic point — not a rephrasing or repeat of any other requirement — within the question's subject, with no further detail","introduces a distinct extra on-topic point AND develops it meaningfully (a real reason, cause, or effect — not just length)",introduces a distinct extra on-topic point AND develops it AND supports it with a concrete specific that genuinely advances the argument,auto-generated,
W-C1-20260401085011,c1,essay,"cultures, customs, religion, and traditions (c1)",50,500,"Public holidays are celebrated differently across cultures, but their significance is being questioned in modern societies.

Write an essay discussing whether public holidays have lost their meaning in the modern world.

- Consider the purpose public holidays serve today
- Think about the tension between tradition and modern work demands
- Use examples from your own culture and experience to support your position",Purpose of public holidays today,absent,"mentions the purpose of public holidays without further detail (e.g., 'Public holidays are important').","explains a reason or function of public holidays today (e.g., 'Public holidays provide a necessary break from work, allowing people to recharge'). (scores 2, not 3 — provides a reason but lacks a concrete specific such as a particular holiday or personal experience).","all of 2 AND includes a concrete specific that materially develops the point (e.g., 'Public holidays like Independence Day allow citizens to reflect on national identity and history, as seen in the annual parades and family gatherings'). Generic statements like 'holidays are good for everyone' do NOT count.",Tradition versus modern work demands,absent,"mentions the conflict between tradition and modern work demands without further detail (e.g., 'Tradition and work demands often clash').","describes how modern work demands can conflict with traditional practices (e.g., 'The expectation to work long hours can interfere with traditional family gatherings'). (scores 2, not 3 — explains the conflict but lacks a concrete specific such as a personal or cultural example).","all of 2 AND includes a concrete specific that materially advances the argument (e.g., 'In many cultures, traditional festivals require time off work, but modern companies may not accommodate this, leading to stress and cultural erosion, as seen when employees miss Diwali celebrations due to work commitments'). Vague references like 'some people miss traditions' do NOT count.",Personal example of holiday significance,absent,"mentions a personal example of holiday significance without further detail (e.g., 'Holidays are important to me').","provides a reason why a holiday is significant personally (e.g., 'Holidays are significant because they allow me to spend time with family'). (scores 2, not 3 — gives a reason but lacks a concrete specific such as a detailed personal anecdote).","all of 2 AND includes a concrete specific that materially develops the point (e.g., 'Every Christmas, my family gathers at my grandparents' house, where we share stories and traditions that strengthen our family bonds'). General statements like 'holidays are fun' do NOT count.",Additional on-topic development,"no semantically distinct extra on-topic point, OR the 'extra' content paraphrases an idea already credited under another requirement","introduces a DISTINCT extra on-topic point — not a rephrasing or repeat of any other requirement — within the question's subject, with no further detail","introduces a distinct extra on-topic point AND develops it meaningfully (a real reason, cause, or effect — not just length)",introduces a distinct extra on-topic point AND develops it AND supports it with a concrete specific that genuinely advances the argument,auto-generated,
W-C1-20260401085101,c1,essay,"holidays, travel, and transportation (c1)",50,500,"Car ownership is evolving as societal attitudes shift.

Write an essay discussing whether owning a car is still necessary in today's world.

- Consider how urban development affects the need for a car
- Think about the benefits and costs of car ownership
- Use examples from your own experience to illustrate the impact of car ownership",Impact of urban development on car necessity,absent,"mentions urban development affecting car necessity without further detail (e.g., 'Urban development changes car use').","explains how urban development affects car necessity with a reason or effect (e.g., 'Urban development reduces car necessity because public transport becomes more accessible'). (scores 2, not 3 — provides a reason but lacks a concrete specific like a city or development project).","all of 2 AND includes a concrete specific such as a city or development project (e.g., 'In Amsterdam, the expansion of bike lanes and pedestrian zones has significantly reduced the need for cars'). General statements like 'many cities' do NOT count as concrete specifics.",Comparison of car ownership benefits and costs,absent,"mentions benefits or costs of car ownership without further detail (e.g., 'Car ownership has benefits and costs').","compares benefits and costs with a reason or explanation (e.g., 'Car ownership offers convenience but incurs high maintenance costs'). (scores 2, not 3 — provides a comparison but lacks concrete specifics like a cost figure or specific benefit).","all of 2 AND includes concrete specifics such as a cost figure or specific benefit (e.g., 'Owning a car provides the benefit of personal freedom, but the average annual maintenance cost of $1,000 can be prohibitive'). Vague terms like 'a lot of money' do NOT count as concrete specifics.",Personal example illustrating car ownership impact,absent,"mentions a personal example of car ownership impact without further detail (e.g., 'Car ownership has impacted my life').","provides a personal example with a reason or explanation (e.g., 'Owning a car has made my daily commute easier because I no longer rely on public transport schedules'). (scores 2, not 3 — provides a reason but lacks a concrete specific like a personal anecdote or detailed scenario).","all of 2 AND includes a concrete specific such as a personal anecdote or detailed scenario (e.g., 'Since buying my car, I save 30 minutes each morning on my commute, allowing me to spend more time with my family'). General statements like 'it saves time' do NOT count as concrete specifics.",Additional on-topic development,"no semantically distinct extra on-topic point, OR the 'extra' content paraphrases an idea already credited under another requirement","introduces a DISTINCT extra on-topic point — not a rephrasing or repeat of any other requirement — within the question's subject, with no further detail","introduces a distinct extra on-topic point AND develops it meaningfully (a real reason, cause, or effect — not just length)",introduces a distinct extra on-topic point AND develops it AND supports it with a concrete specific that genuinely advances the argument,auto-generated,
W-C1-20260401085151,c1,essay,"people, relationships, and family (c1)",50,500,"The number of pets kept in homes around the world has grown significantly in recent decades.

Write an essay discussing whether keeping animals as pets is fundamentally selfish.

- Consider the arguments for and against pet ownership from both human and animal perspectives
- Think about the responsibilities that come with owning a pet and whether most owners fulfill them
- Use examples from your own knowledge and experience to support your position",Arguments for and against pet ownership,absent,"mentions arguments for or against pet ownership without further detail (e.g., 'There are pros and cons to owning pets').","provides a reason for an argument for or against pet ownership (e.g., 'Owning pets can provide companionship, which is beneficial for mental health'). (scores 2, not 3 — provides a reason but lacks a concrete specific example or scenario).","all of 2 AND includes a concrete specific that materially develops the argument (e.g., 'Owning a dog can reduce loneliness, as seen in my neighbor who adopted a rescue dog and now feels less isolated'). General statements like 'pets are good for people' do NOT count.",Responsibilities of pet owners and fulfilment,absent,"mentions responsibilities of pet owners without further detail (e.g., 'Pet owners have responsibilities').","describes a specific responsibility and whether it is typically fulfilled (e.g., 'Pet owners need to provide regular veterinary care, but many neglect this due to cost'). (scores 2, not 3 — describes a responsibility and a reason for neglect but lacks a concrete specific example).","all of 2 AND includes a concrete specific that materially advances the argument (e.g., 'Many pet owners fail to provide regular veterinary care, as evidenced by a local shelter report showing a 30% increase in untreated illnesses among surrendered pets'). Vague statements like 'some owners don't care for their pets' do NOT count.",Personal example supporting your position,absent,"mentions a personal example supporting their position without further detail (e.g., 'I have a personal example about pet ownership').","provides a personal example with a reason supporting their position (e.g., 'I believe pet ownership is beneficial because my cat helps me relax after a stressful day'). (scores 2, not 3 — provides a personal example and reason but lacks a concrete specific detail).","all of 2 AND includes a concrete specific that materially develops the example (e.g., 'My cat, Whiskers, helps me relax by sitting on my lap and purring, which lowers my stress levels after work'). General statements like 'pets are calming' do NOT count.",Additional on-topic development,"no semantically distinct extra on-topic point, OR the 'extra' content paraphrases an idea already credited under another requirement","introduces a DISTINCT extra on-topic point — not a rephrasing or repeat of any other requirement — within the question's subject, with no further detail","introduces a distinct extra on-topic point AND develops it meaningfully (a real reason, cause, or effect — not just length)",introduces a distinct extra on-topic point AND develops it AND supports it with a concrete specific that genuinely advances the argument,auto-generated,
W-B1-20260401093728,b1,essay,"people, relationships, and family (b1)",50,300,"Friendship is an essential part of people's lives.

Write an essay discussing what makes a good friend and why friendship is important.

- Think about the qualities that make a good friend
- Consider reasons why friendship is important
- Include a personal example of a valuable friendship",Qualities that make a good friend,absent,"states a quality of a good friend with no further detail (e.g., 'A good friend is kind').","names a quality of a good friend AND provides a reason or explanation (e.g., 'A good friend is kind because they support you when you are feeling down'). (scores 2, not 3 — provides a reason but lacks a specific example or situation that illustrates the quality).","all of 2 AND a concrete specific — a personal anecdote, hypothetical scenario, or developed-generic example (e.g., 'A good friend is kind, like my friend Sarah who always listens to me when I have a problem and offers helpful advice'). Vague descriptions like 'someone who is nice' do NOT count as concrete specifics.",Reasons why friendship is important,absent,"states a reason why friendship is important with no further detail (e.g., 'Friendship is important for happiness').","names a reason why friendship is important AND provides a cause or effect (e.g., 'Friendship is important because it provides emotional support during difficult times'). (scores 2, not 3 — gives a reason but lacks a specific example or scenario that illustrates the importance).","all of 2 AND a concrete specific — a personal anecdote, hypothetical scenario, or developed-generic example (e.g., 'Friendship is important because it provides emotional support, like when my friend helped me through a tough exam period by studying with me and keeping me motivated'). General statements like 'it makes life better' do NOT count as concrete specifics.",Personal example of a valuable friendship,absent,"mentions having a valuable friendship with no further detail (e.g., 'I have a valuable friendship').","describes a valuable friendship AND provides a reason why it is valuable (e.g., 'My friendship with Alex is valuable because we share similar interests and support each other'). (scores 2, not 3 — describes the friendship and its value but lacks a specific event or situation that illustrates it).","all of 2 AND a concrete specific — a personal anecdote, hypothetical scenario, or developed-generic example (e.g., 'My friendship with Alex is valuable because we share similar interests, like when we both joined the same hiking club and spent weekends exploring new trails together'). Vague mentions like 'we have fun together' do NOT count as concrete specifics.",Additional on-topic development,"no semantically distinct extra on-topic point, OR the 'extra' content paraphrases an idea already credited under another requirement","introduces a DISTINCT extra on-topic point — not a rephrasing or repeat of any other requirement — within the question's subject, with no further detail","introduces a distinct extra on-topic point AND develops it meaningfully (a real reason, cause, or effect — not just length)",introduces a distinct extra on-topic point AND develops it AND supports it with a concrete specific that genuinely advances the argument,auto-generated,
W-B1-20260401093829,b1,essay,natural world and environment (b1),50,300,"The weather affects people's lives in many different ways.

Write an essay discussing how the weather affects the way you live and feel.

- Think about how weather affects your daily activities
- Consider the impact of weather on your emotions
- Include a personal example of weather's influence on your life",How weather affects your daily activities,absent,"states that weather affects daily activities without specifying how (e.g., 'Weather affects my daily routine').","names a specific daily activity AND explains how weather affects it (e.g., 'I walk to work, but rain makes me take the bus instead'). (scores 2, not 3 — explains the effect on an activity but lacks a concrete specific like a personal anecdote or detailed scenario).","all of 2 AND a concrete specific — a personal anecdote, hypothetical scenario, or developed-generic example (e.g., 'Last winter, heavy snow forced me to work from home for a week, which changed my entire schedule'). Vague statements like 'bad weather changes plans' do NOT count as concrete specifics.",Impact of weather on your emotions,absent,"mentions that weather affects emotions without further detail (e.g., 'Weather affects how I feel').","describes a specific emotional impact of weather with a reason (e.g., 'Rainy days make me feel sad because I can't go outside'). (scores 2, not 3 — provides an emotional impact and reason but lacks a concrete specific like a personal story or detailed example).","all of 2 AND a concrete specific — a personal anecdote, hypothetical scenario, or developed-generic example (e.g., 'During the long rainy season, I often feel gloomy and stay indoors, which affects my mood and productivity'). General statements like 'weather changes emotions' do NOT count as concrete specifics.",Personal example of weather's influence on your life,absent,"mentions that weather influences life without a personal example (e.g., 'Weather influences my life').","provides a personal example of weather's influence with a reason (e.g., 'I moved to a warmer city because the cold weather affected my health'). (scores 2, not 3 — gives a personal example and reason but lacks a concrete specific like a detailed personal story or scenario).","all of 2 AND a concrete specific — a detailed personal anecdote, hypothetical scenario, or developed-generic example (e.g., 'Last year, a severe storm damaged my house, forcing my family to relocate temporarily, which was a challenging experience'). Vague examples like 'weather changed my plans' do NOT count as concrete specifics.",Additional on-topic development,"no semantically distinct extra on-topic point, OR the 'extra' content paraphrases an idea already credited under another requirement","introduces a DISTINCT extra on-topic point — not a rephrasing or repeat of any other requirement — within the question's subject, with no further detail","introduces a distinct extra on-topic point AND develops it meaningfully (a real reason, cause, or effect — not just length)",introduces a distinct extra on-topic point AND develops it AND supports it with a concrete specific that genuinely advances the argument,auto-generated,
W-B1-20260401093929,b1,essay,"media, arts, literature, and entertainment (b1)",50,300,"Music is something that most people enjoy in their daily lives.

Write an essay discussing the role of music in your life and how it affects you.

- Think about how music influences your daily activities
- Include a specific example of music's impact on your emotions
- Consider the reasons for choosing certain music genres",How music influences your daily activities,absent,"mentions music's influence on daily activities without specifying how or why (e.g., 'Music affects my daily life').","describes a specific influence of music on daily activities with a reason or effect (e.g., 'Listening to music helps me concentrate while studying'). (scores 2, not 3 — provides a reason but lacks a concrete specific like a song or artist).","all of 2 AND includes a concrete specific such as a song, artist, or detailed personal scenario (e.g., 'Listening to classical music like Beethoven while studying helps me focus better'). General statements like 'calming music' do NOT count as concrete specifics.",Specific example of music's impact on emotions,absent,"mentions music's impact on emotions without providing an example or explanation (e.g., 'Music affects my emotions').","provides a reason or explanation of how music impacts emotions with a general example (e.g., 'Music can make me feel happy when I'm sad'). (scores 2, not 3 — gives a reason but lacks a concrete specific like a song or artist).","all of 2 AND includes a concrete specific such as a song, artist, or detailed personal scenario (e.g., 'Listening to Adele's 'Someone Like You' makes me feel nostalgic and reflective'). Vague categories like 'sad songs' do NOT count as concrete specifics.",Reasons for choosing certain music genres,absent,"mentions choosing music genres without providing reasons (e.g., 'I like different music genres').","provides a reason for choosing a music genre with a general example (e.g., 'I choose jazz because it relaxes me'). (scores 2, not 3 — provides a reason but lacks a concrete specific like a song or artist).","all of 2 AND includes a concrete specific such as a song, artist, or detailed personal scenario (e.g., 'I prefer listening to jazz artists like Miles Davis because their music helps me unwind after a long day'). General statements like 'relaxing music' do NOT count as concrete specifics.",Additional on-topic development,"no semantically distinct extra on-topic point, OR the 'extra' content paraphrases an idea already credited under another requirement","introduces a DISTINCT extra on-topic point — not a rephrasing or repeat of any other requirement — within the question's subject, with no further detail","introduces a distinct extra on-topic point AND develops it meaningfully (a real reason, cause, or effect — not just length)",introduces a distinct extra on-topic point AND develops it AND supports it with a concrete specific that genuinely advances the argument,auto-generated,
