ref_#,cefr_level,task_type,topic,word_count_min,word_count_max,question_prompt,requirement_1,req_1_score_0,req_1_score_1,req_1_score_2,req_1_score_3,requirement_2,req_2_score_0,req_2_score_1,req_2_score_2,req_2_score_3,requirement_3,req_3_score_0,req_3_score_1,req_3_score_2,req_3_score_3,requirement_4,req_4_score_0,req_4_score_1,req_4_score_2,req_4_score_3,status,notes
W-A1-1,b1,note,shopping and consumer activities,50,300,,,,,,,,,,,,,,,,,Additional on-topic development,"no semantically distinct extra on-topic point, OR the 'extra' content paraphrases an idea already credited under another requirement","introduces a DISTINCT extra on-topic point — not a rephrasing or repeat of any other requirement — within the question's subject, with no further detail","introduces a distinct extra on-topic point AND develops it meaningfully (a real reason, cause, or effect — not just length)",introduces a distinct extra on-topic point AND develops it AND supports it with a concrete specific that genuinely advances the argument,pending,
W-A1-2,a1,sentence level,,25,80,,,,,,,,,,,,,,,,,Additional on-topic development,"no semantically distinct extra on-topic point, OR the 'extra' content paraphrases an idea already credited under another requirement","introduces a DISTINCT extra on-topic point — not a rephrasing or repeat of any other requirement — within the question's subject, with no further detail","introduces a distinct extra on-topic point AND develops it meaningfully (a real reason, cause, or effect — not just length)",introduces a distinct extra on-topic point AND develops it AND supports it with a concrete specific that genuinely advances the argument,pending,
W-A1-3,a1,sentence level,,25,80,,,,,,,,,,,,,,,,,Additional on-topic development,"no semantically distinct extra on-topic point, OR the 'extra' content paraphrases an idea already credited under another requirement","introduces a DISTINCT extra on-topic point — not a rephrasing or repeat of any other requirement — within the question's subject, with no further detail","introduces a distinct extra on-topic point AND develops it meaningfully (a real reason, cause, or effect — not just length)",introduces a distinct extra on-topic point AND develops it AND supports it with a concrete specific that genuinely advances the argument,pending,
W-A1-4,a1,sentence level,,25,80,,,,,,,,,,,,,,,,,Additional on-topic development,"no semantically distinct extra on-topic point, OR the 'extra' content paraphrases an idea already credited under another requirement","introduces a DISTINCT extra on-topic point — not a rephrasing or repeat of any other requirement — within the question's subject, with no further detail","introduces a distinct extra on-topic point AND develops it meaningfully (a real reason, cause, or effect — not just length)",introduces a distinct extra on-topic point AND develops it AND supports it with a concrete specific that genuinely advances the argument,pending,
W-A1-5,a1,long answer,,25,80,,,,,,,,,,,,,,,,,Additional on-topic development,"no semantically distinct extra on-topic point, OR the 'extra' content paraphrases an idea already credited under another requirement","introduces a DISTINCT extra on-topic point — not a rephrasing or repeat of any other requirement — within the question's subject, with no further detail","introduces a distinct extra on-topic point AND develops it meaningfully (a real reason, cause, or effect — not just length)",introduces a distinct extra on-topic point AND develops it AND supports it with a concrete specific that genuinely advances the argument,pending,
W-A1-6,a1,note,,25,80,,,,,,,,,,,,,,,,,Additional on-topic development,"no semantically distinct extra on-topic point, OR the 'extra' content paraphrases an idea already credited under another requirement","introduces a DISTINCT extra on-topic point — not a rephrasing or repeat of any other requirement — within the question's subject, with no further detail","introduces a distinct extra on-topic point AND develops it meaningfully (a real reason, cause, or effect — not just length)",introduces a distinct extra on-topic point AND develops it AND supports it with a concrete specific that genuinely advances the argument,pending,
W-A1-7,a1,letter/email,,25,80,,,,,,,,,,,,,,,,,Additional on-topic development,"no semantically distinct extra on-topic point, OR the 'extra' content paraphrases an idea already credited under another requirement","introduces a DISTINCT extra on-topic point — not a rephrasing or repeat of any other requirement — within the question's subject, with no further detail","introduces a distinct extra on-topic point AND develops it meaningfully (a real reason, cause, or effect — not just length)",introduces a distinct extra on-topic point AND develops it AND supports it with a concrete specific that genuinely advances the argument,pending,
W-A1-8,a1,note,,25,80,,,,,,,,,,,,,,,,,Additional on-topic development,"no semantically distinct extra on-topic point, OR the 'extra' content paraphrases an idea already credited under another requirement","introduces a DISTINCT extra on-topic point — not a rephrasing or repeat of any other requirement — within the question's subject, with no further detail","introduces a distinct extra on-topic point AND develops it meaningfully (a real reason, cause, or effect — not just length)",introduces a distinct extra on-topic point AND develops it AND supports it with a concrete specific that genuinely advances the argument,pending,
W-A1-9,a1,note,,25,80,,,,,,,,,,,,,,,,,Additional on-topic development,"no semantically distinct extra on-topic point, OR the 'extra' content paraphrases an idea already credited under another requirement","introduces a DISTINCT extra on-topic point — not a rephrasing or repeat of any other requirement — within the question's subject, with no further detail","introduces a distinct extra on-topic point AND develops it meaningfully (a real reason, cause, or effect — not just length)",introduces a distinct extra on-topic point AND develops it AND supports it with a concrete specific that genuinely advances the argument,pending,
W-A1-10,a1,note,,25,80,,,,,,,,,,,,,,,,,Additional on-topic development,"no semantically distinct extra on-topic point, OR the 'extra' content paraphrases an idea already credited under another requirement","introduces a DISTINCT extra on-topic point — not a rephrasing or repeat of any other requirement — within the question's subject, with no further detail","introduces a distinct extra on-topic point AND develops it meaningfully (a real reason, cause, or effect — not just length)",introduces a distinct extra on-topic point AND develops it AND supports it with a concrete specific that genuinely advances the argument,pending,
W-A1-11,a1,simple note,self and identity,25,80,,,,,,,,,,,,,,,,,Additional on-topic development,"no semantically distinct extra on-topic point, OR the 'extra' content paraphrases an idea already credited under another requirement","introduces a DISTINCT extra on-topic point — not a rephrasing or repeat of any other requirement — within the question's subject, with no further detail","introduces a distinct extra on-topic point AND develops it meaningfully (a real reason, cause, or effect — not just length)",introduces a distinct extra on-topic point AND develops it AND supports it with a concrete specific that genuinely advances the argument,pending,
W-A2-1,a2,note,,40,120,,,,,,,,,,,,,,,,,Additional on-topic development,"no semantically distinct extra on-topic point, OR the 'extra' content paraphrases an idea already credited under another requirement","introduces a DISTINCT extra on-topic point — not a rephrasing or repeat of any other requirement — within the question's subject, with no further detail","introduces a distinct extra on-topic point AND develops it meaningfully (a real reason, cause, or effect — not just length)",introduces a distinct extra on-topic point AND develops it AND supports it with a concrete specific that genuinely advances the argument,pending,
W-A2-2,a2,paragraph,,40,120,,,,,,,,,,,,,,,,,Additional on-topic development,"no semantically distinct extra on-topic point, OR the 'extra' content paraphrases an idea already credited under another requirement","introduces a DISTINCT extra on-topic point — not a rephrasing or repeat of any other requirement — within the question's subject, with no further detail","introduces a distinct extra on-topic point AND develops it meaningfully (a real reason, cause, or effect — not just length)",introduces a distinct extra on-topic point AND develops it AND supports it with a concrete specific that genuinely advances the argument,pending,
W-A2-3,a2,note,,40,120,,,,,,,,,,,,,,,,,Additional on-topic development,"no semantically distinct extra on-topic point, OR the 'extra' content paraphrases an idea already credited under another requirement","introduces a DISTINCT extra on-topic point — not a rephrasing or repeat of any other requirement — within the question's subject, with no further detail","introduces a distinct extra on-topic point AND develops it meaningfully (a real reason, cause, or effect — not just length)",introduces a distinct extra on-topic point AND develops it AND supports it with a concrete specific that genuinely advances the argument,pending,
W-A2-4,a2,letter/email,,40,120,,,,,,,,,,,,,,,,,Additional on-topic development,"no semantically distinct extra on-topic point, OR the 'extra' content paraphrases an idea already credited under another requirement","introduces a DISTINCT extra on-topic point — not a rephrasing or repeat of any other requirement — within the question's subject, with no further detail","introduces a distinct extra on-topic point AND develops it meaningfully (a real reason, cause, or effect — not just length)",introduces a distinct extra on-topic point AND develops it AND supports it with a concrete specific that genuinely advances the argument,pending,
W-A2-5,a2,note,,40,120,,,,,,,,,,,,,,,,,Additional on-topic development,"no semantically distinct extra on-topic point, OR the 'extra' content paraphrases an idea already credited under another requirement","introduces a DISTINCT extra on-topic point — not a rephrasing or repeat of any other requirement — within the question's subject, with no further detail","introduces a distinct extra on-topic point AND develops it meaningfully (a real reason, cause, or effect — not just length)",introduces a distinct extra on-topic point AND develops it AND supports it with a concrete specific that genuinely advances the argument,pending,
W-A2-6,a2,letter/email,,40,120,,,,,,,,,,,,,,,,,Additional on-topic development,"no semantically distinct extra on-topic point, OR the 'extra' content paraphrases an idea already credited under another requirement","introduces a DISTINCT extra on-topic point — not a rephrasing or repeat of any other requirement — within the question's subject, with no further detail","introduces a distinct extra on-topic point AND develops it meaningfully (a real reason, cause, or effect — not just length)",introduces a distinct extra on-topic point AND develops it AND supports it with a concrete specific that genuinely advances the argument,pending,
W-A2-7,a2,paragraph,"countries, cities, towns, and public places (a2)",50,150,,,,,,,,,,,,,,,,,Additional on-topic development,"no semantically distinct extra on-topic point, OR the 'extra' content paraphrases an idea already credited under another requirement","introduces a DISTINCT extra on-topic point — not a rephrasing or repeat of any other requirement — within the question's subject, with no further detail","introduces a distinct extra on-topic point AND develops it meaningfully (a real reason, cause, or effect — not just length)",introduces a distinct extra on-topic point AND develops it AND supports it with a concrete specific that genuinely advances the argument,pending,
W-A2-8,a2,paragraph,,40,120,,,,,,,,,,,,,,,,,Additional on-topic development,"no semantically distinct extra on-topic point, OR the 'extra' content paraphrases an idea already credited under another requirement","introduces a DISTINCT extra on-topic point — not a rephrasing or repeat of any other requirement — within the question's subject, with no further detail","introduces a distinct extra on-topic point AND develops it meaningfully (a real reason, cause, or effect — not just length)",introduces a distinct extra on-topic point AND develops it AND supports it with a concrete specific that genuinely advances the argument,pending,
W-A2-9,a2,note,,40,120,,,,,,,,,,,,,,,,,Additional on-topic development,"no semantically distinct extra on-topic point, OR the 'extra' content paraphrases an idea already credited under another requirement","introduces a DISTINCT extra on-topic point — not a rephrasing or repeat of any other requirement — within the question's subject, with no further detail","introduces a distinct extra on-topic point AND develops it meaningfully (a real reason, cause, or effect — not just length)",introduces a distinct extra on-topic point AND develops it AND supports it with a concrete specific that genuinely advances the argument,pending,
W-A2-10,a2,letter/email,,40,120,,,,,,,,,,,,,,,,,Additional on-topic development,"no semantically distinct extra on-topic point, OR the 'extra' content paraphrases an idea already credited under another requirement","introduces a DISTINCT extra on-topic point — not a rephrasing or repeat of any other requirement — within the question's subject, with no further detail","introduces a distinct extra on-topic point AND develops it meaningfully (a real reason, cause, or effect — not just length)",introduces a distinct extra on-topic point AND develops it AND supports it with a concrete specific that genuinely advances the argument,pending,
W-A2-11,a2,note,,40,120,,,,,,,,,,,,,,,,,Additional on-topic development,"no semantically distinct extra on-topic point, OR the 'extra' content paraphrases an idea already credited under another requirement","introduces a DISTINCT extra on-topic point — not a rephrasing or repeat of any other requirement — within the question's subject, with no further detail","introduces a distinct extra on-topic point AND develops it meaningfully (a real reason, cause, or effect — not just length)",introduces a distinct extra on-topic point AND develops it AND supports it with a concrete specific that genuinely advances the argument,pending,
W-A2-12,a2,simple email writing,shopping and consumer activities,40,120,,,,,,,,,,,,,,,,,Additional on-topic development,"no semantically distinct extra on-topic point, OR the 'extra' content paraphrases an idea already credited under another requirement","introduces a DISTINCT extra on-topic point — not a rephrasing or repeat of any other requirement — within the question's subject, with no further detail","introduces a distinct extra on-topic point AND develops it meaningfully (a real reason, cause, or effect — not just length)",introduces a distinct extra on-topic point AND develops it AND supports it with a concrete specific that genuinely advances the argument,pending,
W-B1-1,b1,report,,50,300,,,,,,,,,,,,,,,,,Additional on-topic development,"no semantically distinct extra on-topic point, OR the 'extra' content paraphrases an idea already credited under another requirement","introduces a DISTINCT extra on-topic point — not a rephrasing or repeat of any other requirement — within the question's subject, with no further detail","introduces a distinct extra on-topic point AND develops it meaningfully (a real reason, cause, or effect — not just length)",introduces a distinct extra on-topic point AND develops it AND supports it with a concrete specific that genuinely advances the argument,pending,
W-B1-2,b1,letter/email,,50,300,,,,,,,,,,,,,,,,,Additional on-topic development,"no semantically distinct extra on-topic point, OR the 'extra' content paraphrases an idea already credited under another requirement","introduces a DISTINCT extra on-topic point — not a rephrasing or repeat of any other requirement — within the question's subject, with no further detail","introduces a distinct extra on-topic point AND develops it meaningfully (a real reason, cause, or effect — not just length)",introduces a distinct extra on-topic point AND develops it AND supports it with a concrete specific that genuinely advances the argument,pending,
W-B1-3,b1,article,,50,300,,,,,,,,,,,,,,,,,Additional on-topic development,"no semantically distinct extra on-topic point, OR the 'extra' content paraphrases an idea already credited under another requirement","introduces a DISTINCT extra on-topic point — not a rephrasing or repeat of any other requirement — within the question's subject, with no further detail","introduces a distinct extra on-topic point AND develops it meaningfully (a real reason, cause, or effect — not just length)",introduces a distinct extra on-topic point AND develops it AND supports it with a concrete specific that genuinely advances the argument,pending,
W-B1-4,b1,article,,50,300,,,,,,,,,,,,,,,,,Additional on-topic development,"no semantically distinct extra on-topic point, OR the 'extra' content paraphrases an idea already credited under another requirement","introduces a DISTINCT extra on-topic point — not a rephrasing or repeat of any other requirement — within the question's subject, with no further detail","introduces a distinct extra on-topic point AND develops it meaningfully (a real reason, cause, or effect — not just length)",introduces a distinct extra on-topic point AND develops it AND supports it with a concrete specific that genuinely advances the argument,pending,
W-B1-5,b1,essay,,50,300,,,,,,,,,,,,,,,,,Additional on-topic development,"no semantically distinct extra on-topic point, OR the 'extra' content paraphrases an idea already credited under another requirement","introduces a DISTINCT extra on-topic point — not a rephrasing or repeat of any other requirement — within the question's subject, with no further detail","introduces a distinct extra on-topic point AND develops it meaningfully (a real reason, cause, or effect — not just length)",introduces a distinct extra on-topic point AND develops it AND supports it with a concrete specific that genuinely advances the argument,pending,
W-B1-6,b1,report,,50,300,,,,,,,,,,,,,,,,,Additional on-topic development,"no semantically distinct extra on-topic point, OR the 'extra' content paraphrases an idea already credited under another requirement","introduces a DISTINCT extra on-topic point — not a rephrasing or repeat of any other requirement — within the question's subject, with no further detail","introduces a distinct extra on-topic point AND develops it meaningfully (a real reason, cause, or effect — not just length)",introduces a distinct extra on-topic point AND develops it AND supports it with a concrete specific that genuinely advances the argument,pending,
W-B1-7,b1,letter/email,,50,300,,,,,,,,,,,,,,,,,Additional on-topic development,"no semantically distinct extra on-topic point, OR the 'extra' content paraphrases an idea already credited under another requirement","introduces a DISTINCT extra on-topic point — not a rephrasing or repeat of any other requirement — within the question's subject, with no further detail","introduces a distinct extra on-topic point AND develops it meaningfully (a real reason, cause, or effect — not just length)",introduces a distinct extra on-topic point AND develops it AND supports it with a concrete specific that genuinely advances the argument,pending,
W-B1-8,b1,paragraph,,50,300,,,,,,,,,,,,,,,,,Additional on-topic development,"no semantically distinct extra on-topic point, OR the 'extra' content paraphrases an idea already credited under another requirement","introduces a DISTINCT extra on-topic point — not a rephrasing or repeat of any other requirement — within the question's subject, with no further detail","introduces a distinct extra on-topic point AND develops it meaningfully (a real reason, cause, or effect — not just length)",introduces a distinct extra on-topic point AND develops it AND supports it with a concrete specific that genuinely advances the argument,pending,
W-B1-9,b1,letter/email,,50,300,,,,,,,,,,,,,,,,,Additional on-topic development,"no semantically distinct extra on-topic point, OR the 'extra' content paraphrases an idea already credited under another requirement","introduces a DISTINCT extra on-topic point — not a rephrasing or repeat of any other requirement — within the question's subject, with no further detail","introduces a distinct extra on-topic point AND develops it meaningfully (a real reason, cause, or effect — not just length)",introduces a distinct extra on-topic point AND develops it AND supports it with a concrete specific that genuinely advances the argument,pending,
W-B1-10,b1,paragraph,,50,300,,,,,,,,,,,,,,,,,Additional on-topic development,"no semantically distinct extra on-topic point, OR the 'extra' content paraphrases an idea already credited under another requirement","introduces a DISTINCT extra on-topic point — not a rephrasing or repeat of any other requirement — within the question's subject, with no further detail","introduces a distinct extra on-topic point AND develops it meaningfully (a real reason, cause, or effect — not just length)",introduces a distinct extra on-topic point AND develops it AND supports it with a concrete specific that genuinely advances the argument,pending,
W-B1-11,b1,letter/email,,50,300,,,,,,,,,,,,,,,,,Additional on-topic development,"no semantically distinct extra on-topic point, OR the 'extra' content paraphrases an idea already credited under another requirement","introduces a DISTINCT extra on-topic point — not a rephrasing or repeat of any other requirement — within the question's subject, with no further detail","introduces a distinct extra on-topic point AND develops it meaningfully (a real reason, cause, or effect — not just length)",introduces a distinct extra on-topic point AND develops it AND supports it with a concrete specific that genuinely advances the argument,pending,
W-B1-12,b1,paragraph,,50,300,,,,,,,,,,,,,,,,,Additional on-topic development,"no semantically distinct extra on-topic point, OR the 'extra' content paraphrases an idea already credited under another requirement","introduces a DISTINCT extra on-topic point — not a rephrasing or repeat of any other requirement — within the question's subject, with no further detail","introduces a distinct extra on-topic point AND develops it meaningfully (a real reason, cause, or effect — not just length)",introduces a distinct extra on-topic point AND develops it AND supports it with a concrete specific that genuinely advances the argument,pending,
W-B1-13,b1,paragraph,,50,300,,,,,,,,,,,,,,,,,Additional on-topic development,"no semantically distinct extra on-topic point, OR the 'extra' content paraphrases an idea already credited under another requirement","introduces a DISTINCT extra on-topic point — not a rephrasing or repeat of any other requirement — within the question's subject, with no further detail","introduces a distinct extra on-topic point AND develops it meaningfully (a real reason, cause, or effect — not just length)",introduces a distinct extra on-topic point AND develops it AND supports it with a concrete specific that genuinely advances the argument,pending,
W-B1-14,b1,paragraph,,50,300,,,,,,,,,,,,,,,,,Additional on-topic development,"no semantically distinct extra on-topic point, OR the 'extra' content paraphrases an idea already credited under another requirement","introduces a DISTINCT extra on-topic point — not a rephrasing or repeat of any other requirement — within the question's subject, with no further detail","introduces a distinct extra on-topic point AND develops it meaningfully (a real reason, cause, or effect — not just length)",introduces a distinct extra on-topic point AND develops it AND supports it with a concrete specific that genuinely advances the argument,pending,
W-B1-15,b1,paragraph,,50,300,,,,,,,,,,,,,,,,,Additional on-topic development,"no semantically distinct extra on-topic point, OR the 'extra' content paraphrases an idea already credited under another requirement","introduces a DISTINCT extra on-topic point — not a rephrasing or repeat of any other requirement — within the question's subject, with no further detail","introduces a distinct extra on-topic point AND develops it meaningfully (a real reason, cause, or effect — not just length)",introduces a distinct extra on-topic point AND develops it AND supports it with a concrete specific that genuinely advances the argument,pending,
W-B1-16,b1,summary,,50,300,,,,,,,,,,,,,,,,,Additional on-topic development,"no semantically distinct extra on-topic point, OR the 'extra' content paraphrases an idea already credited under another requirement","introduces a DISTINCT extra on-topic point — not a rephrasing or repeat of any other requirement — within the question's subject, with no further detail","introduces a distinct extra on-topic point AND develops it meaningfully (a real reason, cause, or effect — not just length)",introduces a distinct extra on-topic point AND develops it AND supports it with a concrete specific that genuinely advances the argument,pending,
W-B1-17,b1,summary,,50,300,,,,,,,,,,,,,,,,,Additional on-topic development,"no semantically distinct extra on-topic point, OR the 'extra' content paraphrases an idea already credited under another requirement","introduces a DISTINCT extra on-topic point — not a rephrasing or repeat of any other requirement — within the question's subject, with no further detail","introduces a distinct extra on-topic point AND develops it meaningfully (a real reason, cause, or effect — not just length)",introduces a distinct extra on-topic point AND develops it AND supports it with a concrete specific that genuinely advances the argument,pending,
W-B1-18,b1,article,,50,300,,,,,,,,,,,,,,,,,Additional on-topic development,"no semantically distinct extra on-topic point, OR the 'extra' content paraphrases an idea already credited under another requirement","introduces a DISTINCT extra on-topic point — not a rephrasing or repeat of any other requirement — within the question's subject, with no further detail","introduces a distinct extra on-topic point AND develops it meaningfully (a real reason, cause, or effect — not just length)",introduces a distinct extra on-topic point AND develops it AND supports it with a concrete specific that genuinely advances the argument,pending,
W-B1-19,b1,summary,,50,300,,,,,,,,,,,,,,,,,Additional on-topic development,"no semantically distinct extra on-topic point, OR the 'extra' content paraphrases an idea already credited under another requirement","introduces a DISTINCT extra on-topic point — not a rephrasing or repeat of any other requirement — within the question's subject, with no further detail","introduces a distinct extra on-topic point AND develops it meaningfully (a real reason, cause, or effect — not just length)",introduces a distinct extra on-topic point AND develops it AND supports it with a concrete specific that genuinely advances the argument,pending,
W-B1-20,b1,letter/email,,50,300,,,,,,,,,,,,,,,,,Additional on-topic development,"no semantically distinct extra on-topic point, OR the 'extra' content paraphrases an idea already credited under another requirement","introduces a DISTINCT extra on-topic point — not a rephrasing or repeat of any other requirement — within the question's subject, with no further detail","introduces a distinct extra on-topic point AND develops it meaningfully (a real reason, cause, or effect — not just length)",introduces a distinct extra on-topic point AND develops it AND supports it with a concrete specific that genuinely advances the argument,pending,
W-B1-21,b1,paragraph,,50,300,,,,,,,,,,,,,,,,,Additional on-topic development,"no semantically distinct extra on-topic point, OR the 'extra' content paraphrases an idea already credited under another requirement","introduces a DISTINCT extra on-topic point — not a rephrasing or repeat of any other requirement — within the question's subject, with no further detail","introduces a distinct extra on-topic point AND develops it meaningfully (a real reason, cause, or effect — not just length)",introduces a distinct extra on-topic point AND develops it AND supports it with a concrete specific that genuinely advances the argument,pending,
W-B1-22,b1,article,,50,300,,,,,,,,,,,,,,,,,Additional on-topic development,"no semantically distinct extra on-topic point, OR the 'extra' content paraphrases an idea already credited under another requirement","introduces a DISTINCT extra on-topic point — not a rephrasing or repeat of any other requirement — within the question's subject, with no further detail","introduces a distinct extra on-topic point AND develops it meaningfully (a real reason, cause, or effect — not just length)",introduces a distinct extra on-topic point AND develops it AND supports it with a concrete specific that genuinely advances the argument,pending,
W-B1-23,b1,article,,50,300,,,,,,,,,,,,,,,,,Additional on-topic development,"no semantically distinct extra on-topic point, OR the 'extra' content paraphrases an idea already credited under another requirement","introduces a DISTINCT extra on-topic point — not a rephrasing or repeat of any other requirement — within the question's subject, with no further detail","introduces a distinct extra on-topic point AND develops it meaningfully (a real reason, cause, or effect — not just length)",introduces a distinct extra on-topic point AND develops it AND supports it with a concrete specific that genuinely advances the argument,pending,
W-B1-24,b1,letter/email,,50,300,,,,,,,,,,,,,,,,,Additional on-topic development,"no semantically distinct extra on-topic point, OR the 'extra' content paraphrases an idea already credited under another requirement","introduces a DISTINCT extra on-topic point — not a rephrasing or repeat of any other requirement — within the question's subject, with no further detail","introduces a distinct extra on-topic point AND develops it meaningfully (a real reason, cause, or effect — not just length)",introduces a distinct extra on-topic point AND develops it AND supports it with a concrete specific that genuinely advances the argument,pending,
W-B1-25,b1,report,,50,300,,,,,,,,,,,,,,,,,Additional on-topic development,"no semantically distinct extra on-topic point, OR the 'extra' content paraphrases an idea already credited under another requirement","introduces a DISTINCT extra on-topic point — not a rephrasing or repeat of any other requirement — within the question's subject, with no further detail","introduces a distinct extra on-topic point AND develops it meaningfully (a real reason, cause, or effect — not just length)",introduces a distinct extra on-topic point AND develops it AND supports it with a concrete specific that genuinely advances the argument,pending,
W-B1-26,b1,report,,50,300,,,,,,,,,,,,,,,,,Additional on-topic development,"no semantically distinct extra on-topic point, OR the 'extra' content paraphrases an idea already credited under another requirement","introduces a DISTINCT extra on-topic point — not a rephrasing or repeat of any other requirement — within the question's subject, with no further detail","introduces a distinct extra on-topic point AND develops it meaningfully (a real reason, cause, or effect — not just length)",introduces a distinct extra on-topic point AND develops it AND supports it with a concrete specific that genuinely advances the argument,pending,
W-B1-27,b1,letter/email,,50,300,,,,,,,,,,,,,,,,,Additional on-topic development,"no semantically distinct extra on-topic point, OR the 'extra' content paraphrases an idea already credited under another requirement","introduces a DISTINCT extra on-topic point — not a rephrasing or repeat of any other requirement — within the question's subject, with no further detail","introduces a distinct extra on-topic point AND develops it meaningfully (a real reason, cause, or effect — not just length)",introduces a distinct extra on-topic point AND develops it AND supports it with a concrete specific that genuinely advances the argument,pending,
W-B1-28,b1,letter/email,,50,300,,,,,,,,,,,,,,,,,Additional on-topic development,"no semantically distinct extra on-topic point, OR the 'extra' content paraphrases an idea already credited under another requirement","introduces a DISTINCT extra on-topic point — not a rephrasing or repeat of any other requirement — within the question's subject, with no further detail","introduces a distinct extra on-topic point AND develops it meaningfully (a real reason, cause, or effect — not just length)",introduces a distinct extra on-topic point AND develops it AND supports it with a concrete specific that genuinely advances the argument,pending,
W-B1-29,b1,letter/email,,50,300,,,,,,,,,,,,,,,,,Additional on-topic development,"no semantically distinct extra on-topic point, OR the 'extra' content paraphrases an idea already credited under another requirement","introduces a DISTINCT extra on-topic point — not a rephrasing or repeat of any other requirement — within the question's subject, with no further detail","introduces a distinct extra on-topic point AND develops it meaningfully (a real reason, cause, or effect — not just length)",introduces a distinct extra on-topic point AND develops it AND supports it with a concrete specific that genuinely advances the argument,pending,
W-B1-30,b1,paragraph,,50,300,,,,,,,,,,,,,,,,,Additional on-topic development,"no semantically distinct extra on-topic point, OR the 'extra' content paraphrases an idea already credited under another requirement","introduces a DISTINCT extra on-topic point — not a rephrasing or repeat of any other requirement — within the question's subject, with no further detail","introduces a distinct extra on-topic point AND develops it meaningfully (a real reason, cause, or effect — not just length)",introduces a distinct extra on-topic point AND develops it AND supports it with a concrete specific that genuinely advances the argument,pending,
W-B2-1,b2,article,,100,400,,,,,,,,,,,,,,,,,Additional on-topic development,"no semantically distinct extra on-topic point, OR the 'extra' content paraphrases an idea already credited under another requirement","introduces a DISTINCT extra on-topic point — not a rephrasing or repeat of any other requirement — within the question's subject, with no further detail","introduces a distinct extra on-topic point AND develops it meaningfully (a real reason, cause, or effect — not just length)",introduces a distinct extra on-topic point AND develops it AND supports it with a concrete specific that genuinely advances the argument,pending,
W-B2-2,b2,article,,100,400,,,,,,,,,,,,,,,,,Additional on-topic development,"no semantically distinct extra on-topic point, OR the 'extra' content paraphrases an idea already credited under another requirement","introduces a DISTINCT extra on-topic point — not a rephrasing or repeat of any other requirement — within the question's subject, with no further detail","introduces a distinct extra on-topic point AND develops it meaningfully (a real reason, cause, or effect — not just length)",introduces a distinct extra on-topic point AND develops it AND supports it with a concrete specific that genuinely advances the argument,pending,
W-B2-3,b2,essay,"people, relationships, and family (b2)",100,400,"Social media has transformed the way people maintain friendships.

Write an essay discussing the impact of online communication on relationships.

- Consider the effects of online communication on maintaining friendships
- Think about both the positive and negative aspects of online connections
- Use a personal example of social media's impact on your relationships",Effects of online communication on maintaining friendships,absent,"mentions that online communication affects friendships without further detail (e.g., 'Online communication changes friendships').","explains how online communication affects friendships with a reason or effect (e.g., 'Online communication helps maintain friendships by allowing frequent contact'). (scores 2, not 3 — provides a reason but lacks a concrete specific example).","all of 2 AND includes a concrete specific that materially develops the point (e.g., 'Through video calls, I can stay in touch with my childhood friend who moved abroad, which keeps our friendship strong despite the distance'). Generic statements like 'many people use social media' do NOT count.",Positive and negative aspects of online connections,absent,"mentions that online connections have positive and negative aspects without further detail (e.g., 'Online connections have both good and bad sides').","describes a positive or negative aspect with a reason or effect (e.g., 'Online connections can be positive because they allow people to meet others with similar interests'). (scores 2, not 3 — provides a reason but lacks a concrete specific example).","all of 2 AND includes TWO concrete specifics that materially develop the point (e.g., 'Online connections are positive because they allow people to join interest groups, like a book club on Facebook, and negative because they can lead to misunderstandings, such as when tone is misinterpreted in text messages'). Vague statements like 'some people find it useful' do NOT count.",Personal example of social media's impact on relationships,absent,"mentions that social media impacts relationships without further detail (e.g., 'Social media affects my relationships').","provides a personal example of how social media impacts relationships with a reason or effect (e.g., 'Social media helps me keep in touch with my family by sharing photos and updates'). (scores 2, not 3 — provides a reason but lacks a concrete specific example).","all of 2 AND includes a concrete specific that materially develops the point (e.g., 'Using Instagram, I share daily updates with my cousins who live in another country, which strengthens our bond despite the distance'). General statements like 'I use social media a lot' do NOT count.",Additional on-topic development,"no semantically distinct extra on-topic point, OR the 'extra' content paraphrases an idea already credited under another requirement","introduces a DISTINCT extra on-topic point — not a rephrasing or repeat of any other requirement — within the question's subject, with no further detail","introduces a distinct extra on-topic point AND develops it meaningfully (a real reason, cause, or effect — not just length)",introduces a distinct extra on-topic point AND develops it AND supports it with a concrete specific that genuinely advances the argument,auto-generated,
W-B2-4,b2,article,,100,400,,,,,,,,,,,,,,,,,Additional on-topic development,"no semantically distinct extra on-topic point, OR the 'extra' content paraphrases an idea already credited under another requirement","introduces a DISTINCT extra on-topic point — not a rephrasing or repeat of any other requirement — within the question's subject, with no further detail","introduces a distinct extra on-topic point AND develops it meaningfully (a real reason, cause, or effect — not just length)",introduces a distinct extra on-topic point AND develops it AND supports it with a concrete specific that genuinely advances the argument,pending,
W-B2-5,b2,letter/email,,100,400,,,,,,,,,,,,,,,,,Additional on-topic development,"no semantically distinct extra on-topic point, OR the 'extra' content paraphrases an idea already credited under another requirement","introduces a DISTINCT extra on-topic point — not a rephrasing or repeat of any other requirement — within the question's subject, with no further detail","introduces a distinct extra on-topic point AND develops it meaningfully (a real reason, cause, or effect — not just length)",introduces a distinct extra on-topic point AND develops it AND supports it with a concrete specific that genuinely advances the argument,pending,
W-B2-6,b2,essay,,100,400,"Technology has significantly impacted various aspects of our lives in recent years.

Write an essay discussing both the positive and negative effects of technology on society.

- Think about the positive effects of technology on communication
- Consider the negative effects of technology on the workplace
- Include specific examples of technology in education",Positive effects of technology on communication,absent,"states that technology positively affects communication without further detail (e.g., 'Technology improves communication').","names a positive effect of technology on communication AND provides a reason or explanation (e.g., 'Technology improves communication by allowing instant messaging across the globe'). (scores 2, not 3 — provides a reason but lacks a concrete specific such as a platform or personal example).","all of 2 AND includes a concrete specific that materially develops the point (e.g., 'Platforms like WhatsApp and Zoom enable families to stay connected despite living in different countries, allowing for real-time video calls and message exchanges'). Generic statements like 'people can talk more easily' do NOT count as concrete specifics.",Negative effects of technology on the workplace,absent,"states that technology negatively affects the workplace without further detail (e.g., 'Technology harms the workplace').","names a negative effect of technology on the workplace AND provides a reason or explanation (e.g., 'Technology can lead to job displacement as machines replace human labor'). (scores 2, not 3 — provides a reason but lacks a concrete specific such as a specific job or industry example).","all of 2 AND includes a concrete specific that materially develops the point (e.g., 'In manufacturing, robots have replaced assembly line workers, leading to significant job losses in the sector'). Vague statements like 'some jobs are lost' do NOT count as concrete specifics.",Specific examples of technology in education,absent,"mentions technology in education without providing specific examples (e.g., 'Technology is used in education').","names a use of technology in education AND provides a reason or explanation (e.g., 'Technology in education allows for online learning, which can make education more accessible'). (scores 2, not 3 — provides a reason but lacks a concrete specific such as a particular tool or platform).","all of 2 AND includes a concrete specific that materially develops the point (e.g., 'Platforms like Khan Academy and Coursera offer courses that students can access from anywhere, providing opportunities for learning outside traditional classrooms'). General statements like 'students can learn online' do NOT count as concrete specifics.",Additional on-topic development,"no semantically distinct extra on-topic point, OR the 'extra' content paraphrases an idea already credited under another requirement","introduces a DISTINCT extra on-topic point — not a rephrasing or repeat of any other requirement — within the question's subject, with no further detail","introduces a distinct extra on-topic point AND develops it meaningfully (a real reason, cause, or effect — not just length)",introduces a distinct extra on-topic point AND develops it AND supports it with a concrete specific that genuinely advances the argument,auto-generated,
W-B2-7,b2,essay,,100,400,"Online shopping has become a common part of modern life, raising questions about consumer rights.

Write an essay discussing the rights of consumers when shopping online.

- Think about current protections for online shoppers
- Consider common problems faced by online consumers
- Include needed improvements in consumer rights",Current protections for online shoppers,absent,"mentions protections for online shoppers without further detail (e.g., 'there are protections for online shoppers').","mentions protections and provides a reason or explanation (e.g., 'online shoppers are protected by refund policies to ensure they can return faulty goods'). (scores 2, not 3 — provides a reason but lacks a concrete example of a specific policy or scenario).","all of 2 AND includes a concrete specific such as a personal experience, hypothetical scenario, or developed-generic example (e.g., 'many online platforms offer a 30-day return policy, which allows customers to return items if they are not satisfied, as I experienced when I returned a defective phone'). Vague statements like 'many protections exist' do NOT count.",Common problems faced by online consumers,absent,"mentions problems faced by online consumers without further detail (e.g., 'online consumers face problems').","mentions a problem and provides a reason or explanation (e.g., 'online consumers often face issues with delayed deliveries because of logistical challenges'). (scores 2, not 3 — provides a reason but lacks a concrete example of a specific problem or scenario).","all of 2 AND includes a concrete specific such as a personal experience, hypothetical scenario, or developed-generic example (e.g., 'a common issue is receiving damaged goods, like when my friend ordered a laptop and it arrived with a cracked screen'). General statements like 'there are many problems' do NOT count.",Needed improvements in consumer rights,absent,"mentions needed improvements in consumer rights without further detail (e.g., 'consumer rights need improvements').","mentions an improvement and provides a reason or explanation (e.g., 'consumer rights need to include better data protection to prevent misuse of personal information'). (scores 2, not 3 — provides a reason but lacks a concrete example of a specific improvement or scenario).","all of 2 AND includes a concrete specific such as a personal experience, hypothetical scenario, or developed-generic example (e.g., 'improving consumer rights could involve stricter regulations on data privacy, such as requiring explicit consent before data is shared, similar to the GDPR in Europe'). Vague suggestions like 'better laws' do NOT count.",Additional on-topic development,"no semantically distinct extra on-topic point, OR the 'extra' content paraphrases an idea already credited under another requirement","introduces a DISTINCT extra on-topic point — not a rephrasing or repeat of any other requirement — within the question's subject, with no further detail","introduces a distinct extra on-topic point AND develops it meaningfully (a real reason, cause, or effect — not just length)",introduces a distinct extra on-topic point AND develops it AND supports it with a concrete specific that genuinely advances the argument,auto-generated,
W-B2-8,b2,report,,100,400,,,,,,,,,,,,,,,,,Additional on-topic development,"no semantically distinct extra on-topic point, OR the 'extra' content paraphrases an idea already credited under another requirement","introduces a DISTINCT extra on-topic point — not a rephrasing or repeat of any other requirement — within the question's subject, with no further detail","introduces a distinct extra on-topic point AND develops it meaningfully (a real reason, cause, or effect — not just length)",introduces a distinct extra on-topic point AND develops it AND supports it with a concrete specific that genuinely advances the argument,pending,
W-B2-9,b2,letter/email,,100,400,,,,,,,,,,,,,,,,,Additional on-topic development,"no semantically distinct extra on-topic point, OR the 'extra' content paraphrases an idea already credited under another requirement","introduces a DISTINCT extra on-topic point — not a rephrasing or repeat of any other requirement — within the question's subject, with no further detail","introduces a distinct extra on-topic point AND develops it meaningfully (a real reason, cause, or effect — not just length)",introduces a distinct extra on-topic point AND develops it AND supports it with a concrete specific that genuinely advances the argument,pending,
W-B2-10,b2,letter/email,,100,400,,,,,,,,,,,,,,,,,Additional on-topic development,"no semantically distinct extra on-topic point, OR the 'extra' content paraphrases an idea already credited under another requirement","introduces a DISTINCT extra on-topic point — not a rephrasing or repeat of any other requirement — within the question's subject, with no further detail","introduces a distinct extra on-topic point AND develops it meaningfully (a real reason, cause, or effect — not just length)",introduces a distinct extra on-topic point AND develops it AND supports it with a concrete specific that genuinely advances the argument,pending,
W-B2-11,b2,article,,100,400,,,,,,,,,,,,,,,,,Additional on-topic development,"no semantically distinct extra on-topic point, OR the 'extra' content paraphrases an idea already credited under another requirement","introduces a DISTINCT extra on-topic point — not a rephrasing or repeat of any other requirement — within the question's subject, with no further detail","introduces a distinct extra on-topic point AND develops it meaningfully (a real reason, cause, or effect — not just length)",introduces a distinct extra on-topic point AND develops it AND supports it with a concrete specific that genuinely advances the argument,pending,
W-B2-12,b2,essay,,100,400,"Social media has a significant impact on our daily lives.

Write an essay discussing the advantages and disadvantages of social media.

- Consider the pros and cons of social media
- Include your personal experiences with social media
- Suggest ways to use social media safely",Pros and cons of social media,absent,"mentions a pro or con of social media without further detail (e.g., 'Social media has advantages').","names a pro or con AND provides a reason or explanation (e.g., 'Social media allows people to connect with friends easily, which can strengthen relationships'). (scores 2, not 3 — provides a reason but lacks a concrete specific such as a personal example or a detailed scenario).","all of 2 AND includes a concrete specific that materially develops the point (e.g., 'Through Facebook, I reconnected with a childhood friend, and we now meet regularly, which shows how social media can revive old friendships'). Generic statements like 'many people use it' do NOT count as concrete specifics.",Personal experience with social media,absent,"mentions using social media without any personal detail (e.g., 'I use social media').","describes a personal experience with social media AND provides a reason or effect (e.g., 'I use Instagram to share photos because it helps me stay connected with my family abroad'). (scores 2, not 3 — describes a personal experience but lacks a concrete specific such as a detailed event or interaction).","all of 2 AND includes a concrete specific that materially develops the experience (e.g., 'Last year, I posted a photo of my graduation on Instagram, and my relatives from different countries commented and shared their congratulations, which made me feel supported despite the distance'). Vague descriptions like 'I post pictures' do NOT count as concrete specifics.",Suggestions for safe social media use,absent,"mentions a suggestion for safe social media use without further detail (e.g., 'Be careful online').","provides a suggestion AND explains why it is important (e.g., 'Use strong passwords to protect your accounts from hackers'). (scores 2, not 3 — provides a suggestion and reason but lacks a concrete specific such as a detailed example or scenario).","all of 2 AND includes a concrete specific that materially advances the suggestion (e.g., 'By using a password manager, I ensure all my accounts have unique and strong passwords, which significantly reduces the risk of unauthorized access'). General advice like 'stay safe' do NOT count as concrete specifics.",Additional on-topic development,"no semantically distinct extra on-topic point, OR the 'extra' content paraphrases an idea already credited under another requirement","introduces a DISTINCT extra on-topic point — not a rephrasing or repeat of any other requirement — within the question's subject, with no further detail","introduces a distinct extra on-topic point AND develops it meaningfully (a real reason, cause, or effect — not just length)",introduces a distinct extra on-topic point AND develops it AND supports it with a concrete specific that genuinely advances the argument,auto-generated,
W-B2-13,b2,essay,,100,400,"Technology plays a significant role in our daily lives.

Write an essay discussing the effects of technology on our everyday activities.

- Think about how technology affects communication
- Consider the impact of technology on health
- Include a personal example of technology in your daily life",How technology affects communication,absent,"mentions technology's impact on communication without further detail (e.g., 'Technology changes how we communicate').","describes how technology affects communication with a reason or explanation (e.g., 'Technology allows us to communicate instantly with people far away'). (scores 2, not 3 — provides a reason but lacks a concrete specific like a platform or method).","all of 2 AND includes a concrete specific that materially develops the point (e.g., 'Through video calls, like Zoom, families can stay connected even when living in different countries'). Generic statements like 'many apps help us communicate' do NOT count.",Impact of technology on health,absent,"mentions technology's impact on health without further detail (e.g., 'Technology affects our health').","describes how technology impacts health with a reason or explanation (e.g., 'Technology can improve health by providing access to online fitness programs'). (scores 2, not 3 — gives a reason but lacks a concrete specific like a particular app or device).","all of 2 AND includes a concrete specific that materially develops the point (e.g., 'Wearable devices like Fitbits track physical activity and encourage healthier lifestyles'). Vague references like 'some devices help with health' do NOT count.",Personal example of technology in daily life,absent,"mentions a personal use of technology without further detail (e.g., 'I use technology every day').","describes a personal use of technology with a reason or explanation (e.g., 'I use my smartphone to stay organized because it has a calendar app'). (scores 2, not 3 — provides a reason but lacks a concrete specific like a particular app or feature).","all of 2 AND includes a concrete specific that materially develops the point (e.g., 'I use Google Calendar to manage my appointments and reminders, which helps me stay on top of my schedule'). General statements like 'I use apps to help me' do NOT count.",Additional on-topic development,"no semantically distinct extra on-topic point, OR the 'extra' content paraphrases an idea already credited under another requirement","introduces a DISTINCT extra on-topic point — not a rephrasing or repeat of any other requirement — within the question's subject, with no further detail","introduces a distinct extra on-topic point AND develops it meaningfully (a real reason, cause, or effect — not just length)",introduces a distinct extra on-topic point AND develops it AND supports it with a concrete specific that genuinely advances the argument,auto-generated,
W-B2-14,b2,essay,,100,400,,,,,,,,,,,,,,,,,Additional on-topic development,"no semantically distinct extra on-topic point, OR the 'extra' content paraphrases an idea already credited under another requirement","introduces a DISTINCT extra on-topic point — not a rephrasing or repeat of any other requirement — within the question's subject, with no further detail","introduces a distinct extra on-topic point AND develops it meaningfully (a real reason, cause, or effect — not just length)",introduces a distinct extra on-topic point AND develops it AND supports it with a concrete specific that genuinely advances the argument,pending,
W-B2-15,b2,essay,,100,400,,,,,,,,,,,,,,,,,Additional on-topic development,"no semantically distinct extra on-topic point, OR the 'extra' content paraphrases an idea already credited under another requirement","introduces a DISTINCT extra on-topic point — not a rephrasing or repeat of any other requirement — within the question's subject, with no further detail","introduces a distinct extra on-topic point AND develops it meaningfully (a real reason, cause, or effect — not just length)",introduces a distinct extra on-topic point AND develops it AND supports it with a concrete specific that genuinely advances the argument,pending,
W-B2-16,b2,essay,,100,400,,,,,,,,,,,,,,,,,Additional on-topic development,"no semantically distinct extra on-topic point, OR the 'extra' content paraphrases an idea already credited under another requirement","introduces a DISTINCT extra on-topic point — not a rephrasing or repeat of any other requirement — within the question's subject, with no further detail","introduces a distinct extra on-topic point AND develops it meaningfully (a real reason, cause, or effect — not just length)",introduces a distinct extra on-topic point AND develops it AND supports it with a concrete specific that genuinely advances the argument,pending,
W-B2-17,b2,report,,100,400,,,,,,,,,,,,,,,,,Additional on-topic development,"no semantically distinct extra on-topic point, OR the 'extra' content paraphrases an idea already credited under another requirement","introduces a DISTINCT extra on-topic point — not a rephrasing or repeat of any other requirement — within the question's subject, with no further detail","introduces a distinct extra on-topic point AND develops it meaningfully (a real reason, cause, or effect — not just length)",introduces a distinct extra on-topic point AND develops it AND supports it with a concrete specific that genuinely advances the argument,pending,
W-B2-18,b2,report,,100,400,,,,,,,,,,,,,,,,,Additional on-topic development,"no semantically distinct extra on-topic point, OR the 'extra' content paraphrases an idea already credited under another requirement","introduces a DISTINCT extra on-topic point — not a rephrasing or repeat of any other requirement — within the question's subject, with no further detail","introduces a distinct extra on-topic point AND develops it meaningfully (a real reason, cause, or effect — not just length)",introduces a distinct extra on-topic point AND develops it AND supports it with a concrete specific that genuinely advances the argument,pending,
W-B2-19,b2,article,,100,400,,,,,,,,,,,,,,,,,Additional on-topic development,"no semantically distinct extra on-topic point, OR the 'extra' content paraphrases an idea already credited under another requirement","introduces a DISTINCT extra on-topic point — not a rephrasing or repeat of any other requirement — within the question's subject, with no further detail","introduces a distinct extra on-topic point AND develops it meaningfully (a real reason, cause, or effect — not just length)",introduces a distinct extra on-topic point AND develops it AND supports it with a concrete specific that genuinely advances the argument,pending,
W-B2-20,b2,article,,100,400,,,,,,,,,,,,,,,,,Additional on-topic development,"no semantically distinct extra on-topic point, OR the 'extra' content paraphrases an idea already credited under another requirement","introduces a DISTINCT extra on-topic point — not a rephrasing or repeat of any other requirement — within the question's subject, with no further detail","introduces a distinct extra on-topic point AND develops it meaningfully (a real reason, cause, or effect — not just length)",introduces a distinct extra on-topic point AND develops it AND supports it with a concrete specific that genuinely advances the argument,pending,
W-B2-21,b2,report,,100,400,,,,,,,,,,,,,,,,,Additional on-topic development,"no semantically distinct extra on-topic point, OR the 'extra' content paraphrases an idea already credited under another requirement","introduces a DISTINCT extra on-topic point — not a rephrasing or repeat of any other requirement — within the question's subject, with no further detail","introduces a distinct extra on-topic point AND develops it meaningfully (a real reason, cause, or effect — not just length)",introduces a distinct extra on-topic point AND develops it AND supports it with a concrete specific that genuinely advances the argument,pending,
W-B2-22,b2,letter/email,,100,400,,,,,,,,,,,,,,,,,Additional on-topic development,"no semantically distinct extra on-topic point, OR the 'extra' content paraphrases an idea already credited under another requirement","introduces a DISTINCT extra on-topic point — not a rephrasing or repeat of any other requirement — within the question's subject, with no further detail","introduces a distinct extra on-topic point AND develops it meaningfully (a real reason, cause, or effect — not just length)",introduces a distinct extra on-topic point AND develops it AND supports it with a concrete specific that genuinely advances the argument,pending,
W-B2-23,b2,report,,100,400,,,,,,,,,,,,,,,,,Additional on-topic development,"no semantically distinct extra on-topic point, OR the 'extra' content paraphrases an idea already credited under another requirement","introduces a DISTINCT extra on-topic point — not a rephrasing or repeat of any other requirement — within the question's subject, with no further detail","introduces a distinct extra on-topic point AND develops it meaningfully (a real reason, cause, or effect — not just length)",introduces a distinct extra on-topic point AND develops it AND supports it with a concrete specific that genuinely advances the argument,pending,
W-B2-24,b2,letter/email,,100,400,,,,,,,,,,,,,,,,,Additional on-topic development,"no semantically distinct extra on-topic point, OR the 'extra' content paraphrases an idea already credited under another requirement","introduces a DISTINCT extra on-topic point — not a rephrasing or repeat of any other requirement — within the question's subject, with no further detail","introduces a distinct extra on-topic point AND develops it meaningfully (a real reason, cause, or effect — not just length)",introduces a distinct extra on-topic point AND develops it AND supports it with a concrete specific that genuinely advances the argument,pending,
W-B2-25,b2,essay,,100,400,,,,,,,,,,,,,,,,,Additional on-topic development,"no semantically distinct extra on-topic point, OR the 'extra' content paraphrases an idea already credited under another requirement","introduces a DISTINCT extra on-topic point — not a rephrasing or repeat of any other requirement — within the question's subject, with no further detail","introduces a distinct extra on-topic point AND develops it meaningfully (a real reason, cause, or effect — not just length)",introduces a distinct extra on-topic point AND develops it AND supports it with a concrete specific that genuinely advances the argument,pending,
W-B2-26,b2,essay,"countries, cities, towns, and public places (b2)",100,200,,,,,,,,,,,,,,,,,Additional on-topic development,"no semantically distinct extra on-topic point, OR the 'extra' content paraphrases an idea already credited under another requirement","introduces a DISTINCT extra on-topic point — not a rephrasing or repeat of any other requirement — within the question's subject, with no further detail","introduces a distinct extra on-topic point AND develops it meaningfully (a real reason, cause, or effect — not just length)",introduces a distinct extra on-topic point AND develops it AND supports it with a concrete specific that genuinely advances the argument,pending,
W-B2-27,b2,report,,100,400,,,,,,,,,,,,,,,,,Additional on-topic development,"no semantically distinct extra on-topic point, OR the 'extra' content paraphrases an idea already credited under another requirement","introduces a DISTINCT extra on-topic point — not a rephrasing or repeat of any other requirement — within the question's subject, with no further detail","introduces a distinct extra on-topic point AND develops it meaningfully (a real reason, cause, or effect — not just length)",introduces a distinct extra on-topic point AND develops it AND supports it with a concrete specific that genuinely advances the argument,pending,
W-C1-1,c1,report,,150,500,,,,,,,,,,,,,,,,,Additional on-topic development,"no semantically distinct extra on-topic point, OR the 'extra' content paraphrases an idea already credited under another requirement","introduces a DISTINCT extra on-topic point — not a rephrasing or repeat of any other requirement — within the question's subject, with no further detail","introduces a distinct extra on-topic point AND develops it meaningfully (a real reason, cause, or effect — not just length)",introduces a distinct extra on-topic point AND develops it AND supports it with a concrete specific that genuinely advances the argument,pending,
W-C1-2,c1,essay,,150,500,,,,,,,,,,,,,,,,,Additional on-topic development,"no semantically distinct extra on-topic point, OR the 'extra' content paraphrases an idea already credited under another requirement","introduces a DISTINCT extra on-topic point — not a rephrasing or repeat of any other requirement — within the question's subject, with no further detail","introduces a distinct extra on-topic point AND develops it meaningfully (a real reason, cause, or effect — not just length)",introduces a distinct extra on-topic point AND develops it AND supports it with a concrete specific that genuinely advances the argument,pending,
W-C1-3,c1,report,,150,500,,,,,,,,,,,,,,,,,Additional on-topic development,"no semantically distinct extra on-topic point, OR the 'extra' content paraphrases an idea already credited under another requirement","introduces a DISTINCT extra on-topic point — not a rephrasing or repeat of any other requirement — within the question's subject, with no further detail","introduces a distinct extra on-topic point AND develops it meaningfully (a real reason, cause, or effect — not just length)",introduces a distinct extra on-topic point AND develops it AND supports it with a concrete specific that genuinely advances the argument,pending,
W-C1-4,c1,letter/email,,150,500,,,,,,,,,,,,,,,,,Additional on-topic development,"no semantically distinct extra on-topic point, OR the 'extra' content paraphrases an idea already credited under another requirement","introduces a DISTINCT extra on-topic point — not a rephrasing or repeat of any other requirement — within the question's subject, with no further detail","introduces a distinct extra on-topic point AND develops it meaningfully (a real reason, cause, or effect — not just length)",introduces a distinct extra on-topic point AND develops it AND supports it with a concrete specific that genuinely advances the argument,pending,
W-C1-5,c1,essay,,150,500,,,,,,,,,,,,,,,,,Additional on-topic development,"no semantically distinct extra on-topic point, OR the 'extra' content paraphrases an idea already credited under another requirement","introduces a DISTINCT extra on-topic point — not a rephrasing or repeat of any other requirement — within the question's subject, with no further detail","introduces a distinct extra on-topic point AND develops it meaningfully (a real reason, cause, or effect — not just length)",introduces a distinct extra on-topic point AND develops it AND supports it with a concrete specific that genuinely advances the argument,pending,
W-C1-6,c1,proposal,,150,500,,,,,,,,,,,,,,,,,Additional on-topic development,"no semantically distinct extra on-topic point, OR the 'extra' content paraphrases an idea already credited under another requirement","introduces a DISTINCT extra on-topic point — not a rephrasing or repeat of any other requirement — within the question's subject, with no further detail","introduces a distinct extra on-topic point AND develops it meaningfully (a real reason, cause, or effect — not just length)",introduces a distinct extra on-topic point AND develops it AND supports it with a concrete specific that genuinely advances the argument,pending,
W-C1-7,c1,proposal,,150,500,,,,,,,,,,,,,,,,,Additional on-topic development,"no semantically distinct extra on-topic point, OR the 'extra' content paraphrases an idea already credited under another requirement","introduces a DISTINCT extra on-topic point — not a rephrasing or repeat of any other requirement — within the question's subject, with no further detail","introduces a distinct extra on-topic point AND develops it meaningfully (a real reason, cause, or effect — not just length)",introduces a distinct extra on-topic point AND develops it AND supports it with a concrete specific that genuinely advances the argument,pending,
W-C1-8,c1,article,,150,500,,,,,,,,,,,,,,,,,Additional on-topic development,"no semantically distinct extra on-topic point, OR the 'extra' content paraphrases an idea already credited under another requirement","introduces a DISTINCT extra on-topic point — not a rephrasing or repeat of any other requirement — within the question's subject, with no further detail","introduces a distinct extra on-topic point AND develops it meaningfully (a real reason, cause, or effect — not just length)",introduces a distinct extra on-topic point AND develops it AND supports it with a concrete specific that genuinely advances the argument,pending,
W-C1-9,c1,essay,,150,500,,,,,,,,,,,,,,,,,Additional on-topic development,"no semantically distinct extra on-topic point, OR the 'extra' content paraphrases an idea already credited under another requirement","introduces a DISTINCT extra on-topic point — not a rephrasing or repeat of any other requirement — within the question's subject, with no further detail","introduces a distinct extra on-topic point AND develops it meaningfully (a real reason, cause, or effect — not just length)",introduces a distinct extra on-topic point AND develops it AND supports it with a concrete specific that genuinely advances the argument,pending,
W-C1-10,c1,report,,150,500,,,,,,,,,,,,,,,,,Additional on-topic development,"no semantically distinct extra on-topic point, OR the 'extra' content paraphrases an idea already credited under another requirement","introduces a DISTINCT extra on-topic point — not a rephrasing or repeat of any other requirement — within the question's subject, with no further detail","introduces a distinct extra on-topic point AND develops it meaningfully (a real reason, cause, or effect — not just length)",introduces a distinct extra on-topic point AND develops it AND supports it with a concrete specific that genuinely advances the argument,pending,
W-C1-11,c1,report,,150,500,,,,,,,,,,,,,,,,,Additional on-topic development,"no semantically distinct extra on-topic point, OR the 'extra' content paraphrases an idea already credited under another requirement","introduces a DISTINCT extra on-topic point — not a rephrasing or repeat of any other requirement — within the question's subject, with no further detail","introduces a distinct extra on-topic point AND develops it meaningfully (a real reason, cause, or effect — not just length)",introduces a distinct extra on-topic point AND develops it AND supports it with a concrete specific that genuinely advances the argument,pending,
W-C1-12,c1,report,,150,500,,,,,,,,,,,,,,,,,Additional on-topic development,"no semantically distinct extra on-topic point, OR the 'extra' content paraphrases an idea already credited under another requirement","introduces a DISTINCT extra on-topic point — not a rephrasing or repeat of any other requirement — within the question's subject, with no further detail","introduces a distinct extra on-topic point AND develops it meaningfully (a real reason, cause, or effect — not just length)",introduces a distinct extra on-topic point AND develops it AND supports it with a concrete specific that genuinely advances the argument,pending,
W-C1-13,c1,report,,150,500,,,,,,,,,,,,,,,,,Additional on-topic development,"no semantically distinct extra on-topic point, OR the 'extra' content paraphrases an idea already credited under another requirement","introduces a DISTINCT extra on-topic point — not a rephrasing or repeat of any other requirement — within the question's subject, with no further detail","introduces a distinct extra on-topic point AND develops it meaningfully (a real reason, cause, or effect — not just length)",introduces a distinct extra on-topic point AND develops it AND supports it with a concrete specific that genuinely advances the argument,pending,
W-C1-14,c1,essay,,150,500,,,,,,,,,,,,,,,,,Additional on-topic development,"no semantically distinct extra on-topic point, OR the 'extra' content paraphrases an idea already credited under another requirement","introduces a DISTINCT extra on-topic point — not a rephrasing or repeat of any other requirement — within the question's subject, with no further detail","introduces a distinct extra on-topic point AND develops it meaningfully (a real reason, cause, or effect — not just length)",introduces a distinct extra on-topic point AND develops it AND supports it with a concrete specific that genuinely advances the argument,pending,
W-C1-15,c1,essay,,150,500,,,,,,,,,,,,,,,,,Additional on-topic development,"no semantically distinct extra on-topic point, OR the 'extra' content paraphrases an idea already credited under another requirement","introduces a DISTINCT extra on-topic point — not a rephrasing or repeat of any other requirement — within the question's subject, with no further detail","introduces a distinct extra on-topic point AND develops it meaningfully (a real reason, cause, or effect — not just length)",introduces a distinct extra on-topic point AND develops it AND supports it with a concrete specific that genuinely advances the argument,pending,
W-C1-16,c1,long answer,,150,500,,,,,,,,,,,,,,,,,Additional on-topic development,"no semantically distinct extra on-topic point, OR the 'extra' content paraphrases an idea already credited under another requirement","introduces a DISTINCT extra on-topic point — not a rephrasing or repeat of any other requirement — within the question's subject, with no further detail","introduces a distinct extra on-topic point AND develops it meaningfully (a real reason, cause, or effect — not just length)",introduces a distinct extra on-topic point AND develops it AND supports it with a concrete specific that genuinely advances the argument,pending,
W-C2-20260324071428,c2,letter/email,global challenges (accessible),150,500,,,,,,,,,,,,,,,,,Additional on-topic development,"no semantically distinct extra on-topic point, OR the 'extra' content paraphrases an idea already credited under another requirement","introduces a DISTINCT extra on-topic point — not a rephrasing or repeat of any other requirement — within the question's subject, with no further detail","introduces a distinct extra on-topic point AND develops it meaningfully (a real reason, cause, or effect — not just length)",introduces a distinct extra on-topic point AND develops it AND supports it with a concrete specific that genuinely advances the argument,pending,
W-B1-20260414131142,b1,summary,self and identity,50,300,,,,,,,,,,,,,,,,,Additional on-topic development,"no semantically distinct extra on-topic point, OR the 'extra' content paraphrases an idea already credited under another requirement","introduces a DISTINCT extra on-topic point — not a rephrasing or repeat of any other requirement — within the question's subject, with no further detail","introduces a distinct extra on-topic point AND develops it meaningfully (a real reason, cause, or effect — not just length)",introduces a distinct extra on-topic point AND develops it AND supports it with a concrete specific that genuinely advances the argument,pending,
W-B2-20260420061805,b2,essay,general,50,250,,,,,,,,,,,,,,,,,Additional on-topic development,"no semantically distinct extra on-topic point, OR the 'extra' content paraphrases an idea already credited under another requirement","introduces a DISTINCT extra on-topic point — not a rephrasing or repeat of any other requirement — within the question's subject, with no further detail","introduces a distinct extra on-topic point AND develops it meaningfully (a real reason, cause, or effect — not just length)",introduces a distinct extra on-topic point AND develops it AND supports it with a concrete specific that genuinely advances the argument,pending,
W-B2-20260420061915,b2,essay,general,100,400,,,,,,,,,,,,,,,,,Additional on-topic development,"no semantically distinct extra on-topic point, OR the 'extra' content paraphrases an idea already credited under another requirement","introduces a DISTINCT extra on-topic point — not a rephrasing or repeat of any other requirement — within the question's subject, with no further detail","introduces a distinct extra on-topic point AND develops it meaningfully (a real reason, cause, or effect — not just length)",introduces a distinct extra on-topic point AND develops it AND supports it with a concrete specific that genuinely advances the argument,pending,
W-B2-20260421071523,b2,paragraph,general,100,400,,,,,,,,,,,,,,,,,Additional on-topic development,"no semantically distinct extra on-topic point, OR the 'extra' content paraphrases an idea already credited under another requirement","introduces a DISTINCT extra on-topic point — not a rephrasing or repeat of any other requirement — within the question's subject, with no further detail","introduces a distinct extra on-topic point AND develops it meaningfully (a real reason, cause, or effect — not just length)",introduces a distinct extra on-topic point AND develops it AND supports it with a concrete specific that genuinely advances the argument,pending,
W-A1-50,a1,placement writing,"people, relationships, and family (a1)",50,150,,,,,,,,,,,,,,,,,Additional on-topic development,"no semantically distinct extra on-topic point, OR the 'extra' content paraphrases an idea already credited under another requirement","introduces a DISTINCT extra on-topic point — not a rephrasing or repeat of any other requirement — within the question's subject, with no further detail","introduces a distinct extra on-topic point AND develops it meaningfully (a real reason, cause, or effect — not just length)",introduces a distinct extra on-topic point AND develops it AND supports it with a concrete specific that genuinely advances the argument,pending,
W-A1-51,a1,placement writing,"countries, cities, towns, and public places (a1)",50,150,,,,,,,,,,,,,,,,,Additional on-topic development,"no semantically distinct extra on-topic point, OR the 'extra' content paraphrases an idea already credited under another requirement","introduces a DISTINCT extra on-topic point — not a rephrasing or repeat of any other requirement — within the question's subject, with no further detail","introduces a distinct extra on-topic point AND develops it meaningfully (a real reason, cause, or effect — not just length)",introduces a distinct extra on-topic point AND develops it AND supports it with a concrete specific that genuinely advances the argument,pending,
W-A2-50,a2,placement writing,"sports, hobbies, and interests (a2)",80,200,,,,,,,,,,,,,,,,,Additional on-topic development,"no semantically distinct extra on-topic point, OR the 'extra' content paraphrases an idea already credited under another requirement","introduces a DISTINCT extra on-topic point — not a rephrasing or repeat of any other requirement — within the question's subject, with no further detail","introduces a distinct extra on-topic point AND develops it meaningfully (a real reason, cause, or effect — not just length)",introduces a distinct extra on-topic point AND develops it AND supports it with a concrete specific that genuinely advances the argument,pending,
W-A2-51,a2,placement writing,"countries, cities, towns, and public places (a2)",80,200,,,,,,,,,,,,,,,,,Additional on-topic development,"no semantically distinct extra on-topic point, OR the 'extra' content paraphrases an idea already credited under another requirement","introduces a DISTINCT extra on-topic point — not a rephrasing or repeat of any other requirement — within the question's subject, with no further detail","introduces a distinct extra on-topic point AND develops it meaningfully (a real reason, cause, or effect — not just length)",introduces a distinct extra on-topic point AND develops it AND supports it with a concrete specific that genuinely advances the argument,pending,
W-B1-50,b1,placement writing,"education, study, and language (b1)",100,250,,,,,,,,,,,,,,,,,Additional on-topic development,"no semantically distinct extra on-topic point, OR the 'extra' content paraphrases an idea already credited under another requirement","introduces a DISTINCT extra on-topic point — not a rephrasing or repeat of any other requirement — within the question's subject, with no further detail","introduces a distinct extra on-topic point AND develops it meaningfully (a real reason, cause, or effect — not just length)",introduces a distinct extra on-topic point AND develops it AND supports it with a concrete specific that genuinely advances the argument,pending,
W-B1-51,b1,placement writing,body and health (b1),100,250,,,,,,,,,,,,,,,,,Additional on-topic development,"no semantically distinct extra on-topic point, OR the 'extra' content paraphrases an idea already credited under another requirement","introduces a DISTINCT extra on-topic point — not a rephrasing or repeat of any other requirement — within the question's subject, with no further detail","introduces a distinct extra on-topic point AND develops it meaningfully (a real reason, cause, or effect — not just length)",introduces a distinct extra on-topic point AND develops it AND supports it with a concrete specific that genuinely advances the argument,pending,
W-B2-50,b2,placement writing,workplace and jobs (b2),150,300,,,,,,,,,,,,,,,,,Additional on-topic development,"no semantically distinct extra on-topic point, OR the 'extra' content paraphrases an idea already credited under another requirement","introduces a DISTINCT extra on-topic point — not a rephrasing or repeat of any other requirement — within the question's subject, with no further detail","introduces a distinct extra on-topic point AND develops it meaningfully (a real reason, cause, or effect — not just length)",introduces a distinct extra on-topic point AND develops it AND supports it with a concrete specific that genuinely advances the argument,pending,
W-B2-51,b2,placement writing,"countries, cities, towns, and public places (b2)",150,300,,,,,,,,,,,,,,,,,Additional on-topic development,"no semantically distinct extra on-topic point, OR the 'extra' content paraphrases an idea already credited under another requirement","introduces a DISTINCT extra on-topic point — not a rephrasing or repeat of any other requirement — within the question's subject, with no further detail","introduces a distinct extra on-topic point AND develops it meaningfully (a real reason, cause, or effect — not just length)",introduces a distinct extra on-topic point AND develops it AND supports it with a concrete specific that genuinely advances the argument,pending,
W-C1-50,c1,placement writing,science and technology (c1),175,350,,,,,,,,,,,,,,,,,Additional on-topic development,"no semantically distinct extra on-topic point, OR the 'extra' content paraphrases an idea already credited under another requirement","introduces a DISTINCT extra on-topic point — not a rephrasing or repeat of any other requirement — within the question's subject, with no further detail","introduces a distinct extra on-topic point AND develops it meaningfully (a real reason, cause, or effect — not just length)",introduces a distinct extra on-topic point AND develops it AND supports it with a concrete specific that genuinely advances the argument,pending,
W-C1-51,c1,placement writing,politics and society (c1),175,350,,,,,,,,,,,,,,,,,Additional on-topic development,"no semantically distinct extra on-topic point, OR the 'extra' content paraphrases an idea already credited under another requirement","introduces a DISTINCT extra on-topic point — not a rephrasing or repeat of any other requirement — within the question's subject, with no further detail","introduces a distinct extra on-topic point AND develops it meaningfully (a real reason, cause, or effect — not just length)",introduces a distinct extra on-topic point AND develops it AND supports it with a concrete specific that genuinely advances the argument,pending,
W-A2-20260506055545,a2,paragraph,"countries, cities, towns, and public places (a2)",90,120,,,,,,,,,,,,,,,,,Additional on-topic development,"no semantically distinct extra on-topic point, OR the 'extra' content paraphrases an idea already credited under another requirement","introduces a DISTINCT extra on-topic point — not a rephrasing or repeat of any other requirement — within the question's subject, with no further detail","introduces a distinct extra on-topic point AND develops it meaningfully (a real reason, cause, or effect — not just length)",introduces a distinct extra on-topic point AND develops it AND supports it with a concrete specific that genuinely advances the argument,pending,
W-A1-20260506090636,a1,placement writing,"people, relationships, and family (a1)",40,60,,,,,,,,,,,,,,,,,Additional on-topic development,"no semantically distinct extra on-topic point, OR the 'extra' content paraphrases an idea already credited under another requirement","introduces a DISTINCT extra on-topic point — not a rephrasing or repeat of any other requirement — within the question's subject, with no further detail","introduces a distinct extra on-topic point AND develops it meaningfully (a real reason, cause, or effect — not just length)",introduces a distinct extra on-topic point AND develops it AND supports it with a concrete specific that genuinely advances the argument,pending,
W-A1-20260507090557,a1,paragraph,"countries, cities, towns, and public places (a1)",50,70,,,,,,,,,,,,,,,,,Additional on-topic development,"no semantically distinct extra on-topic point, OR the 'extra' content paraphrases an idea already credited under another requirement","introduces a DISTINCT extra on-topic point — not a rephrasing or repeat of any other requirement — within the question's subject, with no further detail","introduces a distinct extra on-topic point AND develops it meaningfully (a real reason, cause, or effect — not just length)",introduces a distinct extra on-topic point AND develops it AND supports it with a concrete specific that genuinely advances the argument,pending,
W-A2-20260507113209,a2,simple email writing,"sports, hobbies, and interests (a2)",80,100,,,,,,,,,,,,,,,,,Additional on-topic development,"no semantically distinct extra on-topic point, OR the 'extra' content paraphrases an idea already credited under another requirement","introduces a DISTINCT extra on-topic point — not a rephrasing or repeat of any other requirement — within the question's subject, with no further detail","introduces a distinct extra on-topic point AND develops it meaningfully (a real reason, cause, or effect — not just length)",introduces a distinct extra on-topic point AND develops it AND supports it with a concrete specific that genuinely advances the argument,pending,
W-B1-20260507120319,b1,essay,body and health (b1),50,300,,,,,,,,,,,,,,,,,Additional on-topic development,"no semantically distinct extra on-topic point, OR the 'extra' content paraphrases an idea already credited under another requirement","introduces a DISTINCT extra on-topic point — not a rephrasing or repeat of any other requirement — within the question's subject, with no further detail","introduces a distinct extra on-topic point AND develops it meaningfully (a real reason, cause, or effect — not just length)",introduces a distinct extra on-topic point AND develops it AND supports it with a concrete specific that genuinely advances the argument,pending,
W-A1-20260401080639,a1,paragraph,"sports, hobbies, and interests (a1)",20,150,,,,,,,,,,,,,,,,,Additional on-topic development,"no semantically distinct extra on-topic point, OR the 'extra' content paraphrases an idea already credited under another requirement","introduces a DISTINCT extra on-topic point — not a rephrasing or repeat of any other requirement — within the question's subject, with no further detail","introduces a distinct extra on-topic point AND develops it meaningfully (a real reason, cause, or effect — not just length)",introduces a distinct extra on-topic point AND develops it AND supports it with a concrete specific that genuinely advances the argument,pending,
W-A1-20260401080754,a1,paragraph,"house, home, and daily life (a1)",25,150,,,,,,,,,,,,,,,,,Additional on-topic development,"no semantically distinct extra on-topic point, OR the 'extra' content paraphrases an idea already credited under another requirement","introduces a DISTINCT extra on-topic point — not a rephrasing or repeat of any other requirement — within the question's subject, with no further detail","introduces a distinct extra on-topic point AND develops it meaningfully (a real reason, cause, or effect — not just length)",introduces a distinct extra on-topic point AND develops it AND supports it with a concrete specific that genuinely advances the argument,pending,
W-A2-20260401081154,a2,paragraph,"sports, hobbies, and interests (a2)",25,250,,,,,,,,,,,,,,,,,Additional on-topic development,"no semantically distinct extra on-topic point, OR the 'extra' content paraphrases an idea already credited under another requirement","introduces a DISTINCT extra on-topic point — not a rephrasing or repeat of any other requirement — within the question's subject, with no further detail","introduces a distinct extra on-topic point AND develops it meaningfully (a real reason, cause, or effect — not just length)",introduces a distinct extra on-topic point AND develops it AND supports it with a concrete specific that genuinely advances the argument,pending,
W-A2-20260401081256,a2,paragraph,"sports, hobbies, and interests (a2)",25,250,,,,,,,,,,,,,,,,,Additional on-topic development,"no semantically distinct extra on-topic point, OR the 'extra' content paraphrases an idea already credited under another requirement","introduces a DISTINCT extra on-topic point — not a rephrasing or repeat of any other requirement — within the question's subject, with no further detail","introduces a distinct extra on-topic point AND develops it meaningfully (a real reason, cause, or effect — not just length)",introduces a distinct extra on-topic point AND develops it AND supports it with a concrete specific that genuinely advances the argument,pending,
W-A2-20260401081426,a2,paragraph,"sports, hobbies, and interests (a2)",25,250,,,,,,,,,,,,,,,,,Additional on-topic development,"no semantically distinct extra on-topic point, OR the 'extra' content paraphrases an idea already credited under another requirement","introduces a DISTINCT extra on-topic point — not a rephrasing or repeat of any other requirement — within the question's subject, with no further detail","introduces a distinct extra on-topic point AND develops it meaningfully (a real reason, cause, or effect — not just length)",introduces a distinct extra on-topic point AND develops it AND supports it with a concrete specific that genuinely advances the argument,pending,
W-B1-20260401081828,b1,essay,workplace and jobs (b1),25,300,,,,,,,,,,,,,,,,,Additional on-topic development,"no semantically distinct extra on-topic point, OR the 'extra' content paraphrases an idea already credited under another requirement","introduces a DISTINCT extra on-topic point — not a rephrasing or repeat of any other requirement — within the question's subject, with no further detail","introduces a distinct extra on-topic point AND develops it meaningfully (a real reason, cause, or effect — not just length)",introduces a distinct extra on-topic point AND develops it AND supports it with a concrete specific that genuinely advances the argument,pending,
W-B1-20260401081932,b1,essay,natural world and environment (b1),25,300,,,,,,,,,,,,,,,,,Additional on-topic development,"no semantically distinct extra on-topic point, OR the 'extra' content paraphrases an idea already credited under another requirement","introduces a DISTINCT extra on-topic point — not a rephrasing or repeat of any other requirement — within the question's subject, with no further detail","introduces a distinct extra on-topic point AND develops it meaningfully (a real reason, cause, or effect — not just length)",introduces a distinct extra on-topic point AND develops it AND supports it with a concrete specific that genuinely advances the argument,pending,
W-B1-20260401082034,b1,essay,science and technology (b1),25,300,,,,,,,,,,,,,,,,,Additional on-topic development,"no semantically distinct extra on-topic point, OR the 'extra' content paraphrases an idea already credited under another requirement","introduces a DISTINCT extra on-topic point — not a rephrasing or repeat of any other requirement — within the question's subject, with no further detail","introduces a distinct extra on-topic point AND develops it meaningfully (a real reason, cause, or effect — not just length)",introduces a distinct extra on-topic point AND develops it AND supports it with a concrete specific that genuinely advances the argument,pending,
W-B1-20260401082137,b1,essay,"shopping, money, and personal finance (b1)",25,300,,,,,,,,,,,,,,,,,Additional on-topic development,"no semantically distinct extra on-topic point, OR the 'extra' content paraphrases an idea already credited under another requirement","introduces a DISTINCT extra on-topic point — not a rephrasing or repeat of any other requirement — within the question's subject, with no further detail","introduces a distinct extra on-topic point AND develops it meaningfully (a real reason, cause, or effect — not just length)",introduces a distinct extra on-topic point AND develops it AND supports it with a concrete specific that genuinely advances the argument,pending,
W-B1-20260401082235,b1,essay,"holidays, travel, and transportation (b1)",25,900,,,,,,,,,,,,,,,,,Additional on-topic development,"no semantically distinct extra on-topic point, OR the 'extra' content paraphrases an idea already credited under another requirement","introduces a DISTINCT extra on-topic point — not a rephrasing or repeat of any other requirement — within the question's subject, with no further detail","introduces a distinct extra on-topic point AND develops it meaningfully (a real reason, cause, or effect — not just length)",introduces a distinct extra on-topic point AND develops it AND supports it with a concrete specific that genuinely advances the argument,pending,
W-B1-20260401082337,b1,essay,science and technology (b1),25,300,,,,,,,,,,,,,,,,,Additional on-topic development,"no semantically distinct extra on-topic point, OR the 'extra' content paraphrases an idea already credited under another requirement","introduces a DISTINCT extra on-topic point — not a rephrasing or repeat of any other requirement — within the question's subject, with no further detail","introduces a distinct extra on-topic point AND develops it meaningfully (a real reason, cause, or effect — not just length)",introduces a distinct extra on-topic point AND develops it AND supports it with a concrete specific that genuinely advances the argument,pending,
W-B2-20260401083650,b2,essay,"shopping, money, and personal finance (b2)",50,400,,,,,,,,,,,,,,,,,Additional on-topic development,"no semantically distinct extra on-topic point, OR the 'extra' content paraphrases an idea already credited under another requirement","introduces a DISTINCT extra on-topic point — not a rephrasing or repeat of any other requirement — within the question's subject, with no further detail","introduces a distinct extra on-topic point AND develops it meaningfully (a real reason, cause, or effect — not just length)",introduces a distinct extra on-topic point AND develops it AND supports it with a concrete specific that genuinely advances the argument,pending,
W-B2-20260401083820,b2,essay,"people, relationships, and family (b2)",50,500,,,,,,,,,,,,,,,,,Additional on-topic development,"no semantically distinct extra on-topic point, OR the 'extra' content paraphrases an idea already credited under another requirement","introduces a DISTINCT extra on-topic point — not a rephrasing or repeat of any other requirement — within the question's subject, with no further detail","introduces a distinct extra on-topic point AND develops it meaningfully (a real reason, cause, or effect — not just length)",introduces a distinct extra on-topic point AND develops it AND supports it with a concrete specific that genuinely advances the argument,pending,
W-B2-20260401083916,b2,essay,"education, study, and language (b2)",50,400,,,,,,,,,,,,,,,,,Additional on-topic development,"no semantically distinct extra on-topic point, OR the 'extra' content paraphrases an idea already credited under another requirement","introduces a DISTINCT extra on-topic point — not a rephrasing or repeat of any other requirement — within the question's subject, with no further detail","introduces a distinct extra on-topic point AND develops it meaningfully (a real reason, cause, or effect — not just length)",introduces a distinct extra on-topic point AND develops it AND supports it with a concrete specific that genuinely advances the argument,pending,
W-B2-20260401084009,b2,essay,"house, home, and daily life (b2)",50,400,,,,,,,,,,,,,,,,,Additional on-topic development,"no semantically distinct extra on-topic point, OR the 'extra' content paraphrases an idea already credited under another requirement","introduces a DISTINCT extra on-topic point — not a rephrasing or repeat of any other requirement — within the question's subject, with no further detail","introduces a distinct extra on-topic point AND develops it meaningfully (a real reason, cause, or effect — not just length)",introduces a distinct extra on-topic point AND develops it AND supports it with a concrete specific that genuinely advances the argument,pending,
W-C1-20260401084917,c1,essay,"media, arts, literature, and entertainment (c1)",50,500,,,,,,,,,,,,,,,,,Additional on-topic development,"no semantically distinct extra on-topic point, OR the 'extra' content paraphrases an idea already credited under another requirement","introduces a DISTINCT extra on-topic point — not a rephrasing or repeat of any other requirement — within the question's subject, with no further detail","introduces a distinct extra on-topic point AND develops it meaningfully (a real reason, cause, or effect — not just length)",introduces a distinct extra on-topic point AND develops it AND supports it with a concrete specific that genuinely advances the argument,pending,
W-C1-20260401085011,c1,essay,"cultures, customs, religion, and traditions (c1)",50,500,,,,,,,,,,,,,,,,,Additional on-topic development,"no semantically distinct extra on-topic point, OR the 'extra' content paraphrases an idea already credited under another requirement","introduces a DISTINCT extra on-topic point — not a rephrasing or repeat of any other requirement — within the question's subject, with no further detail","introduces a distinct extra on-topic point AND develops it meaningfully (a real reason, cause, or effect — not just length)",introduces a distinct extra on-topic point AND develops it AND supports it with a concrete specific that genuinely advances the argument,pending,
W-C1-20260401085101,c1,essay,"holidays, travel, and transportation (c1)",50,500,,,,,,,,,,,,,,,,,Additional on-topic development,"no semantically distinct extra on-topic point, OR the 'extra' content paraphrases an idea already credited under another requirement","introduces a DISTINCT extra on-topic point — not a rephrasing or repeat of any other requirement — within the question's subject, with no further detail","introduces a distinct extra on-topic point AND develops it meaningfully (a real reason, cause, or effect — not just length)",introduces a distinct extra on-topic point AND develops it AND supports it with a concrete specific that genuinely advances the argument,pending,
W-C1-20260401085151,c1,essay,"people, relationships, and family (c1)",50,500,,,,,,,,,,,,,,,,,Additional on-topic development,"no semantically distinct extra on-topic point, OR the 'extra' content paraphrases an idea already credited under another requirement","introduces a DISTINCT extra on-topic point — not a rephrasing or repeat of any other requirement — within the question's subject, with no further detail","introduces a distinct extra on-topic point AND develops it meaningfully (a real reason, cause, or effect — not just length)",introduces a distinct extra on-topic point AND develops it AND supports it with a concrete specific that genuinely advances the argument,pending,
W-B1-20260401093728,b1,essay,"people, relationships, and family (b1)",50,300,,,,,,,,,,,,,,,,,Additional on-topic development,"no semantically distinct extra on-topic point, OR the 'extra' content paraphrases an idea already credited under another requirement","introduces a DISTINCT extra on-topic point — not a rephrasing or repeat of any other requirement — within the question's subject, with no further detail","introduces a distinct extra on-topic point AND develops it meaningfully (a real reason, cause, or effect — not just length)",introduces a distinct extra on-topic point AND develops it AND supports it with a concrete specific that genuinely advances the argument,pending,
W-B1-20260401093829,b1,essay,natural world and environment (b1),50,300,,,,,,,,,,,,,,,,,Additional on-topic development,"no semantically distinct extra on-topic point, OR the 'extra' content paraphrases an idea already credited under another requirement","introduces a DISTINCT extra on-topic point — not a rephrasing or repeat of any other requirement — within the question's subject, with no further detail","introduces a distinct extra on-topic point AND develops it meaningfully (a real reason, cause, or effect — not just length)",introduces a distinct extra on-topic point AND develops it AND supports it with a concrete specific that genuinely advances the argument,pending,
W-B1-20260401093929,b1,essay,"media, arts, literature, and entertainment (b1)",50,300,,,,,,,,,,,,,,,,,Additional on-topic development,"no semantically distinct extra on-topic point, OR the 'extra' content paraphrases an idea already credited under another requirement","introduces a DISTINCT extra on-topic point — not a rephrasing or repeat of any other requirement — within the question's subject, with no further detail","introduces a distinct extra on-topic point AND develops it meaningfully (a real reason, cause, or effect — not just length)",introduces a distinct extra on-topic point AND develops it AND supports it with a concrete specific that genuinely advances the argument,pending,
