ref_#,cefr_level,task_type,topic,word_count_min,word_count_max,question_prompt,requirement_1,req_1_score_0,req_1_score_1,req_1_score_2,req_1_score_3,requirement_2,req_2_score_0,req_2_score_1,req_2_score_2,req_2_score_3,requirement_3,req_3_score_0,req_3_score_1,req_3_score_2,req_3_score_3,requirement_4,req_4_score_0,req_4_score_1,req_4_score_2,req_4_score_3,status,notes
W-A1-1,b1,note,shopping and consumer activities,50,300,,,,,,,,,,,,,,,,,Additional on-topic development,"no semantically distinct extra on-topic point, OR the 'extra' content paraphrases an idea already credited under another requirement","introduces a DISTINCT extra on-topic point — not a rephrasing or repeat of any other requirement — within the question's subject, with no further detail","introduces a distinct extra on-topic point AND develops it meaningfully (a real reason, cause, or effect — not just length)",introduces a distinct extra on-topic point AND develops it AND supports it with a concrete specific that genuinely advances the argument,pending,
W-A1-2,a1,sentence level,,25,80,,,,,,,,,,,,,,,,,Additional on-topic development,"no semantically distinct extra on-topic point, OR the 'extra' content paraphrases an idea already credited under another requirement","introduces a DISTINCT extra on-topic point — not a rephrasing or repeat of any other requirement — within the question's subject, with no further detail","introduces a distinct extra on-topic point AND develops it meaningfully (a real reason, cause, or effect — not just length)",introduces a distinct extra on-topic point AND develops it AND supports it with a concrete specific that genuinely advances the argument,pending,
W-A1-3,a1,sentence level,,25,80,,,,,,,,,,,,,,,,,Additional on-topic development,"no semantically distinct extra on-topic point, OR the 'extra' content paraphrases an idea already credited under another requirement","introduces a DISTINCT extra on-topic point — not a rephrasing or repeat of any other requirement — within the question's subject, with no further detail","introduces a distinct extra on-topic point AND develops it meaningfully (a real reason, cause, or effect — not just length)",introduces a distinct extra on-topic point AND develops it AND supports it with a concrete specific that genuinely advances the argument,pending,
W-A1-4,a1,sentence level,,25,80,,,,,,,,,,,,,,,,,Additional on-topic development,"no semantically distinct extra on-topic point, OR the 'extra' content paraphrases an idea already credited under another requirement","introduces a DISTINCT extra on-topic point — not a rephrasing or repeat of any other requirement — within the question's subject, with no further detail","introduces a distinct extra on-topic point AND develops it meaningfully (a real reason, cause, or effect — not just length)",introduces a distinct extra on-topic point AND develops it AND supports it with a concrete specific that genuinely advances the argument,pending,
W-A1-5,a1,long answer,,25,80,,,,,,,,,,,,,,,,,Additional on-topic development,"no semantically distinct extra on-topic point, OR the 'extra' content paraphrases an idea already credited under another requirement","introduces a DISTINCT extra on-topic point — not a rephrasing or repeat of any other requirement — within the question's subject, with no further detail","introduces a distinct extra on-topic point AND develops it meaningfully (a real reason, cause, or effect — not just length)",introduces a distinct extra on-topic point AND develops it AND supports it with a concrete specific that genuinely advances the argument,pending,
W-A1-6,a1,note,,25,80,,,,,,,,,,,,,,,,,Additional on-topic development,"no semantically distinct extra on-topic point, OR the 'extra' content paraphrases an idea already credited under another requirement","introduces a DISTINCT extra on-topic point — not a rephrasing or repeat of any other requirement — within the question's subject, with no further detail","introduces a distinct extra on-topic point AND develops it meaningfully (a real reason, cause, or effect — not just length)",introduces a distinct extra on-topic point AND develops it AND supports it with a concrete specific that genuinely advances the argument,pending,
W-A1-7,a1,letter/email,,25,80,,,,,,,,,,,,,,,,,Additional on-topic development,"no semantically distinct extra on-topic point, OR the 'extra' content paraphrases an idea already credited under another requirement","introduces a DISTINCT extra on-topic point — not a rephrasing or repeat of any other requirement — within the question's subject, with no further detail","introduces a distinct extra on-topic point AND develops it meaningfully (a real reason, cause, or effect — not just length)",introduces a distinct extra on-topic point AND develops it AND supports it with a concrete specific that genuinely advances the argument,pending,
W-A1-8,a1,note,,25,80,,,,,,,,,,,,,,,,,Additional on-topic development,"no semantically distinct extra on-topic point, OR the 'extra' content paraphrases an idea already credited under another requirement","introduces a DISTINCT extra on-topic point — not a rephrasing or repeat of any other requirement — within the question's subject, with no further detail","introduces a distinct extra on-topic point AND develops it meaningfully (a real reason, cause, or effect — not just length)",introduces a distinct extra on-topic point AND develops it AND supports it with a concrete specific that genuinely advances the argument,pending,
W-A1-9,a1,note,,25,80,,,,,,,,,,,,,,,,,Additional on-topic development,"no semantically distinct extra on-topic point, OR the 'extra' content paraphrases an idea already credited under another requirement","introduces a DISTINCT extra on-topic point — not a rephrasing or repeat of any other requirement — within the question's subject, with no further detail","introduces a distinct extra on-topic point AND develops it meaningfully (a real reason, cause, or effect — not just length)",introduces a distinct extra on-topic point AND develops it AND supports it with a concrete specific that genuinely advances the argument,pending,
W-A1-10,a1,note,,25,80,,,,,,,,,,,,,,,,,Additional on-topic development,"no semantically distinct extra on-topic point, OR the 'extra' content paraphrases an idea already credited under another requirement","introduces a DISTINCT extra on-topic point — not a rephrasing or repeat of any other requirement — within the question's subject, with no further detail","introduces a distinct extra on-topic point AND develops it meaningfully (a real reason, cause, or effect — not just length)",introduces a distinct extra on-topic point AND develops it AND supports it with a concrete specific that genuinely advances the argument,pending,
W-A1-11,a1,simple note,self and identity,25,80,,,,,,,,,,,,,,,,,Additional on-topic development,"no semantically distinct extra on-topic point, OR the 'extra' content paraphrases an idea already credited under another requirement","introduces a DISTINCT extra on-topic point — not a rephrasing or repeat of any other requirement — within the question's subject, with no further detail","introduces a distinct extra on-topic point AND develops it meaningfully (a real reason, cause, or effect — not just length)",introduces a distinct extra on-topic point AND develops it AND supports it with a concrete specific that genuinely advances the argument,pending,
W-A2-1,a2,note,,40,120,,,,,,,,,,,,,,,,,Additional on-topic development,"no semantically distinct extra on-topic point, OR the 'extra' content paraphrases an idea already credited under another requirement","introduces a DISTINCT extra on-topic point — not a rephrasing or repeat of any other requirement — within the question's subject, with no further detail","introduces a distinct extra on-topic point AND develops it meaningfully (a real reason, cause, or effect — not just length)",introduces a distinct extra on-topic point AND develops it AND supports it with a concrete specific that genuinely advances the argument,pending,
W-A2-2,a2,paragraph,,40,120,,,,,,,,,,,,,,,,,Additional on-topic development,"no semantically distinct extra on-topic point, OR the 'extra' content paraphrases an idea already credited under another requirement","introduces a DISTINCT extra on-topic point — not a rephrasing or repeat of any other requirement — within the question's subject, with no further detail","introduces a distinct extra on-topic point AND develops it meaningfully (a real reason, cause, or effect — not just length)",introduces a distinct extra on-topic point AND develops it AND supports it with a concrete specific that genuinely advances the argument,pending,
W-A2-3,a2,note,,40,120,,,,,,,,,,,,,,,,,Additional on-topic development,"no semantically distinct extra on-topic point, OR the 'extra' content paraphrases an idea already credited under another requirement","introduces a DISTINCT extra on-topic point — not a rephrasing or repeat of any other requirement — within the question's subject, with no further detail","introduces a distinct extra on-topic point AND develops it meaningfully (a real reason, cause, or effect — not just length)",introduces a distinct extra on-topic point AND develops it AND supports it with a concrete specific that genuinely advances the argument,pending,
W-A2-4,a2,letter/email,,40,120,,,,,,,,,,,,,,,,,Additional on-topic development,"no semantically distinct extra on-topic point, OR the 'extra' content paraphrases an idea already credited under another requirement","introduces a DISTINCT extra on-topic point — not a rephrasing or repeat of any other requirement — within the question's subject, with no further detail","introduces a distinct extra on-topic point AND develops it meaningfully (a real reason, cause, or effect — not just length)",introduces a distinct extra on-topic point AND develops it AND supports it with a concrete specific that genuinely advances the argument,pending,
W-A2-5,a2,note,,40,120,,,,,,,,,,,,,,,,,Additional on-topic development,"no semantically distinct extra on-topic point, OR the 'extra' content paraphrases an idea already credited under another requirement","introduces a DISTINCT extra on-topic point — not a rephrasing or repeat of any other requirement — within the question's subject, with no further detail","introduces a distinct extra on-topic point AND develops it meaningfully (a real reason, cause, or effect — not just length)",introduces a distinct extra on-topic point AND develops it AND supports it with a concrete specific that genuinely advances the argument,pending,
W-A2-6,a2,letter/email,,40,120,,,,,,,,,,,,,,,,,Additional on-topic development,"no semantically distinct extra on-topic point, OR the 'extra' content paraphrases an idea already credited under another requirement","introduces a DISTINCT extra on-topic point — not a rephrasing or repeat of any other requirement — within the question's subject, with no further detail","introduces a distinct extra on-topic point AND develops it meaningfully (a real reason, cause, or effect — not just length)",introduces a distinct extra on-topic point AND develops it AND supports it with a concrete specific that genuinely advances the argument,pending,
W-A2-7,a2,paragraph,"countries, cities, towns, and public places (a2)",50,150,,,,,,,,,,,,,,,,,Additional on-topic development,"no semantically distinct extra on-topic point, OR the 'extra' content paraphrases an idea already credited under another requirement","introduces a DISTINCT extra on-topic point — not a rephrasing or repeat of any other requirement — within the question's subject, with no further detail","introduces a distinct extra on-topic point AND develops it meaningfully (a real reason, cause, or effect — not just length)",introduces a distinct extra on-topic point AND develops it AND supports it with a concrete specific that genuinely advances the argument,pending,
W-A2-8,a2,paragraph,,40,120,,,,,,,,,,,,,,,,,Additional on-topic development,"no semantically distinct extra on-topic point, OR the 'extra' content paraphrases an idea already credited under another requirement","introduces a DISTINCT extra on-topic point — not a rephrasing or repeat of any other requirement — within the question's subject, with no further detail","introduces a distinct extra on-topic point AND develops it meaningfully (a real reason, cause, or effect — not just length)",introduces a distinct extra on-topic point AND develops it AND supports it with a concrete specific that genuinely advances the argument,pending,
W-A2-9,a2,note,,40,120,,,,,,,,,,,,,,,,,Additional on-topic development,"no semantically distinct extra on-topic point, OR the 'extra' content paraphrases an idea already credited under another requirement","introduces a DISTINCT extra on-topic point — not a rephrasing or repeat of any other requirement — within the question's subject, with no further detail","introduces a distinct extra on-topic point AND develops it meaningfully (a real reason, cause, or effect — not just length)",introduces a distinct extra on-topic point AND develops it AND supports it with a concrete specific that genuinely advances the argument,pending,
W-A2-10,a2,letter/email,,40,120,,,,,,,,,,,,,,,,,Additional on-topic development,"no semantically distinct extra on-topic point, OR the 'extra' content paraphrases an idea already credited under another requirement","introduces a DISTINCT extra on-topic point — not a rephrasing or repeat of any other requirement — within the question's subject, with no further detail","introduces a distinct extra on-topic point AND develops it meaningfully (a real reason, cause, or effect — not just length)",introduces a distinct extra on-topic point AND develops it AND supports it with a concrete specific that genuinely advances the argument,pending,
W-A2-11,a2,note,,40,120,,,,,,,,,,,,,,,,,Additional on-topic development,"no semantically distinct extra on-topic point, OR the 'extra' content paraphrases an idea already credited under another requirement","introduces a DISTINCT extra on-topic point — not a rephrasing or repeat of any other requirement — within the question's subject, with no further detail","introduces a distinct extra on-topic point AND develops it meaningfully (a real reason, cause, or effect — not just length)",introduces a distinct extra on-topic point AND develops it AND supports it with a concrete specific that genuinely advances the argument,pending,
W-A2-12,a2,simple email writing,shopping and consumer activities,40,120,,,,,,,,,,,,,,,,,Additional on-topic development,"no semantically distinct extra on-topic point, OR the 'extra' content paraphrases an idea already credited under another requirement","introduces a DISTINCT extra on-topic point — not a rephrasing or repeat of any other requirement — within the question's subject, with no further detail","introduces a distinct extra on-topic point AND develops it meaningfully (a real reason, cause, or effect — not just length)",introduces a distinct extra on-topic point AND develops it AND supports it with a concrete specific that genuinely advances the argument,pending,
W-B1-1,b1,report,,50,300,,,,,,,,,,,,,,,,,Additional on-topic development,"no semantically distinct extra on-topic point, OR the 'extra' content paraphrases an idea already credited under another requirement","introduces a DISTINCT extra on-topic point — not a rephrasing or repeat of any other requirement — within the question's subject, with no further detail","introduces a distinct extra on-topic point AND develops it meaningfully (a real reason, cause, or effect — not just length)",introduces a distinct extra on-topic point AND develops it AND supports it with a concrete specific that genuinely advances the argument,pending,
W-B1-2,b1,letter/email,,50,300,,,,,,,,,,,,,,,,,Additional on-topic development,"no semantically distinct extra on-topic point, OR the 'extra' content paraphrases an idea already credited under another requirement","introduces a DISTINCT extra on-topic point — not a rephrasing or repeat of any other requirement — within the question's subject, with no further detail","introduces a distinct extra on-topic point AND develops it meaningfully (a real reason, cause, or effect — not just length)",introduces a distinct extra on-topic point AND develops it AND supports it with a concrete specific that genuinely advances the argument,pending,
W-B1-3,b1,article,,50,300,,,,,,,,,,,,,,,,,Additional on-topic development,"no semantically distinct extra on-topic point, OR the 'extra' content paraphrases an idea already credited under another requirement","introduces a DISTINCT extra on-topic point — not a rephrasing or repeat of any other requirement — within the question's subject, with no further detail","introduces a distinct extra on-topic point AND develops it meaningfully (a real reason, cause, or effect — not just length)",introduces a distinct extra on-topic point AND develops it AND supports it with a concrete specific that genuinely advances the argument,pending,
W-B1-4,b1,article,,50,300,,,,,,,,,,,,,,,,,Additional on-topic development,"no semantically distinct extra on-topic point, OR the 'extra' content paraphrases an idea already credited under another requirement","introduces a DISTINCT extra on-topic point — not a rephrasing or repeat of any other requirement — within the question's subject, with no further detail","introduces a distinct extra on-topic point AND develops it meaningfully (a real reason, cause, or effect — not just length)",introduces a distinct extra on-topic point AND develops it AND supports it with a concrete specific that genuinely advances the argument,pending,
W-B1-5,b1,essay,,50,300,,,,,,,,,,,,,,,,,Additional on-topic development,"no semantically distinct extra on-topic point, OR the 'extra' content paraphrases an idea already credited under another requirement","introduces a DISTINCT extra on-topic point — not a rephrasing or repeat of any other requirement — within the question's subject, with no further detail","introduces a distinct extra on-topic point AND develops it meaningfully (a real reason, cause, or effect — not just length)",introduces a distinct extra on-topic point AND develops it AND supports it with a concrete specific that genuinely advances the argument,pending,
W-B1-6,b1,report,,50,300,,,,,,,,,,,,,,,,,Additional on-topic development,"no semantically distinct extra on-topic point, OR the 'extra' content paraphrases an idea already credited under another requirement","introduces a DISTINCT extra on-topic point — not a rephrasing or repeat of any other requirement — within the question's subject, with no further detail","introduces a distinct extra on-topic point AND develops it meaningfully (a real reason, cause, or effect — not just length)",introduces a distinct extra on-topic point AND develops it AND supports it with a concrete specific that genuinely advances the argument,pending,
W-B1-7,b1,letter/email,,50,300,,,,,,,,,,,,,,,,,Additional on-topic development,"no semantically distinct extra on-topic point, OR the 'extra' content paraphrases an idea already credited under another requirement","introduces a DISTINCT extra on-topic point — not a rephrasing or repeat of any other requirement — within the question's subject, with no further detail","introduces a distinct extra on-topic point AND develops it meaningfully (a real reason, cause, or effect — not just length)",introduces a distinct extra on-topic point AND develops it AND supports it with a concrete specific that genuinely advances the argument,pending,
W-B1-8,b1,paragraph,,50,300,,,,,,,,,,,,,,,,,Additional on-topic development,"no semantically distinct extra on-topic point, OR the 'extra' content paraphrases an idea already credited under another requirement","introduces a DISTINCT extra on-topic point — not a rephrasing or repeat of any other requirement — within the question's subject, with no further detail","introduces a distinct extra on-topic point AND develops it meaningfully (a real reason, cause, or effect — not just length)",introduces a distinct extra on-topic point AND develops it AND supports it with a concrete specific that genuinely advances the argument,pending,
W-B1-9,b1,letter/email,,50,300,,,,,,,,,,,,,,,,,Additional on-topic development,"no semantically distinct extra on-topic point, OR the 'extra' content paraphrases an idea already credited under another requirement","introduces a DISTINCT extra on-topic point — not a rephrasing or repeat of any other requirement — within the question's subject, with no further detail","introduces a distinct extra on-topic point AND develops it meaningfully (a real reason, cause, or effect — not just length)",introduces a distinct extra on-topic point AND develops it AND supports it with a concrete specific that genuinely advances the argument,pending,
W-B1-10,b1,paragraph,,50,300,,,,,,,,,,,,,,,,,Additional on-topic development,"no semantically distinct extra on-topic point, OR the 'extra' content paraphrases an idea already credited under another requirement","introduces a DISTINCT extra on-topic point — not a rephrasing or repeat of any other requirement — within the question's subject, with no further detail","introduces a distinct extra on-topic point AND develops it meaningfully (a real reason, cause, or effect — not just length)",introduces a distinct extra on-topic point AND develops it AND supports it with a concrete specific that genuinely advances the argument,pending,
W-B1-11,b1,letter/email,,50,300,,,,,,,,,,,,,,,,,Additional on-topic development,"no semantically distinct extra on-topic point, OR the 'extra' content paraphrases an idea already credited under another requirement","introduces a DISTINCT extra on-topic point — not a rephrasing or repeat of any other requirement — within the question's subject, with no further detail","introduces a distinct extra on-topic point AND develops it meaningfully (a real reason, cause, or effect — not just length)",introduces a distinct extra on-topic point AND develops it AND supports it with a concrete specific that genuinely advances the argument,pending,
W-B1-12,b1,paragraph,,50,300,,,,,,,,,,,,,,,,,Additional on-topic development,"no semantically distinct extra on-topic point, OR the 'extra' content paraphrases an idea already credited under another requirement","introduces a DISTINCT extra on-topic point — not a rephrasing or repeat of any other requirement — within the question's subject, with no further detail","introduces a distinct extra on-topic point AND develops it meaningfully (a real reason, cause, or effect — not just length)",introduces a distinct extra on-topic point AND develops it AND supports it with a concrete specific that genuinely advances the argument,pending,
W-B1-13,b1,paragraph,,50,300,,,,,,,,,,,,,,,,,Additional on-topic development,"no semantically distinct extra on-topic point, OR the 'extra' content paraphrases an idea already credited under another requirement","introduces a DISTINCT extra on-topic point — not a rephrasing or repeat of any other requirement — within the question's subject, with no further detail","introduces a distinct extra on-topic point AND develops it meaningfully (a real reason, cause, or effect — not just length)",introduces a distinct extra on-topic point AND develops it AND supports it with a concrete specific that genuinely advances the argument,pending,
W-B1-14,b1,paragraph,,50,300,,,,,,,,,,,,,,,,,Additional on-topic development,"no semantically distinct extra on-topic point, OR the 'extra' content paraphrases an idea already credited under another requirement","introduces a DISTINCT extra on-topic point — not a rephrasing or repeat of any other requirement — within the question's subject, with no further detail","introduces a distinct extra on-topic point AND develops it meaningfully (a real reason, cause, or effect — not just length)",introduces a distinct extra on-topic point AND develops it AND supports it with a concrete specific that genuinely advances the argument,pending,
W-B1-15,b1,paragraph,,50,300,,,,,,,,,,,,,,,,,Additional on-topic development,"no semantically distinct extra on-topic point, OR the 'extra' content paraphrases an idea already credited under another requirement","introduces a DISTINCT extra on-topic point — not a rephrasing or repeat of any other requirement — within the question's subject, with no further detail","introduces a distinct extra on-topic point AND develops it meaningfully (a real reason, cause, or effect — not just length)",introduces a distinct extra on-topic point AND develops it AND supports it with a concrete specific that genuinely advances the argument,pending,
W-B1-16,b1,summary,,50,300,,,,,,,,,,,,,,,,,Additional on-topic development,"no semantically distinct extra on-topic point, OR the 'extra' content paraphrases an idea already credited under another requirement","introduces a DISTINCT extra on-topic point — not a rephrasing or repeat of any other requirement — within the question's subject, with no further detail","introduces a distinct extra on-topic point AND develops it meaningfully (a real reason, cause, or effect — not just length)",introduces a distinct extra on-topic point AND develops it AND supports it with a concrete specific that genuinely advances the argument,pending,
W-B1-17,b1,summary,,50,300,,,,,,,,,,,,,,,,,Additional on-topic development,"no semantically distinct extra on-topic point, OR the 'extra' content paraphrases an idea already credited under another requirement","introduces a DISTINCT extra on-topic point — not a rephrasing or repeat of any other requirement — within the question's subject, with no further detail","introduces a distinct extra on-topic point AND develops it meaningfully (a real reason, cause, or effect — not just length)",introduces a distinct extra on-topic point AND develops it AND supports it with a concrete specific that genuinely advances the argument,pending,
W-B1-18,b1,article,,50,300,,,,,,,,,,,,,,,,,Additional on-topic development,"no semantically distinct extra on-topic point, OR the 'extra' content paraphrases an idea already credited under another requirement","introduces a DISTINCT extra on-topic point — not a rephrasing or repeat of any other requirement — within the question's subject, with no further detail","introduces a distinct extra on-topic point AND develops it meaningfully (a real reason, cause, or effect — not just length)",introduces a distinct extra on-topic point AND develops it AND supports it with a concrete specific that genuinely advances the argument,pending,
W-B1-19,b1,summary,,50,300,,,,,,,,,,,,,,,,,Additional on-topic development,"no semantically distinct extra on-topic point, OR the 'extra' content paraphrases an idea already credited under another requirement","introduces a DISTINCT extra on-topic point — not a rephrasing or repeat of any other requirement — within the question's subject, with no further detail","introduces a distinct extra on-topic point AND develops it meaningfully (a real reason, cause, or effect — not just length)",introduces a distinct extra on-topic point AND develops it AND supports it with a concrete specific that genuinely advances the argument,pending,
W-B1-20,b1,letter/email,,50,300,,,,,,,,,,,,,,,,,Additional on-topic development,"no semantically distinct extra on-topic point, OR the 'extra' content paraphrases an idea already credited under another requirement","introduces a DISTINCT extra on-topic point — not a rephrasing or repeat of any other requirement — within the question's subject, with no further detail","introduces a distinct extra on-topic point AND develops it meaningfully (a real reason, cause, or effect — not just length)",introduces a distinct extra on-topic point AND develops it AND supports it with a concrete specific that genuinely advances the argument,pending,
W-B1-21,b1,paragraph,,50,300,,,,,,,,,,,,,,,,,Additional on-topic development,"no semantically distinct extra on-topic point, OR the 'extra' content paraphrases an idea already credited under another requirement","introduces a DISTINCT extra on-topic point — not a rephrasing or repeat of any other requirement — within the question's subject, with no further detail","introduces a distinct extra on-topic point AND develops it meaningfully (a real reason, cause, or effect — not just length)",introduces a distinct extra on-topic point AND develops it AND supports it with a concrete specific that genuinely advances the argument,pending,
W-B1-22,b1,article,,50,300,,,,,,,,,,,,,,,,,Additional on-topic development,"no semantically distinct extra on-topic point, OR the 'extra' content paraphrases an idea already credited under another requirement","introduces a DISTINCT extra on-topic point — not a rephrasing or repeat of any other requirement — within the question's subject, with no further detail","introduces a distinct extra on-topic point AND develops it meaningfully (a real reason, cause, or effect — not just length)",introduces a distinct extra on-topic point AND develops it AND supports it with a concrete specific that genuinely advances the argument,pending,
W-B1-23,b1,article,,50,300,,,,,,,,,,,,,,,,,Additional on-topic development,"no semantically distinct extra on-topic point, OR the 'extra' content paraphrases an idea already credited under another requirement","introduces a DISTINCT extra on-topic point — not a rephrasing or repeat of any other requirement — within the question's subject, with no further detail","introduces a distinct extra on-topic point AND develops it meaningfully (a real reason, cause, or effect — not just length)",introduces a distinct extra on-topic point AND develops it AND supports it with a concrete specific that genuinely advances the argument,pending,
W-B1-24,b1,letter/email,,50,300,,,,,,,,,,,,,,,,,Additional on-topic development,"no semantically distinct extra on-topic point, OR the 'extra' content paraphrases an idea already credited under another requirement","introduces a DISTINCT extra on-topic point — not a rephrasing or repeat of any other requirement — within the question's subject, with no further detail","introduces a distinct extra on-topic point AND develops it meaningfully (a real reason, cause, or effect — not just length)",introduces a distinct extra on-topic point AND develops it AND supports it with a concrete specific that genuinely advances the argument,pending,
W-B1-25,b1,report,,50,300,,,,,,,,,,,,,,,,,Additional on-topic development,"no semantically distinct extra on-topic point, OR the 'extra' content paraphrases an idea already credited under another requirement","introduces a DISTINCT extra on-topic point — not a rephrasing or repeat of any other requirement — within the question's subject, with no further detail","introduces a distinct extra on-topic point AND develops it meaningfully (a real reason, cause, or effect — not just length)",introduces a distinct extra on-topic point AND develops it AND supports it with a concrete specific that genuinely advances the argument,pending,
W-B1-26,b1,report,,50,300,,,,,,,,,,,,,,,,,Additional on-topic development,"no semantically distinct extra on-topic point, OR the 'extra' content paraphrases an idea already credited under another requirement","introduces a DISTINCT extra on-topic point — not a rephrasing or repeat of any other requirement — within the question's subject, with no further detail","introduces a distinct extra on-topic point AND develops it meaningfully (a real reason, cause, or effect — not just length)",introduces a distinct extra on-topic point AND develops it AND supports it with a concrete specific that genuinely advances the argument,pending,
W-B1-27,b1,letter/email,,50,300,,,,,,,,,,,,,,,,,Additional on-topic development,"no semantically distinct extra on-topic point, OR the 'extra' content paraphrases an idea already credited under another requirement","introduces a DISTINCT extra on-topic point — not a rephrasing or repeat of any other requirement — within the question's subject, with no further detail","introduces a distinct extra on-topic point AND develops it meaningfully (a real reason, cause, or effect — not just length)",introduces a distinct extra on-topic point AND develops it AND supports it with a concrete specific that genuinely advances the argument,pending,
W-B1-28,b1,letter/email,,50,300,,,,,,,,,,,,,,,,,Additional on-topic development,"no semantically distinct extra on-topic point, OR the 'extra' content paraphrases an idea already credited under another requirement","introduces a DISTINCT extra on-topic point — not a rephrasing or repeat of any other requirement — within the question's subject, with no further detail","introduces a distinct extra on-topic point AND develops it meaningfully (a real reason, cause, or effect — not just length)",introduces a distinct extra on-topic point AND develops it AND supports it with a concrete specific that genuinely advances the argument,pending,
W-B1-29,b1,letter/email,,50,300,,,,,,,,,,,,,,,,,Additional on-topic development,"no semantically distinct extra on-topic point, OR the 'extra' content paraphrases an idea already credited under another requirement","introduces a DISTINCT extra on-topic point — not a rephrasing or repeat of any other requirement — within the question's subject, with no further detail","introduces a distinct extra on-topic point AND develops it meaningfully (a real reason, cause, or effect — not just length)",introduces a distinct extra on-topic point AND develops it AND supports it with a concrete specific that genuinely advances the argument,pending,
W-B1-30,b1,paragraph,,50,300,,,,,,,,,,,,,,,,,Additional on-topic development,"no semantically distinct extra on-topic point, OR the 'extra' content paraphrases an idea already credited under another requirement","introduces a DISTINCT extra on-topic point — not a rephrasing or repeat of any other requirement — within the question's subject, with no further detail","introduces a distinct extra on-topic point AND develops it meaningfully (a real reason, cause, or effect — not just length)",introduces a distinct extra on-topic point AND develops it AND supports it with a concrete specific that genuinely advances the argument,pending,
W-B2-1,b2,article,,100,400,"Think about a movie you recently watched.

Write an article for a magazine reviewing this movie.

- Include a plot summary with key events
- Consider the acting and effects
- Provide your recommendation and reasons",Plot summary with key events,absent,"mentions the plot of the movie without detailing key events (e.g., 'The movie is about a hero's journey').","describes the plot and includes a reason or cause for a key event (e.g., 'The hero embarks on a journey because their village is threatened'). (scores 2, not 3 — provides a reason but lacks specific key events or turning points).","all of 2 AND includes TWO concrete specifics that materially develop the plot (e.g., 'The hero leaves their village after a dragon attack and later discovers a hidden power in the enchanted forest'). Generic statements like 'the hero faces challenges' do NOT count.",Evaluation of acting and effects,absent,"mentions the acting or effects without evaluation (e.g., 'The acting was good').","evaluates the acting or effects with a reason or comparison (e.g., 'The acting was convincing because the actors portrayed emotions realistically'). (scores 2, not 3 — provides evaluation but lacks specific examples of scenes or effects).","all of 2 AND includes TWO concrete specifics that materially advance the evaluation (e.g., 'The lead actor's performance in the emotional climax was powerful, and the special effects during the battle scene were groundbreaking'). Vague praise like 'the effects were amazing' do NOT count.",Your recommendation and reasons,absent,"states a recommendation without reasons (e.g., 'I recommend this movie').","provides a recommendation with a reason or cause (e.g., 'I recommend this movie because it has a compelling story'). (scores 2, not 3 — gives a reason but lacks specific examples or comparisons).","all of 2 AND includes TWO concrete specifics that materially develop the recommendation (e.g., 'I recommend this movie for its unique plot twists and the breathtaking cinematography that captures the essence of the story'). Generic endorsements like 'it's a great movie' do NOT count.",Additional on-topic development,"no semantically distinct extra on-topic point, OR the 'extra' content paraphrases an idea already credited under another requirement","introduces a DISTINCT extra on-topic point — not a rephrasing or repeat of any other requirement — within the question's subject, with no further detail","introduces a distinct extra on-topic point AND develops it meaningfully (a real reason, cause, or effect — not just length)",introduces a distinct extra on-topic point AND develops it AND supports it with a concrete specific that genuinely advances the argument,auto-generated,
W-B2-2,b2,article,,100,400,"Working from home has become a common practice for many people.

Write an article for a magazine about how remote work is changing the way people work.

- Consider the impacts on teamwork and communication
- Think about the benefits and challenges of working from home
- Use examples from your personal experience or those of your friends",Impacts on teamwork and communication,absent,"mentions teamwork or communication without further detail (e.g., 'Working from home affects teamwork').","mentions teamwork or communication AND provides a reason or explanation (e.g., 'Working from home affects teamwork because it reduces face-to-face interactions'). (scores 2, not 3 — lacks a concrete specific example of how teamwork is affected).","all of 2 AND includes a concrete specific that materially develops the point (e.g., 'Working from home affects teamwork because it reduces face-to-face interactions; for instance, my team struggled to coordinate projects without in-person meetings, leading to delays'). Vague statements like 'it is harder to communicate' do NOT count.",Benefits and challenges of working from home,absent,"mentions a benefit or challenge of working from home without further detail (e.g., 'Working from home has benefits').","mentions a benefit or challenge AND provides a reason or explanation (e.g., 'Working from home is beneficial because it offers flexibility'). (scores 2, not 3 — lacks a concrete specific example of the benefit or challenge).","all of 2 AND includes TWO concrete specifics that materially develop the point (e.g., 'Working from home is beneficial because it offers flexibility; for example, I can start my day earlier and finish in time to pick up my children from school, and I save two hours daily by not commuting'). A single example without a second specific or comparison does NOT count.",Personal example of remote work experience,absent,"mentions a personal experience with remote work without further detail (e.g., 'I have worked from home').","mentions a personal experience AND provides a reason or explanation (e.g., 'I have worked from home, which allowed me to manage my time better'). (scores 2, not 3 — lacks a concrete specific detail about the experience).","all of 2 AND includes a concrete specific that materially develops the point (e.g., 'I have worked from home, which allowed me to manage my time better; for instance, I could attend a virtual conference in the morning and complete my tasks in the afternoon without the stress of commuting'). Generic statements like 'it was good' do NOT count.",Additional on-topic development,"no semantically distinct extra on-topic point, OR the 'extra' content paraphrases an idea already credited under another requirement","introduces a DISTINCT extra on-topic point — not a rephrasing or repeat of any other requirement — within the question's subject, with no further detail","introduces a distinct extra on-topic point AND develops it meaningfully (a real reason, cause, or effect — not just length)",introduces a distinct extra on-topic point AND develops it AND supports it with a concrete specific that genuinely advances the argument,auto-generated,
W-B2-3,b2,essay,"people, relationships, and family (b2)",100,400,"Social media has transformed the way people maintain friendships.

Write an essay discussing the impact of online communication on relationships.

- Consider the effects of online communication on maintaining friendships
- Think about both the positive and negative aspects of online connections
- Use a personal example of social media's impact on your relationships",Effects of online communication on maintaining friendships,absent,"mentions that online communication affects friendships without further detail (e.g., 'Online communication changes friendships').","explains how online communication affects friendships with a reason or effect (e.g., 'Online communication helps maintain friendships by allowing frequent contact'). (scores 2, not 3 — provides a reason but lacks a concrete specific example).","all of 2 AND includes a concrete specific that materially develops the point (e.g., 'Through video calls, I can stay in touch with my childhood friend who moved abroad, which keeps our friendship strong despite the distance'). Generic statements like 'many people use social media' do NOT count.",Positive and negative aspects of online connections,absent,"mentions that online connections have positive and negative aspects without further detail (e.g., 'Online connections have both good and bad sides').","describes a positive or negative aspect with a reason or effect (e.g., 'Online connections can be positive because they allow people to meet others with similar interests'). (scores 2, not 3 — provides a reason but lacks a concrete specific example).","all of 2 AND includes TWO concrete specifics that materially develop the point (e.g., 'Online connections are positive because they allow people to join interest groups, like a book club on Facebook, and negative because they can lead to misunderstandings, such as when tone is misinterpreted in text messages'). Vague statements like 'some people find it useful' do NOT count.",Personal example of social media's impact on relationships,absent,"mentions that social media impacts relationships without further detail (e.g., 'Social media affects my relationships').","provides a personal example of how social media impacts relationships with a reason or effect (e.g., 'Social media helps me keep in touch with my family by sharing photos and updates'). (scores 2, not 3 — provides a reason but lacks a concrete specific example).","all of 2 AND includes a concrete specific that materially develops the point (e.g., 'Using Instagram, I share daily updates with my cousins who live in another country, which strengthens our bond despite the distance'). General statements like 'I use social media a lot' do NOT count.",Additional on-topic development,"no semantically distinct extra on-topic point, OR the 'extra' content paraphrases an idea already credited under another requirement","introduces a DISTINCT extra on-topic point — not a rephrasing or repeat of any other requirement — within the question's subject, with no further detail","introduces a distinct extra on-topic point AND develops it meaningfully (a real reason, cause, or effect — not just length)",introduces a distinct extra on-topic point AND develops it AND supports it with a concrete specific that genuinely advances the argument,auto-generated,
W-B2-4,b2,article,,100,400,"Technology has significantly influenced people's exercise habits.

Write an article for a fitness magazine about how technology affects fitness routines.

- Consider the impact of fitness apps on people's routines
- Think about the advantages and disadvantages of online classes
- Include a personal example of how technology has influenced your fitness",Impact of fitness apps on routines,absent,"mentions fitness apps affecting routines without further detail (e.g., 'Fitness apps change how people exercise').","explains how fitness apps impact routines with a reason or effect (e.g., 'Fitness apps help people track their workouts, making it easier to stay consistent'). (scores 2, not 3 — provides a reason but lacks a concrete specific like a personal app usage example).","all of 2 AND includes a concrete specific, such as a personal anecdote or hypothetical scenario (e.g., 'Using MyFitnessPal, I was able to monitor my calorie intake daily, which helped me lose 5 kg over three months'). Generic statements like 'many people use apps' do NOT count as concrete specifics.",Advantages and disadvantages of online classes,absent,"mentions advantages or disadvantages of online classes without further detail (e.g., 'Online classes have pros and cons').","explains an advantage or disadvantage with a reason or effect (e.g., 'Online classes are convenient because they save commuting time'). (scores 2, not 3 — provides a reason but lacks a concrete specific like a personal experience or detailed example).","all of 2 AND includes a concrete specific, such as a personal anecdote or hypothetical scenario (e.g., 'During the pandemic, I attended online classes from home, which saved me two hours of travel daily, but I struggled with maintaining focus without a classroom environment'). Vague statements like 'some people find it hard' do NOT count as concrete specifics.",Personal example of technology in fitness,absent,"mentions using technology in fitness without further detail (e.g., 'I use technology for my workouts').","explains how technology is used in fitness with a reason or effect (e.g., 'Technology helps me track my progress, which keeps me motivated'). (scores 2, not 3 — provides a reason but lacks a concrete specific like a detailed personal example).","all of 2 AND includes a concrete specific, such as a personal anecdote or hypothetical scenario (e.g., 'I use a smartwatch to monitor my heart rate during runs, which has helped me improve my endurance by 20% over the past year'). General statements like 'technology is useful' do NOT count as concrete specifics.",Additional on-topic development,"no semantically distinct extra on-topic point, OR the 'extra' content paraphrases an idea already credited under another requirement","introduces a DISTINCT extra on-topic point — not a rephrasing or repeat of any other requirement — within the question's subject, with no further detail","introduces a distinct extra on-topic point AND develops it meaningfully (a real reason, cause, or effect — not just length)",introduces a distinct extra on-topic point AND develops it AND supports it with a concrete specific that genuinely advances the argument,auto-generated,
W-B2-5,b2,letter/email,,100,400,"You are interested in a job posting and need more information.

Write an email to inquire about the job details.

- Ask about the job schedule
- Inquire about the job requirements
- Clarify the application process",Questions about the job schedule,absent,"asks about the job schedule in a complete sentence without further detail (e.g., 'What is the job schedule?').","asks about the job schedule and provides a reason or context for the inquiry (e.g., 'What is the job schedule, as I need to coordinate with my current commitments?'). (scores 2, not 3 — provides a reason but lacks a concrete specific about the schedule's impact or details.)","all of 2 AND includes a concrete specific that materially develops the inquiry (e.g., 'What is the job schedule? I need to know if it allows for flexible hours, as I have evening classes on Tuesdays and Thursdays.'). Generic statements like 'I need to know for planning' do NOT count.",Inquiries about job requirements,absent,"asks about job requirements in a complete sentence without further detail (e.g., 'What are the job requirements?').","asks about job requirements and provides a reason or context for the inquiry (e.g., 'What are the job requirements, as I want to ensure my skills match?'). (scores 2, not 3 — provides a reason but lacks a concrete specific about the skills or experience needed.)","all of 2 AND includes a concrete specific that materially develops the inquiry (e.g., 'What are the job requirements? I have five years of experience in project management and want to know if this aligns with your expectations for the role.'). Vague phrases like 'I want to know if I qualify' do NOT count.",Clarification on the application process,absent,"asks for clarification on the application process in a complete sentence without further detail (e.g., 'Can you clarify the application process?').","asks for clarification on the application process and provides a reason or context for the inquiry (e.g., 'Can you clarify the application process, as I want to ensure I submit all necessary documents?'). (scores 2, not 3 — provides a reason but lacks a concrete specific about the steps or documents involved.)","all of 2 AND includes a concrete specific that materially develops the inquiry (e.g., 'Can you clarify the application process? I need to know if there is an online portal for submission and if a cover letter is required along with the resume.'). General statements like 'I want to make sure I do it right' do NOT count.",Additional on-topic development,"no semantically distinct extra on-topic point, OR the 'extra' content paraphrases an idea already credited under another requirement","introduces a DISTINCT extra on-topic point — not a rephrasing or repeat of any other requirement — within the question's subject, with no further detail","introduces a distinct extra on-topic point AND develops it meaningfully (a real reason, cause, or effect — not just length)",introduces a distinct extra on-topic point AND develops it AND supports it with a concrete specific that genuinely advances the argument,auto-generated,
W-B2-6,b2,essay,,100,400,"Technology has significantly impacted various aspects of our lives in recent years.

Write an essay discussing both the positive and negative effects of technology on society.

- Think about the positive effects of technology on communication
- Consider the negative effects of technology on the workplace
- Include specific examples of technology in education",Positive effects of technology on communication,absent,"states that technology positively affects communication without further detail (e.g., 'Technology improves communication').","names a positive effect of technology on communication AND provides a reason or explanation (e.g., 'Technology improves communication by allowing instant messaging across the globe'). (scores 2, not 3 — provides a reason but lacks a concrete specific such as a platform or personal example).","all of 2 AND includes a concrete specific that materially develops the point (e.g., 'Platforms like WhatsApp and Zoom enable families to stay connected despite living in different countries, allowing for real-time video calls and message exchanges'). Generic statements like 'people can talk more easily' do NOT count as concrete specifics.",Negative effects of technology on the workplace,absent,"states that technology negatively affects the workplace without further detail (e.g., 'Technology harms the workplace').","names a negative effect of technology on the workplace AND provides a reason or explanation (e.g., 'Technology can lead to job displacement as machines replace human labor'). (scores 2, not 3 — provides a reason but lacks a concrete specific such as a specific job or industry example).","all of 2 AND includes a concrete specific that materially develops the point (e.g., 'In manufacturing, robots have replaced assembly line workers, leading to significant job losses in the sector'). Vague statements like 'some jobs are lost' do NOT count as concrete specifics.",Specific examples of technology in education,absent,"mentions technology in education without providing specific examples (e.g., 'Technology is used in education').","names a use of technology in education AND provides a reason or explanation (e.g., 'Technology in education allows for online learning, which can make education more accessible'). (scores 2, not 3 — provides a reason but lacks a concrete specific such as a particular tool or platform).","all of 2 AND includes a concrete specific that materially develops the point (e.g., 'Platforms like Khan Academy and Coursera offer courses that students can access from anywhere, providing opportunities for learning outside traditional classrooms'). General statements like 'students can learn online' do NOT count as concrete specifics.",Additional on-topic development,"no semantically distinct extra on-topic point, OR the 'extra' content paraphrases an idea already credited under another requirement","introduces a DISTINCT extra on-topic point — not a rephrasing or repeat of any other requirement — within the question's subject, with no further detail","introduces a distinct extra on-topic point AND develops it meaningfully (a real reason, cause, or effect — not just length)",introduces a distinct extra on-topic point AND develops it AND supports it with a concrete specific that genuinely advances the argument,auto-generated,
W-B2-7,b2,essay,,100,400,"Online shopping has become a common part of modern life, raising questions about consumer rights.

Write an essay discussing the rights of consumers when shopping online.

- Think about current protections for online shoppers
- Consider common problems faced by online consumers
- Include needed improvements in consumer rights",Current protections for online shoppers,absent,"mentions protections for online shoppers without further detail (e.g., 'there are protections for online shoppers').","mentions protections and provides a reason or explanation (e.g., 'online shoppers are protected by refund policies to ensure they can return faulty goods'). (scores 2, not 3 — provides a reason but lacks a concrete example of a specific policy or scenario).","all of 2 AND includes a concrete specific such as a personal experience, hypothetical scenario, or developed-generic example (e.g., 'many online platforms offer a 30-day return policy, which allows customers to return items if they are not satisfied, as I experienced when I returned a defective phone'). Vague statements like 'many protections exist' do NOT count.",Common problems faced by online consumers,absent,"mentions problems faced by online consumers without further detail (e.g., 'online consumers face problems').","mentions a problem and provides a reason or explanation (e.g., 'online consumers often face issues with delayed deliveries because of logistical challenges'). (scores 2, not 3 — provides a reason but lacks a concrete example of a specific problem or scenario).","all of 2 AND includes a concrete specific such as a personal experience, hypothetical scenario, or developed-generic example (e.g., 'a common issue is receiving damaged goods, like when my friend ordered a laptop and it arrived with a cracked screen'). General statements like 'there are many problems' do NOT count.",Needed improvements in consumer rights,absent,"mentions needed improvements in consumer rights without further detail (e.g., 'consumer rights need improvements').","mentions an improvement and provides a reason or explanation (e.g., 'consumer rights need to include better data protection to prevent misuse of personal information'). (scores 2, not 3 — provides a reason but lacks a concrete example of a specific improvement or scenario).","all of 2 AND includes a concrete specific such as a personal experience, hypothetical scenario, or developed-generic example (e.g., 'improving consumer rights could involve stricter regulations on data privacy, such as requiring explicit consent before data is shared, similar to the GDPR in Europe'). Vague suggestions like 'better laws' do NOT count.",Additional on-topic development,"no semantically distinct extra on-topic point, OR the 'extra' content paraphrases an idea already credited under another requirement","introduces a DISTINCT extra on-topic point — not a rephrasing or repeat of any other requirement — within the question's subject, with no further detail","introduces a distinct extra on-topic point AND develops it meaningfully (a real reason, cause, or effect — not just length)",introduces a distinct extra on-topic point AND develops it AND supports it with a concrete specific that genuinely advances the argument,auto-generated,
W-B2-8,b2,report,,100,400,"Compare online learning with traditional learning methods.

Write a report on the differences and similarities between online and traditional learning.

- Consider the effectiveness of learning in both online and traditional settings
- Think about the cost factors involved in online and traditional learning
- Include the social aspects of online versus traditional learning",Comparison of learning effectiveness online vs traditional,absent,"states that there is a difference in learning effectiveness between online and traditional methods without further detail (e.g., 'Online learning is different from traditional learning').","mentions a difference in learning effectiveness AND provides a reason or explanation (e.g., 'Online learning can be more flexible, allowing students to learn at their own pace'). (scores 2, not 3 — provides a reason but lacks a concrete specific such as a personal experience or study result).","all of 2 AND includes a concrete specific that materially develops the point (e.g., 'In my experience, online courses allowed me to revisit lectures, which improved my understanding, unlike traditional classes where I couldn't replay lectures'). General statements like 'online is better' do NOT count as concrete specifics.",Cost factors in online and traditional learning,absent,"mentions cost differences between online and traditional learning without further detail (e.g., 'Online learning is cheaper than traditional learning').","mentions cost differences AND provides a reason or explanation (e.g., 'Online learning can be less expensive because it eliminates commuting costs'). (scores 2, not 3 — provides a reason but lacks a concrete specific such as a personal budget comparison or a hypothetical scenario).","all of 2 AND includes a concrete specific that materially develops the point (e.g., 'For instance, I saved $200 a month on transportation by taking online courses, which significantly reduced my overall education expenses'). Vague statements like 'it saves money' do NOT count as concrete specifics.",Social aspects of online vs traditional learning,absent,"mentions social aspects of online vs traditional learning without further detail (e.g., 'Social interaction is different online').","mentions social aspects AND provides a reason or explanation (e.g., 'Traditional learning offers more face-to-face interaction, which can help build stronger relationships'). (scores 2, not 3 — provides a reason but lacks a concrete specific such as a personal anecdote or a detailed hypothetical).","all of 2 AND includes a concrete specific that materially develops the point (e.g., 'In my traditional classes, we had group projects that required in-person meetings, which helped me make lasting friendships, unlike online classes where interaction was limited to forums'). General statements like 'more interaction' do NOT count as concrete specifics.",Additional on-topic development,"no semantically distinct extra on-topic point, OR the 'extra' content paraphrases an idea already credited under another requirement","introduces a DISTINCT extra on-topic point — not a rephrasing or repeat of any other requirement — within the question's subject, with no further detail","introduces a distinct extra on-topic point AND develops it meaningfully (a real reason, cause, or effect — not just length)",introduces a distinct extra on-topic point AND develops it AND supports it with a concrete specific that genuinely advances the argument,auto-generated,
W-B2-9,b2,letter/email,,100,400,"You need to inform your international colleagues about a delay in your project.

Write an email to your colleagues about the project delay.

- Include the current status of the project
- Explain the reasons for the project delay
- Describe the impact of the delay on deadlines",Current status of the project,absent,"mentions the current status of the project without any additional detail (e.g., 'The project is ongoing').","describes the current status AND provides a reason or explanation for it (e.g., 'The project is ongoing because we are waiting for the final approval from the client'). (scores 2, not 3 — provides a reason but lacks a concrete specific about the status).","all of 2 AND includes a concrete specific that materially develops the status (e.g., 'The project is ongoing because we are waiting for the final approval from the client, which was delayed due to their internal restructuring'). Generic statements like 'we are working on it' do NOT count as concrete specifics.",Reasons for the project delay,absent,"mentions a reason for the project delay without further detail (e.g., 'The project is delayed due to unforeseen circumstances').","provides a reason for the delay AND explains it (e.g., 'The project is delayed because the supplier failed to deliver materials on time'). (scores 2, not 3 — explains the reason but lacks a concrete specific about the delay).","all of 2 AND includes a concrete specific that materially develops the reason (e.g., 'The project is delayed because the supplier failed to deliver materials on time, specifically the steel beams needed for the foundation, which were stuck at customs'). Vague phrases like 'due to issues' do NOT count as concrete specifics.",Impact of delay on deadlines,absent,"mentions the impact of the delay on deadlines without further detail (e.g., 'The delay affects our deadlines').","describes the impact on deadlines AND provides an explanation (e.g., 'The delay affects our deadlines, pushing the completion date back by two weeks'). (scores 2, not 3 — provides an explanation but lacks a concrete specific about the impact).","all of 2 AND includes a concrete specific that materially develops the impact (e.g., 'The delay affects our deadlines, pushing the completion date back by two weeks, which means the launch event will now coincide with the holiday season, potentially affecting attendance'). General statements like 'it will be late' do NOT count as concrete specifics.",Additional on-topic development,"no semantically distinct extra on-topic point, OR the 'extra' content paraphrases an idea already credited under another requirement","introduces a DISTINCT extra on-topic point — not a rephrasing or repeat of any other requirement — within the question's subject, with no further detail","introduces a distinct extra on-topic point AND develops it meaningfully (a real reason, cause, or effect — not just length)",introduces a distinct extra on-topic point AND develops it AND supports it with a concrete specific that genuinely advances the argument,auto-generated,
W-B2-10,b2,letter/email,,100,400,"You received a damaged laptop that you bought online.

Write an email to the company to complain about the damaged product.

- Describe the damage to the laptop
- Request a replacement or refund
- Include details of the purchase and delivery",Description of the damage to the laptop,absent,"mentions the laptop is damaged without specifying the type or extent of damage (e.g., 'The laptop is damaged').","describes the type or extent of damage with a reason or effect (e.g., 'The screen is cracked, making it difficult to see the display'). (scores 2, not 3 — describes the damage and its effect, but lacks a specific detail like how the damage occurred or a comparison to its previous condition).","all of 2 AND includes a concrete specific such as how the damage occurred or a comparison to its previous condition (e.g., 'The screen is cracked from corner to corner, likely due to poor packaging during delivery, which makes it impossible to use for work presentations'). Vague descriptions like 'it's broken' do NOT count as concrete specifics.",Request for a replacement or refund,absent,"states a desire for a replacement or refund without further detail (e.g., 'I want a refund').","requests a replacement or refund with a reason or justification (e.g., 'I would like a refund because the laptop is unusable'). (scores 2, not 3 — provides a reason for the request but lacks a specific detail like a deadline or a comparison to other options).","all of 2 AND includes a concrete specific such as a deadline for the refund or a comparison to other options (e.g., 'I would like a refund within the next two weeks as I need to purchase a new laptop for my upcoming project deadlines'). General requests without a specific timeframe or comparison do NOT count as concrete specifics.",Details of the purchase and delivery,absent,"mentions the purchase or delivery without specific details (e.g., 'I bought the laptop online').","provides details about the purchase or delivery with a reason or effect (e.g., 'I purchased the laptop online and it was delivered late, causing inconvenience'). (scores 2, not 3 — provides details and a reason but lacks a specific detail like the exact date or delivery service used).","all of 2 AND includes a concrete specific such as the exact purchase date or the delivery service used (e.g., 'I purchased the laptop on September 15th from your website, and it was delivered by CourierX on September 20th, three days later than promised, which disrupted my work schedule'). Vague statements like 'it was delivered late' do NOT count as concrete specifics.",Additional on-topic development,"no semantically distinct extra on-topic point, OR the 'extra' content paraphrases an idea already credited under another requirement","introduces a DISTINCT extra on-topic point — not a rephrasing or repeat of any other requirement — within the question's subject, with no further detail","introduces a distinct extra on-topic point AND develops it meaningfully (a real reason, cause, or effect — not just length)",introduces a distinct extra on-topic point AND develops it AND supports it with a concrete specific that genuinely advances the argument,auto-generated,
W-B2-11,b2,article,,100,400,"Think about a restaurant you recently visited.

Write an article for a magazine about your experience at this restaurant.

- Describe the atmosphere of the restaurant
- Include details about the food quality and presentation
- Consider your experience with the service",Description of the restaurant's atmosphere,absent,"mentions the atmosphere of the restaurant without any further detail (e.g., 'The restaurant has a nice atmosphere').","describes the atmosphere with a reason or effect but no concrete specific (e.g., 'The restaurant's atmosphere is relaxing because of its soft lighting'). (scores 2, not 3 — lacks a specific detail like a type of decor or music that enhances the description).","all of 2 AND includes a concrete specific that materially develops the description (e.g., 'The restaurant's atmosphere is relaxing because of its soft lighting and the gentle jazz music playing in the background'). Generic adjectives like 'nice' or 'pleasant' do NOT count as concrete specifics.",Details about the food quality and presentation,absent,"mentions the food quality or presentation without further detail (e.g., 'The food was good').","describes the food quality or presentation with a reason or effect but no concrete specific (e.g., 'The food was delicious because it was freshly prepared'). (scores 2, not 3 — lacks a specific dish or presentation detail that enhances the description).","all of 2 AND includes a concrete specific that materially develops the description (e.g., 'The food was delicious because it was freshly prepared, and the presentation was exquisite with vibrant colors and artistic plating of the salmon dish'). Vague terms like 'tasty' or 'nice meals' do NOT count as concrete specifics.",Evaluation of the service experience,absent,"mentions the service experience without further detail (e.g., 'The service was good').","describes the service experience with a reason or effect but no concrete specific (e.g., 'The service was attentive because the staff checked on us regularly'). (scores 2, not 3 — lacks a specific interaction or detail that enhances the evaluation).","all of 2 AND includes a concrete specific that materially develops the evaluation (e.g., 'The service was attentive because the staff checked on us regularly, and our waiter remembered our names and preferences, which made us feel valued'). Generic statements like 'friendly staff' do NOT count as concrete specifics.",Additional on-topic development,"no semantically distinct extra on-topic point, OR the 'extra' content paraphrases an idea already credited under another requirement","introduces a DISTINCT extra on-topic point — not a rephrasing or repeat of any other requirement — within the question's subject, with no further detail","introduces a distinct extra on-topic point AND develops it meaningfully (a real reason, cause, or effect — not just length)",introduces a distinct extra on-topic point AND develops it AND supports it with a concrete specific that genuinely advances the argument,auto-generated,
W-B2-12,b2,essay,,100,400,"Social media has a significant impact on our daily lives.

Write an essay discussing the advantages and disadvantages of social media.

- Consider the pros and cons of social media
- Include your personal experiences with social media
- Suggest ways to use social media safely",Pros and cons of social media,absent,"mentions a pro or con of social media without further detail (e.g., 'Social media has advantages').","names a pro or con AND provides a reason or explanation (e.g., 'Social media allows people to connect with friends easily, which can strengthen relationships'). (scores 2, not 3 — provides a reason but lacks a concrete specific such as a personal example or a detailed scenario).","all of 2 AND includes a concrete specific that materially develops the point (e.g., 'Through Facebook, I reconnected with a childhood friend, and we now meet regularly, which shows how social media can revive old friendships'). Generic statements like 'many people use it' do NOT count as concrete specifics.",Personal experience with social media,absent,"mentions using social media without any personal detail (e.g., 'I use social media').","describes a personal experience with social media AND provides a reason or effect (e.g., 'I use Instagram to share photos because it helps me stay connected with my family abroad'). (scores 2, not 3 — describes a personal experience but lacks a concrete specific such as a detailed event or interaction).","all of 2 AND includes a concrete specific that materially develops the experience (e.g., 'Last year, I posted a photo of my graduation on Instagram, and my relatives from different countries commented and shared their congratulations, which made me feel supported despite the distance'). Vague descriptions like 'I post pictures' do NOT count as concrete specifics.",Suggestions for safe social media use,absent,"mentions a suggestion for safe social media use without further detail (e.g., 'Be careful online').","provides a suggestion AND explains why it is important (e.g., 'Use strong passwords to protect your accounts from hackers'). (scores 2, not 3 — provides a suggestion and reason but lacks a concrete specific such as a detailed example or scenario).","all of 2 AND includes a concrete specific that materially advances the suggestion (e.g., 'By using a password manager, I ensure all my accounts have unique and strong passwords, which significantly reduces the risk of unauthorized access'). General advice like 'stay safe' do NOT count as concrete specifics.",Additional on-topic development,"no semantically distinct extra on-topic point, OR the 'extra' content paraphrases an idea already credited under another requirement","introduces a DISTINCT extra on-topic point — not a rephrasing or repeat of any other requirement — within the question's subject, with no further detail","introduces a distinct extra on-topic point AND develops it meaningfully (a real reason, cause, or effect — not just length)",introduces a distinct extra on-topic point AND develops it AND supports it with a concrete specific that genuinely advances the argument,auto-generated,
W-B2-13,b2,essay,,100,400,"Technology plays a significant role in our daily lives.

Write an essay discussing the effects of technology on our everyday activities.

- Think about how technology affects communication
- Consider the impact of technology on health
- Include a personal example of technology in your daily life",How technology affects communication,absent,"mentions technology's impact on communication without further detail (e.g., 'Technology changes how we communicate').","describes how technology affects communication with a reason or explanation (e.g., 'Technology allows us to communicate instantly with people far away'). (scores 2, not 3 — provides a reason but lacks a concrete specific like a platform or method).","all of 2 AND includes a concrete specific that materially develops the point (e.g., 'Through video calls, like Zoom, families can stay connected even when living in different countries'). Generic statements like 'many apps help us communicate' do NOT count.",Impact of technology on health,absent,"mentions technology's impact on health without further detail (e.g., 'Technology affects our health').","describes how technology impacts health with a reason or explanation (e.g., 'Technology can improve health by providing access to online fitness programs'). (scores 2, not 3 — gives a reason but lacks a concrete specific like a particular app or device).","all of 2 AND includes a concrete specific that materially develops the point (e.g., 'Wearable devices like Fitbits track physical activity and encourage healthier lifestyles'). Vague references like 'some devices help with health' do NOT count.",Personal example of technology in daily life,absent,"mentions a personal use of technology without further detail (e.g., 'I use technology every day').","describes a personal use of technology with a reason or explanation (e.g., 'I use my smartphone to stay organized because it has a calendar app'). (scores 2, not 3 — provides a reason but lacks a concrete specific like a particular app or feature).","all of 2 AND includes a concrete specific that materially develops the point (e.g., 'I use Google Calendar to manage my appointments and reminders, which helps me stay on top of my schedule'). General statements like 'I use apps to help me' do NOT count.",Additional on-topic development,"no semantically distinct extra on-topic point, OR the 'extra' content paraphrases an idea already credited under another requirement","introduces a DISTINCT extra on-topic point — not a rephrasing or repeat of any other requirement — within the question's subject, with no further detail","introduces a distinct extra on-topic point AND develops it meaningfully (a real reason, cause, or effect — not just length)",introduces a distinct extra on-topic point AND develops it AND supports it with a concrete specific that genuinely advances the argument,auto-generated,
W-B2-14,b2,essay,,100,400,"Learning foreign languages can have a significant impact on various aspects of life.

Write an essay discussing the importance of learning foreign languages.

- Think about how foreign languages enhance job opportunities
- Consider the benefits of foreign languages for travel experiences
- Include a personal example of learning a foreign language",How foreign languages enhance job opportunities,absent,"states that foreign languages enhance job opportunities without further detail (e.g., 'Knowing a foreign language can help in getting a job').","mentions how foreign languages can enhance job opportunities and provides a reason or explanation (e.g., 'Knowing a foreign language can help in getting a job because many companies operate internationally'). (scores 2, not 3 — provides a reason but lacks a concrete specific example of a job or company).","all of 2 AND includes a concrete specific that materially develops the point (e.g., 'Knowing Spanish can help in getting a job at a multinational company like Telefónica, which operates in many Spanish-speaking countries'). Generic statements like 'many companies' do NOT count as concrete specifics.",Benefits of foreign languages for travel experiences,absent,"mentions that foreign languages benefit travel experiences without further detail (e.g., 'Speaking a foreign language is useful when traveling').","explains how foreign languages benefit travel experiences with a reason or explanation (e.g., 'Speaking a foreign language is useful when traveling because it allows you to communicate with locals'). (scores 2, not 3 — provides a reason but lacks a concrete specific example of a travel situation or location).","all of 2 AND includes a concrete specific that materially develops the point (e.g., 'Speaking French can enhance your travel experience in Paris by allowing you to order food in local restaurants and ask for directions'). Vague phrases like 'a beautiful place' do NOT count as concrete specifics.",Personal example of learning a foreign language,absent,"mentions learning a foreign language without further detail (e.g., 'I learned a foreign language').","provides a reason or explanation for learning a foreign language (e.g., 'I learned Spanish because I wanted to travel to Spain'). (scores 2, not 3 — provides a reason but lacks a concrete specific example of a learning experience or outcome).","all of 2 AND includes a concrete specific that materially develops the point (e.g., 'I learned Spanish by attending evening classes at a local community center, which helped me communicate effectively during my trip to Barcelona'). Generic statements like 'it was useful' do NOT count as concrete specifics.",Additional on-topic development,"no semantically distinct extra on-topic point, OR the 'extra' content paraphrases an idea already credited under another requirement","introduces a DISTINCT extra on-topic point — not a rephrasing or repeat of any other requirement — within the question's subject, with no further detail","introduces a distinct extra on-topic point AND develops it meaningfully (a real reason, cause, or effect — not just length)",introduces a distinct extra on-topic point AND develops it AND supports it with a concrete specific that genuinely advances the argument,auto-generated,
W-B2-15,b2,essay,,100,400,"Maintaining a healthy lifestyle is important for overall well-being.

Write an essay discussing how to maintain a healthy lifestyle.

- Think about how diet contributes to a healthy lifestyle
- Consider the benefits of regular exercise for health
- Include your own idea related to healthy living",How diet contributes to a healthy lifestyle,absent,"mentions diet as a factor in a healthy lifestyle without further detail (e.g., 'Diet is important for health').","explains how diet contributes to health with a reason or effect (e.g., 'A balanced diet provides essential nutrients that support bodily functions'). (scores 2, not 3 — lacks a concrete specific like a type of nutrient or food).","all of 2 AND includes a concrete specific that materially develops the idea (e.g., 'Consuming foods rich in omega-3 fatty acids, like salmon, can improve heart health by reducing inflammation'). Generic statements like 'eating healthy foods' do NOT count.",Benefits of regular exercise for health,absent,"mentions exercise as beneficial for health without further detail (e.g., 'Exercise is good for you').","explains a benefit of exercise with a reason or effect (e.g., 'Regular exercise improves cardiovascular health by strengthening the heart'). (scores 2, not 3 — lacks a concrete specific like a type of exercise or measurable outcome).","all of 2 AND includes a concrete specific that materially develops the idea (e.g., 'Running for 30 minutes a day can lower blood pressure and increase lung capacity'). Vague phrases like 'doing sports' do NOT count.",Your own idea related to healthy living,absent,"introduces a personal idea related to healthy living without further detail (e.g., 'Sleep is important for health').","explains the personal idea with a reason or effect (e.g., 'Getting enough sleep helps the body recover and improves mental clarity'). (scores 2, not 3 — lacks a concrete specific like a sleep routine or study finding).","all of 2 AND includes a concrete specific that materially develops the idea (e.g., 'Establishing a routine of 8 hours of sleep per night can enhance memory retention and reduce stress levels'). General statements like 'sleeping well' do NOT count.",Additional on-topic development,"no semantically distinct extra on-topic point, OR the 'extra' content paraphrases an idea already credited under another requirement","introduces a DISTINCT extra on-topic point — not a rephrasing or repeat of any other requirement — within the question's subject, with no further detail","introduces a distinct extra on-topic point AND develops it meaningfully (a real reason, cause, or effect — not just length)",introduces a distinct extra on-topic point AND develops it AND supports it with a concrete specific that genuinely advances the argument,auto-generated,
W-B2-16,b2,essay,,100,400,"Social media has a significant influence on society today.

Write an essay discussing the effects of social media on society.

- Think about the positive effects of social media on society
- Consider the negative effects of social media on society
- Include a personal example of social media's impact",Positive effects of social media on society,absent,"mentions a positive effect of social media without further detail (e.g., 'Social media helps people connect').","names a positive effect and provides a reason or explanation (e.g., 'Social media helps people connect by allowing them to communicate instantly across distances'). (scores 2, not 3 — provides a reason but lacks a concrete specific example or scenario).","all of 2 AND includes a concrete specific that materially develops the point (e.g., 'Social media helps people connect by allowing them to communicate instantly across distances, such as when my cousin in Australia and I video call every weekend to stay in touch'). Vague statements like 'many people use it' do NOT count as concrete specifics.",Negative effects of social media on society,absent,"mentions a negative effect of social media without further detail (e.g., 'Social media can be harmful').","names a negative effect and provides a reason or explanation (e.g., 'Social media can be harmful because it spreads misinformation quickly'). (scores 2, not 3 — provides a reason but lacks a concrete specific example or scenario).","all of 2 AND includes a concrete specific that materially develops the point (e.g., 'Social media can be harmful because it spreads misinformation quickly, such as when false news about a local event led to panic in my community last year'). General statements like 'people believe fake news' do NOT count as concrete specifics.",Personal example of social media's impact,absent,"mentions a personal impact of social media without further detail (e.g., 'Social media has affected me').","describes a personal impact and provides a reason or explanation (e.g., 'Social media has affected me by making it easier to keep up with friends'). (scores 2, not 3 — provides a reason but lacks a concrete specific example or scenario).","all of 2 AND includes a concrete specific that materially develops the point (e.g., 'Social media has affected me by making it easier to keep up with friends, like when I used Instagram to follow my friend's travel adventures in Europe, which inspired my own trip'). Vague references like 'I use it a lot' do NOT count as concrete specifics.",Additional on-topic development,"no semantically distinct extra on-topic point, OR the 'extra' content paraphrases an idea already credited under another requirement","introduces a DISTINCT extra on-topic point — not a rephrasing or repeat of any other requirement — within the question's subject, with no further detail","introduces a distinct extra on-topic point AND develops it meaningfully (a real reason, cause, or effect — not just length)",introduces a distinct extra on-topic point AND develops it AND supports it with a concrete specific that genuinely advances the argument,auto-generated,
W-B2-17,b2,report,,100,400,"Study facilities at your school play a crucial role in your academic experience.

Write a report on the study facilities available at your school.

- Describe the current study facilities
- Consider the problems with the current study facilities
- Include recommendations for improving the study facilities",Description of current study facilities,absent,"mentions the study facilities without any detail (e.g., 'The school has study facilities').","describes the study facilities with a reason or feature (e.g., 'The library is spacious, which allows many students to study comfortably'). (scores 2, not 3 — provides a reason but lacks a concrete specific like a particular room or resource).","all of 2 AND includes a concrete specific that materially develops the description (e.g., 'The library, with its 200-seat capacity and modern computer lab, provides an ideal environment for group projects and individual study'). Vague descriptions like 'a big library' do NOT count as concrete specifics.",Problems with current study facilities,absent,"mentions a problem with the study facilities without further detail (e.g., 'There are problems with the study facilities').","identifies a problem and provides a reason or effect (e.g., 'The study rooms are often overcrowded, making it difficult for students to concentrate'). (scores 2, not 3 — identifies a problem and reason but lacks a concrete specific like a particular incident or statistic).","all of 2 AND includes a concrete specific that materially develops the problem (e.g., 'During exam periods, the library's 50 available seats are insufficient for the 200 students needing study space, leading to students studying in hallways'). General statements like 'it's too crowded' do NOT count as concrete specifics.",Recommendations for improving study facilities,absent,"mentions a recommendation without further detail (e.g., 'The study facilities should be improved').","provides a recommendation with a reason or expected outcome (e.g., 'Adding more study rooms would reduce overcrowding and improve student focus'). (scores 2, not 3 — gives a recommendation and reason but lacks a concrete specific like a detailed plan or example).","all of 2 AND includes a concrete specific that materially advances the recommendation (e.g., 'By converting the unused storage room into a study area with 30 desks, the school could accommodate more students during peak times, reducing hallway congestion'). Vague suggestions like 'make it better' do NOT count as concrete specifics.",Additional on-topic development,"no semantically distinct extra on-topic point, OR the 'extra' content paraphrases an idea already credited under another requirement","introduces a DISTINCT extra on-topic point — not a rephrasing or repeat of any other requirement — within the question's subject, with no further detail","introduces a distinct extra on-topic point AND develops it meaningfully (a real reason, cause, or effect — not just length)",introduces a distinct extra on-topic point AND develops it AND supports it with a concrete specific that genuinely advances the argument,auto-generated,
W-B2-18,b2,report,,100,400,"Write a progress report about a team project.

Write a report on the current status and future needs of your team project.

- Include the goals achieved in the project
- Consider the current challenges faced by the team
- Think about the resource needs for next steps",Goals achieved in the project,absent,"states a goal achieved in the project without further detail (e.g., 'We completed the project').","names a goal achieved AND provides a reason or explanation for its significance (e.g., 'We completed the project ahead of schedule, which allowed us to take on additional tasks'). (scores 2, not 3 — provides a reason but lacks a concrete specific about the goal's impact or context).","all of 2 AND includes a concrete specific that materially develops the achievement (e.g., 'We completed the project two weeks early, which enabled us to secure a new client contract worth $50,000'). Vague statements like 'it was successful' do NOT count.",Current challenges faced by the team,absent,"mentions a challenge faced by the team without further detail (e.g., 'We are facing challenges').","identifies a challenge AND explains its cause or effect (e.g., 'We are facing challenges due to a lack of resources, which is slowing down our progress'). (scores 2, not 3 — explains the challenge but lacks a concrete specific about its impact or resolution).","all of 2 AND includes a concrete specific that materially develops the challenge (e.g., 'We are facing challenges due to a lack of resources, such as not having enough laptops for remote work, which has delayed our project timeline by two weeks'). General statements like 'it's difficult' do NOT count.",Resource needs for next steps,absent,"mentions a resource need for the next steps without further detail (e.g., 'We need more resources').","identifies a resource need AND explains why it is necessary (e.g., 'We need more resources to expand our team and meet the project deadline'). (scores 2, not 3 — explains the need but lacks a concrete specific about the type or quantity of resources).","all of 2 AND includes a concrete specific that materially develops the resource need (e.g., 'We need additional funding of $10,000 to purchase new software licenses and hire two more developers to meet the project deadline'). Vague requests like 'more help' do NOT count.",Additional on-topic development,"no semantically distinct extra on-topic point, OR the 'extra' content paraphrases an idea already credited under another requirement","introduces a DISTINCT extra on-topic point — not a rephrasing or repeat of any other requirement — within the question's subject, with no further detail","introduces a distinct extra on-topic point AND develops it meaningfully (a real reason, cause, or effect — not just length)",introduces a distinct extra on-topic point AND develops it AND supports it with a concrete specific that genuinely advances the argument,auto-generated,
W-B2-19,b2,article,,100,400,"Effective cross-cultural communication is essential in today's diverse workplaces.

Write an article for a magazine about effective cross-cultural workplace communication.

- Think about common challenges in cross-cultural communication
- Consider successful strategies for effective communication
- Include practical tips with specific examples",Common challenges in cross-cultural communication,absent,"mentions a challenge in cross-cultural communication without further detail (e.g., 'language barriers exist').","names a challenge and provides a reason or explanation (e.g., 'language barriers can lead to misunderstandings because people may interpret words differently'). (scores 2, not 3 — explains the challenge but lacks a concrete specific example or scenario).","all of 2 AND includes a concrete specific that materially develops the point (e.g., 'language barriers can lead to misunderstandings, such as when a Japanese manager's indirect communication style is misinterpreted by a direct-speaking American colleague, causing project delays'). Vague statements like 'people don't understand each other' do NOT count as concrete specifics.",Successful strategies for effective communication,absent,"mentions a strategy for effective communication without further detail (e.g., 'active listening is important').","names a strategy and provides a reason or explanation (e.g., 'active listening helps ensure that all parties feel heard and understood, which can prevent conflicts'). (scores 2, not 3 — explains the strategy but lacks a concrete specific example or scenario).","all of 2 AND includes a concrete specific that materially develops the point (e.g., 'active listening, such as repeating back what the speaker has said to confirm understanding, can prevent conflicts, as seen when a team leader uses this technique to resolve a misunderstanding during a multicultural team meeting'). General statements like 'it helps communication' do NOT count as concrete specifics.",Practical tips with specific examples,absent,"mentions a practical tip without further detail (e.g., 'use simple language').","provides a practical tip and a reason or explanation (e.g., 'using simple language can help ensure that everyone understands the message, especially in a diverse team'). (scores 2, not 3 — provides a reason but lacks a concrete specific example or scenario).","all of 2 AND includes a concrete specific that materially develops the point (e.g., 'using simple language, such as avoiding idioms and jargon, can help ensure understanding in a diverse team, as demonstrated when a manager simplified technical terms during a presentation to a multinational audience, resulting in clearer communication'). Vague advice like 'make it clear' do NOT count as concrete specifics.",Additional on-topic development,"no semantically distinct extra on-topic point, OR the 'extra' content paraphrases an idea already credited under another requirement","introduces a DISTINCT extra on-topic point — not a rephrasing or repeat of any other requirement — within the question's subject, with no further detail","introduces a distinct extra on-topic point AND develops it meaningfully (a real reason, cause, or effect — not just length)",introduces a distinct extra on-topic point AND develops it AND supports it with a concrete specific that genuinely advances the argument,auto-generated,
W-B2-20,b2,article,,100,400,"Writing reviews for films, books, or plays can be an engaging way to share your thoughts.

Write an article for an online arts magazine reviewing a film, book, or play.

- Include a brief plot summary with key events
- Consider the main themes and their impact
- Provide a recommendation with reasons for its effectiveness",Brief plot summary with key events,absent,"provides a sentence that mentions the plot without detailing key events (e.g., 'The movie is about a hero's journey').","provides a sentence that mentions the plot and includes a reason or explanation for the events (e.g., 'The movie follows a hero's journey as they overcome obstacles to find their true purpose'). (scores 2, not 3 — lacks specific key events that anchor the plot concretely).","all of 2 AND includes specific key events that materially develop the plot (e.g., 'The movie follows a hero's journey, starting with their humble beginnings, leading to a climactic battle, and ending with their triumphant return home'). Vague descriptions like 'many challenges' do NOT count as concrete specifics.",Analysis of main themes and their impact,absent,"mentions a theme without analysis or impact (e.g., 'The theme of friendship is present').","mentions a theme and provides a reason or explanation of its impact (e.g., 'The theme of friendship highlights the importance of support in overcoming adversity'). (scores 2, not 3 — lacks specific examples or scenarios that illustrate the theme's impact concretely).","all of 2 AND includes specific examples or scenarios that materially advance the theme's impact (e.g., 'The theme of friendship is illustrated through the protagonist's reliance on their friends during a crisis, which ultimately leads to their success'). General statements like 'friendship is important' do NOT count as concrete specifics.",Recommendation with reasons for effectiveness,absent,"provides a recommendation without reasons (e.g., 'I recommend this book').","provides a recommendation with a reason or explanation for its effectiveness (e.g., 'I recommend this book because it offers a fresh perspective on historical events'). (scores 2, not 3 — lacks specific examples or comparisons that illustrate the recommendation's effectiveness concretely).","all of 2 AND includes specific examples or comparisons that materially develop the recommendation's effectiveness (e.g., 'I recommend this book because it offers a fresh perspective on historical events, such as the detailed portrayal of the 1960s civil rights movement, which provides readers with a deeper understanding of the era'). Vague endorsements like 'it's a good read' do NOT count as concrete specifics.",Additional on-topic development,"no semantically distinct extra on-topic point, OR the 'extra' content paraphrases an idea already credited under another requirement","introduces a DISTINCT extra on-topic point — not a rephrasing or repeat of any other requirement — within the question's subject, with no further detail","introduces a distinct extra on-topic point AND develops it meaningfully (a real reason, cause, or effect — not just length)",introduces a distinct extra on-topic point AND develops it AND supports it with a concrete specific that genuinely advances the argument,auto-generated,
W-B2-21,b2,report,,100,400,"Waste management is an important issue for local councils.

Write a report on waste management in your area for the local council.

- Include the current waste management situation in your area
- Consider the main problems with local waste management
- Use examples of successful waste solutions from other areas",Current waste management situation in your area,absent,"mentions the current waste management situation without further detail (e.g., 'Waste management is a problem here').","describes the current waste management situation AND provides a reason or effect (e.g., 'Waste management is a problem here because the collection services are irregular'). (scores 2, not 3 — lacks a specific example of how this affects the community).","all of 2 AND includes a concrete specific that materially develops the point (e.g., 'Waste management is a problem here because the collection services are irregular, leading to overflowing bins in public parks, which attracts pests and creates health hazards'). General statements like 'it is bad' do NOT count as concrete specifics.",Main problems with local waste management,absent,"mentions a problem with local waste management without further detail (e.g., 'There are issues with waste management').","identifies a specific problem AND provides a reason or effect (e.g., 'There are issues with waste management because recycling facilities are limited'). (scores 2, not 3 — lacks a specific example of the impact or a detailed scenario).","all of 2 AND includes a concrete specific that materially develops the point (e.g., 'There are issues with waste management because recycling facilities are limited, resulting in most residents throwing recyclables into general waste bins, which increases landfill use'). Vague statements like 'it's a big issue' do NOT count as concrete specifics.",Successful waste solutions from other areas,absent,"mentions a successful waste solution from another area without further detail (e.g., 'Other places have better waste solutions').","describes a successful waste solution from another area AND provides a reason or effect (e.g., 'Other places have better waste solutions because they have implemented strict recycling laws'). (scores 2, not 3 — lacks a specific example or detailed description of the solution).","all of 2 AND includes a concrete specific that materially develops the point (e.g., 'Other places have better waste solutions because they have implemented strict recycling laws, such as in Germany where households are required to separate waste into multiple categories, significantly reducing landfill waste'). General statements like 'they do it better' do NOT count as concrete specifics.",Additional on-topic development,"no semantically distinct extra on-topic point, OR the 'extra' content paraphrases an idea already credited under another requirement","introduces a DISTINCT extra on-topic point — not a rephrasing or repeat of any other requirement — within the question's subject, with no further detail","introduces a distinct extra on-topic point AND develops it meaningfully (a real reason, cause, or effect — not just length)",introduces a distinct extra on-topic point AND develops it AND supports it with a concrete specific that genuinely advances the argument,auto-generated,
W-B2-22,b2,letter/email,,100,400,"Suggesting flexible working hours can benefit both employees and the company.

Write a proposal to your manager about implementing flexible working hours.

- Include the current situation of working hours
- Consider the benefits of flexible hours for employees
- Provide implementation suggestions for flexible hours",Current situation of working hours,absent,"mentions the current working hours without any detail or context (e.g., 'Our working hours are fixed').","describes the current working hours AND provides a reason or context for their structure (e.g., 'Our working hours are fixed from 9 to 5 because it aligns with traditional business operations'). (scores 2, not 3 — provides a reason but lacks a concrete specific about how this affects employees or the company).","all of 2 AND includes a concrete specific that materially develops the point (e.g., 'Our working hours are fixed from 9 to 5, which means employees like Sarah, who commutes from a distant suburb, spend over two hours daily in traffic, reducing her work-life balance'). Generic statements like 'many people find it difficult' do NOT count.",Benefits of flexible hours for employees,absent,"mentions benefits of flexible hours without further detail (e.g., 'Flexible hours are beneficial').","explains a benefit of flexible hours AND provides a reason or effect (e.g., 'Flexible hours allow employees to manage their personal commitments better, leading to increased job satisfaction'). (scores 2, not 3 — explains a benefit but lacks a concrete specific example of how it applies).","all of 2 AND includes TWO concrete specifics that materially develop the benefit (e.g., 'Flexible hours allow employees to manage their personal commitments better, such as parents being able to attend school events and employees like John who can schedule medical appointments without taking leave'). A single example without a second specific or comparison does NOT count.",Implementation suggestions for flexible hours,absent,"mentions a suggestion for implementing flexible hours without detail (e.g., 'We should implement flexible hours').","provides a suggestion for implementing flexible hours AND explains how it could work (e.g., 'We could implement flexible hours by allowing employees to choose their start and end times within a core period'). (scores 2, not 3 — provides a suggestion and explanation but lacks a concrete specific about its implementation).","all of 2 AND includes a concrete specific that materially advances the suggestion (e.g., 'We could implement flexible hours by allowing employees to choose their start and end times within a core period, such as 10 AM to 3 PM, which would enable team meetings while giving flexibility for individual tasks. This approach was successfully adopted by XYZ Corp, leading to a 20% increase in productivity'). Vague suggestions like 'make it more flexible' do NOT count.",Additional on-topic development,"no semantically distinct extra on-topic point, OR the 'extra' content paraphrases an idea already credited under another requirement","introduces a DISTINCT extra on-topic point — not a rephrasing or repeat of any other requirement — within the question's subject, with no further detail","introduces a distinct extra on-topic point AND develops it meaningfully (a real reason, cause, or effect — not just length)",introduces a distinct extra on-topic point AND develops it AND supports it with a concrete specific that genuinely advances the argument,auto-generated,
W-B2-23,b2,report,,100,400,"Work-life balance is a crucial topic in today's fast-paced world.

Write a report on the current state of work-life balance and its effects on health.

- Consider the current challenges in work-life balance
- Think about the impacts of work-life balance on health
- Include successful strategies and expert recommendations",Current challenges in work-life balance,absent,"mentions challenges in work-life balance without further detail (e.g., 'There are challenges in balancing work and life').","names a specific challenge AND provides a reason or explanation (e.g., 'Long working hours make it difficult to spend time with family'). (scores 2, not 3 — lacks a concrete specific such as a personal or hypothetical example).","all of 2 AND includes a concrete specific that materially develops the point (e.g., 'Many parents struggle to attend their children's school events due to inflexible work schedules, which can lead to feelings of guilt and stress'). Vague statements like 'people are busy' do NOT count as concrete specifics.",Impacts of work-life balance on health,absent,"mentions impacts of work-life balance on health without further detail (e.g., 'Work-life balance affects health').","names a specific health impact AND provides a reason or explanation (e.g., 'Poor work-life balance can lead to stress, which negatively affects mental health'). (scores 2, not 3 — lacks a concrete specific such as a personal or hypothetical example).","all of 2 AND includes a concrete specific that materially develops the point (e.g., 'Chronic stress from overworking can lead to serious health issues like hypertension, as seen in many corporate employees who report high blood pressure'). General statements like 'it is bad for health' do NOT count as concrete specifics.",Successful strategies and expert recommendations,absent,"mentions strategies or recommendations for work-life balance without further detail (e.g., 'There are strategies to improve work-life balance').","names a specific strategy or recommendation AND provides a reason or explanation (e.g., 'Setting clear boundaries between work and personal time can help maintain balance'). (scores 2, not 3 — lacks a concrete specific such as a personal or hypothetical example).","all of 2 AND includes a concrete specific that materially develops the point (e.g., 'Experts recommend flexible working hours, which allow employees to manage their time better, as seen in companies that report higher employee satisfaction and productivity'). Vague suggestions like 'work less' do NOT count as concrete specifics.",Additional on-topic development,"no semantically distinct extra on-topic point, OR the 'extra' content paraphrases an idea already credited under another requirement","introduces a DISTINCT extra on-topic point — not a rephrasing or repeat of any other requirement — within the question's subject, with no further detail","introduces a distinct extra on-topic point AND develops it meaningfully (a real reason, cause, or effect — not just length)",introduces a distinct extra on-topic point AND develops it AND supports it with a concrete specific that genuinely advances the argument,auto-generated,
W-B2-24,b2,letter/email,,100,400,"You have noticed incorrect charges on your bank account.

Write a letter to your bank to complain about these charges.

- Include your account details and identification
- Provide an explanation of the incorrect charges
- Present evidence supporting your claim of an error",Account details and identification,absent,"mentions account details without any further information (e.g., 'I have an account with your bank').","provides account details AND a reason for their inclusion (e.g., 'I have an account with your bank, which I opened last year to manage my savings'). (scores 2, not 3 — provides a reason but lacks specific account information like an account number or branch).","all of 2 AND includes a concrete specific such as an account number or branch location (e.g., 'I have an account with your bank, account number 123456, which I opened last year at the Main Street branch to manage my savings'). Vague references like 'my bank account' do NOT count as concrete specifics.",Explanation of the incorrect charges,absent,"mentions incorrect charges without further explanation (e.g., 'I noticed incorrect charges on my account').","explains the incorrect charges AND provides a reason or context (e.g., 'I noticed incorrect charges on my account, which seem to be from a transaction I did not authorize'). (scores 2, not 3 — provides context but lacks specific transaction details).","all of 2 AND includes a concrete specific such as a transaction date or amount (e.g., 'I noticed incorrect charges on my account from a transaction on March 5th for $200, which I did not authorize'). General statements like 'there are some charges' do NOT count as concrete specifics.",Evidence supporting the error claim,absent,"mentions having evidence without specifying what it is (e.g., 'I have evidence to support my claim').","describes the type of evidence AND how it supports the claim (e.g., 'I have bank statements that show discrepancies in the charges'). (scores 2, not 3 — describes the evidence but lacks specific details like dates or amounts).","all of 2 AND includes a concrete specific such as a date or document reference (e.g., 'I have bank statements from March 5th that show a $200 charge I did not authorize, which supports my claim of error'). Vague references like 'some documents' do NOT count as concrete specifics.",Additional on-topic development,"no semantically distinct extra on-topic point, OR the 'extra' content paraphrases an idea already credited under another requirement","introduces a DISTINCT extra on-topic point — not a rephrasing or repeat of any other requirement — within the question's subject, with no further detail","introduces a distinct extra on-topic point AND develops it meaningfully (a real reason, cause, or effect — not just length)",introduces a distinct extra on-topic point AND develops it AND supports it with a concrete specific that genuinely advances the argument,auto-generated,
W-B2-25,b2,essay,,100,400,"Artificial intelligence is becoming a significant part of our daily lives.

Write an essay discussing the role of artificial intelligence in everyday life.

- Think about current applications of artificial intelligence
- Consider the benefits and risks of artificial intelligence
- Include future implications and necessary regulations for AI",Current applications of artificial intelligence,absent,"mentions AI applications without further detail (e.g., 'AI is used in many fields').","names a specific application of AI and provides a reason or explanation (e.g., 'AI is used in healthcare to improve diagnostic accuracy'). (scores 2, not 3 — provides a reason but lacks a concrete specific example or scenario).","all of 2 AND includes a concrete specific that materially develops the point (e.g., 'AI in healthcare, such as IBM Watson, helps doctors diagnose diseases more accurately by analyzing vast amounts of medical data'). Generic statements like 'AI helps in many areas' do NOT count.",Benefits and risks of artificial intelligence,absent,"mentions benefits or risks of AI without further detail (e.g., 'AI has many benefits and risks').","describes a specific benefit or risk of AI and provides a reason or explanation (e.g., 'AI can increase efficiency in manufacturing, but it may lead to job losses'). (scores 2, not 3 — provides a reason but lacks a concrete specific example or scenario).","all of 2 AND includes TWO concrete specifics that materially develop the point (e.g., 'AI increases efficiency in manufacturing by automating repetitive tasks, but it also risks job losses, as seen in the automotive industry where robots have replaced assembly line workers'). Vague statements like 'AI is good but risky' do NOT count.",Future implications and necessary regulations for AI,absent,"mentions future implications or regulations for AI without further detail (e.g., 'AI will change the future').","describes a specific future implication or regulation and provides a reason or explanation (e.g., 'AI could lead to significant changes in privacy laws as data collection increases'). (scores 2, not 3 — provides a reason but lacks a concrete specific example or scenario).","all of 2 AND includes a concrete specific that materially develops the point (e.g., 'AI's impact on privacy could lead to new regulations, such as the EU's GDPR, which aims to protect personal data in the digital age'). Generic statements like 'AI will need rules' do NOT count.",Additional on-topic development,"no semantically distinct extra on-topic point, OR the 'extra' content paraphrases an idea already credited under another requirement","introduces a DISTINCT extra on-topic point — not a rephrasing or repeat of any other requirement — within the question's subject, with no further detail","introduces a distinct extra on-topic point AND develops it meaningfully (a real reason, cause, or effect — not just length)",introduces a distinct extra on-topic point AND develops it AND supports it with a concrete specific that genuinely advances the argument,auto-generated,
W-B2-26,b2,essay,"countries, cities, towns, and public places (b2)",100,200,"Technology has significantly transformed workplace communication.

Write an essay discussing how technology has changed communication in the workplace.

- Think about the main changes in workplace communication methods
- Consider the advantages and disadvantages of technology in communication
- Include the impact of technology on workplace productivity",Main changes in workplace communication methods,absent,"mentions a change in workplace communication methods without further detail (e.g., 'Emails are now used more often').","describes a change in workplace communication methods AND provides a reason or explanation (e.g., 'Emails are now used more often because they allow for quick and efficient communication'). (scores 2, not 3 — lacks a concrete specific example of how this change is implemented in a workplace).","all of 2 AND includes a concrete specific that materially develops the point (e.g., 'Emails are now used more often because they allow for quick and efficient communication; for instance, in my office, we replaced weekly meetings with email updates, which saves us two hours each week'). General statements like 'technology has improved communication' do NOT count.",Advantages and disadvantages of technology in communication,absent,"mentions an advantage or disadvantage of technology in communication without further detail (e.g., 'Technology makes communication easier').","describes an advantage or disadvantage AND provides a reason or explanation (e.g., 'Technology makes communication easier because it allows people to connect instantly across the globe'). (scores 2, not 3 — lacks a concrete specific example of a situation where this advantage or disadvantage is evident).","all of 2 AND includes a concrete specific that materially develops the point (e.g., 'Technology makes communication easier because it allows people to connect instantly across the globe; for example, during the pandemic, my team used Zoom to hold meetings with international clients, which maintained our business relationships'). Vague statements like 'it is good for communication' do NOT count.",Impact of technology on workplace productivity,absent,"mentions an impact of technology on workplace productivity without further detail (e.g., 'Technology increases productivity').","describes an impact of technology on workplace productivity AND provides a reason or explanation (e.g., 'Technology increases productivity because it automates repetitive tasks'). (scores 2, not 3 — lacks a concrete specific example of how this impact is observed in a workplace).","all of 2 AND includes a concrete specific that materially develops the point (e.g., 'Technology increases productivity because it automates repetitive tasks; for instance, in our company, using project management software reduced the time spent on administrative tasks by 30%'). General statements like 'it helps productivity' do NOT count.",Additional on-topic development,"no semantically distinct extra on-topic point, OR the 'extra' content paraphrases an idea already credited under another requirement","introduces a DISTINCT extra on-topic point — not a rephrasing or repeat of any other requirement — within the question's subject, with no further detail","introduces a distinct extra on-topic point AND develops it meaningfully (a real reason, cause, or effect — not just length)",introduces a distinct extra on-topic point AND develops it AND supports it with a concrete specific that genuinely advances the argument,auto-generated,
W-B2-27,b2,report,,100,400,"Compare how different news sources report the same event.

Write a report on the differences in reporting styles and content.

- Consider the main perspectives in the reports
- Think about the types of evidence used by each source
- Include indicators of potential bias in the reporting",Comparison of main perspectives in reports,absent,"mentions different perspectives in reports without further detail (e.g., 'reports have different perspectives').","identifies different perspectives AND explains a reason or cause for the difference (e.g., 'one report focuses on economic impacts while another highlights social issues because of their target audiences'). (scores 2, not 3 — explains the difference but lacks specific examples of perspectives).","all of 2 AND provides TWO concrete specifics that materially develop the comparison (e.g., 'one report emphasizes the economic downturn citing unemployment rates, while another highlights social unrest with examples of protests'). Generic statements like 'some reports are positive, others negative' do NOT count.",Types of evidence used by each source,absent,"mentions types of evidence without further detail (e.g., 'sources use different types of evidence').","identifies types of evidence AND explains how or why they are used (e.g., 'some sources use statistical data to support their claims because it adds credibility'). (scores 2, not 3 — explains the use but lacks specific examples of evidence types).","all of 2 AND provides TWO concrete specifics that materially develop the explanation (e.g., 'one source uses government statistics to back economic claims, while another relies on expert interviews for social analysis'). Vague phrases like 'some use facts, others opinions' do NOT count.",Indicators of potential bias in reporting,absent,"mentions potential bias in reporting without further detail (e.g., 'reports can be biased').","identifies indicators of bias AND explains how they suggest bias (e.g., 'the use of emotive language can indicate bias because it sways readers' emotions'). (scores 2, not 3 — identifies indicators but lacks specific examples of bias).","all of 2 AND provides TWO concrete specifics that materially develop the identification (e.g., 'one report uses loaded terms like 'reckless' to describe actions, while another omits key facts to skew perception'). General statements like 'some reports are biased' do NOT count.",Additional on-topic development,"no semantically distinct extra on-topic point, OR the 'extra' content paraphrases an idea already credited under another requirement","introduces a DISTINCT extra on-topic point — not a rephrasing or repeat of any other requirement — within the question's subject, with no further detail","introduces a distinct extra on-topic point AND develops it meaningfully (a real reason, cause, or effect — not just length)",introduces a distinct extra on-topic point AND develops it AND supports it with a concrete specific that genuinely advances the argument,auto-generated,
W-C1-1,c1,report,,150,500,,,,,,,,,,,,,,,,,Additional on-topic development,"no semantically distinct extra on-topic point, OR the 'extra' content paraphrases an idea already credited under another requirement","introduces a DISTINCT extra on-topic point — not a rephrasing or repeat of any other requirement — within the question's subject, with no further detail","introduces a distinct extra on-topic point AND develops it meaningfully (a real reason, cause, or effect — not just length)",introduces a distinct extra on-topic point AND develops it AND supports it with a concrete specific that genuinely advances the argument,pending,
W-C1-2,c1,essay,,150,500,,,,,,,,,,,,,,,,,Additional on-topic development,"no semantically distinct extra on-topic point, OR the 'extra' content paraphrases an idea already credited under another requirement","introduces a DISTINCT extra on-topic point — not a rephrasing or repeat of any other requirement — within the question's subject, with no further detail","introduces a distinct extra on-topic point AND develops it meaningfully (a real reason, cause, or effect — not just length)",introduces a distinct extra on-topic point AND develops it AND supports it with a concrete specific that genuinely advances the argument,pending,
W-C1-3,c1,report,,150,500,,,,,,,,,,,,,,,,,Additional on-topic development,"no semantically distinct extra on-topic point, OR the 'extra' content paraphrases an idea already credited under another requirement","introduces a DISTINCT extra on-topic point — not a rephrasing or repeat of any other requirement — within the question's subject, with no further detail","introduces a distinct extra on-topic point AND develops it meaningfully (a real reason, cause, or effect — not just length)",introduces a distinct extra on-topic point AND develops it AND supports it with a concrete specific that genuinely advances the argument,pending,
W-C1-4,c1,letter/email,,150,500,,,,,,,,,,,,,,,,,Additional on-topic development,"no semantically distinct extra on-topic point, OR the 'extra' content paraphrases an idea already credited under another requirement","introduces a DISTINCT extra on-topic point — not a rephrasing or repeat of any other requirement — within the question's subject, with no further detail","introduces a distinct extra on-topic point AND develops it meaningfully (a real reason, cause, or effect — not just length)",introduces a distinct extra on-topic point AND develops it AND supports it with a concrete specific that genuinely advances the argument,pending,
W-C1-5,c1,essay,,150,500,,,,,,,,,,,,,,,,,Additional on-topic development,"no semantically distinct extra on-topic point, OR the 'extra' content paraphrases an idea already credited under another requirement","introduces a DISTINCT extra on-topic point — not a rephrasing or repeat of any other requirement — within the question's subject, with no further detail","introduces a distinct extra on-topic point AND develops it meaningfully (a real reason, cause, or effect — not just length)",introduces a distinct extra on-topic point AND develops it AND supports it with a concrete specific that genuinely advances the argument,pending,
W-C1-6,c1,proposal,,150,500,,,,,,,,,,,,,,,,,Additional on-topic development,"no semantically distinct extra on-topic point, OR the 'extra' content paraphrases an idea already credited under another requirement","introduces a DISTINCT extra on-topic point — not a rephrasing or repeat of any other requirement — within the question's subject, with no further detail","introduces a distinct extra on-topic point AND develops it meaningfully (a real reason, cause, or effect — not just length)",introduces a distinct extra on-topic point AND develops it AND supports it with a concrete specific that genuinely advances the argument,pending,
W-C1-7,c1,proposal,,150,500,,,,,,,,,,,,,,,,,Additional on-topic development,"no semantically distinct extra on-topic point, OR the 'extra' content paraphrases an idea already credited under another requirement","introduces a DISTINCT extra on-topic point — not a rephrasing or repeat of any other requirement — within the question's subject, with no further detail","introduces a distinct extra on-topic point AND develops it meaningfully (a real reason, cause, or effect — not just length)",introduces a distinct extra on-topic point AND develops it AND supports it with a concrete specific that genuinely advances the argument,pending,
W-C1-8,c1,article,,150,500,,,,,,,,,,,,,,,,,Additional on-topic development,"no semantically distinct extra on-topic point, OR the 'extra' content paraphrases an idea already credited under another requirement","introduces a DISTINCT extra on-topic point — not a rephrasing or repeat of any other requirement — within the question's subject, with no further detail","introduces a distinct extra on-topic point AND develops it meaningfully (a real reason, cause, or effect — not just length)",introduces a distinct extra on-topic point AND develops it AND supports it with a concrete specific that genuinely advances the argument,pending,
W-C1-9,c1,essay,,150,500,,,,,,,,,,,,,,,,,Additional on-topic development,"no semantically distinct extra on-topic point, OR the 'extra' content paraphrases an idea already credited under another requirement","introduces a DISTINCT extra on-topic point — not a rephrasing or repeat of any other requirement — within the question's subject, with no further detail","introduces a distinct extra on-topic point AND develops it meaningfully (a real reason, cause, or effect — not just length)",introduces a distinct extra on-topic point AND develops it AND supports it with a concrete specific that genuinely advances the argument,pending,
W-C1-10,c1,report,,150,500,,,,,,,,,,,,,,,,,Additional on-topic development,"no semantically distinct extra on-topic point, OR the 'extra' content paraphrases an idea already credited under another requirement","introduces a DISTINCT extra on-topic point — not a rephrasing or repeat of any other requirement — within the question's subject, with no further detail","introduces a distinct extra on-topic point AND develops it meaningfully (a real reason, cause, or effect — not just length)",introduces a distinct extra on-topic point AND develops it AND supports it with a concrete specific that genuinely advances the argument,pending,
W-C1-11,c1,report,,150,500,,,,,,,,,,,,,,,,,Additional on-topic development,"no semantically distinct extra on-topic point, OR the 'extra' content paraphrases an idea already credited under another requirement","introduces a DISTINCT extra on-topic point — not a rephrasing or repeat of any other requirement — within the question's subject, with no further detail","introduces a distinct extra on-topic point AND develops it meaningfully (a real reason, cause, or effect — not just length)",introduces a distinct extra on-topic point AND develops it AND supports it with a concrete specific that genuinely advances the argument,pending,
W-C1-12,c1,report,,150,500,,,,,,,,,,,,,,,,,Additional on-topic development,"no semantically distinct extra on-topic point, OR the 'extra' content paraphrases an idea already credited under another requirement","introduces a DISTINCT extra on-topic point — not a rephrasing or repeat of any other requirement — within the question's subject, with no further detail","introduces a distinct extra on-topic point AND develops it meaningfully (a real reason, cause, or effect — not just length)",introduces a distinct extra on-topic point AND develops it AND supports it with a concrete specific that genuinely advances the argument,pending,
W-C1-13,c1,report,,150,500,,,,,,,,,,,,,,,,,Additional on-topic development,"no semantically distinct extra on-topic point, OR the 'extra' content paraphrases an idea already credited under another requirement","introduces a DISTINCT extra on-topic point — not a rephrasing or repeat of any other requirement — within the question's subject, with no further detail","introduces a distinct extra on-topic point AND develops it meaningfully (a real reason, cause, or effect — not just length)",introduces a distinct extra on-topic point AND develops it AND supports it with a concrete specific that genuinely advances the argument,pending,
W-C1-14,c1,essay,,150,500,,,,,,,,,,,,,,,,,Additional on-topic development,"no semantically distinct extra on-topic point, OR the 'extra' content paraphrases an idea already credited under another requirement","introduces a DISTINCT extra on-topic point — not a rephrasing or repeat of any other requirement — within the question's subject, with no further detail","introduces a distinct extra on-topic point AND develops it meaningfully (a real reason, cause, or effect — not just length)",introduces a distinct extra on-topic point AND develops it AND supports it with a concrete specific that genuinely advances the argument,pending,
W-C1-15,c1,essay,,150,500,,,,,,,,,,,,,,,,,Additional on-topic development,"no semantically distinct extra on-topic point, OR the 'extra' content paraphrases an idea already credited under another requirement","introduces a DISTINCT extra on-topic point — not a rephrasing or repeat of any other requirement — within the question's subject, with no further detail","introduces a distinct extra on-topic point AND develops it meaningfully (a real reason, cause, or effect — not just length)",introduces a distinct extra on-topic point AND develops it AND supports it with a concrete specific that genuinely advances the argument,pending,
W-C1-16,c1,long answer,,150,500,,,,,,,,,,,,,,,,,Additional on-topic development,"no semantically distinct extra on-topic point, OR the 'extra' content paraphrases an idea already credited under another requirement","introduces a DISTINCT extra on-topic point — not a rephrasing or repeat of any other requirement — within the question's subject, with no further detail","introduces a distinct extra on-topic point AND develops it meaningfully (a real reason, cause, or effect — not just length)",introduces a distinct extra on-topic point AND develops it AND supports it with a concrete specific that genuinely advances the argument,pending,
W-C2-20260324071428,c2,letter/email,global challenges (accessible),150,500,,,,,,,,,,,,,,,,,Additional on-topic development,"no semantically distinct extra on-topic point, OR the 'extra' content paraphrases an idea already credited under another requirement","introduces a DISTINCT extra on-topic point — not a rephrasing or repeat of any other requirement — within the question's subject, with no further detail","introduces a distinct extra on-topic point AND develops it meaningfully (a real reason, cause, or effect — not just length)",introduces a distinct extra on-topic point AND develops it AND supports it with a concrete specific that genuinely advances the argument,pending,
W-B1-20260414131142,b1,summary,self and identity,50,300,,,,,,,,,,,,,,,,,Additional on-topic development,"no semantically distinct extra on-topic point, OR the 'extra' content paraphrases an idea already credited under another requirement","introduces a DISTINCT extra on-topic point — not a rephrasing or repeat of any other requirement — within the question's subject, with no further detail","introduces a distinct extra on-topic point AND develops it meaningfully (a real reason, cause, or effect — not just length)",introduces a distinct extra on-topic point AND develops it AND supports it with a concrete specific that genuinely advances the argument,pending,
W-B2-20260420061805,b2,essay,general,50,250,"Children from different financial backgrounds may face varying challenges in adulthood.

Write an essay discussing whether children from less wealthy families are better prepared for adult life than those from wealthy families.

- Think about the challenges faced by children from wealthy and less wealthy families
- Consider how a family's financial background can influence a child's problem-solving skills
- Include a personal example that illustrates the impact of financial background",Comparison of challenges faced by wealthy and less wealthy children,absent,"mentions that wealthy and less wealthy children face different challenges without further detail (e.g., 'wealthy and less wealthy children have different challenges').","describes a specific challenge for each group with a reason or explanation (e.g., 'wealthy children may struggle with entitlement, while less wealthy children might face resource scarcity'). (scores 2, not 3 — provides reasons but lacks concrete specifics for each challenge).","all of 2 AND provides TWO concrete specifics that materially develop the comparison (e.g., 'wealthy children might have access to private tutors but feel isolated, while less wealthy children might excel in public schools due to strong community support'). Generic statements like 'they have different lives' do NOT count.",How financial background influences problem-solving skills,absent,"states that financial background affects problem-solving skills without further detail (e.g., 'financial background influences problem-solving skills').","explains how financial background affects problem-solving skills with a reason (e.g., 'children from less wealthy backgrounds may develop better problem-solving skills because they often have to find creative solutions to financial constraints'). (scores 2, not 3 — provides a reason but lacks a concrete specific example).","all of 2 AND includes a concrete specific that materially advances the argument (e.g., 'a child from a less wealthy family might learn to fix broken toys themselves, while a wealthy child might simply replace them'). Vague statements like 'they learn differently' do NOT count.",Personal example illustrating financial background impact,absent,"mentions a personal example related to financial background without further detail (e.g., 'my financial background affected me').","provides a personal example with a reason or explanation (e.g., 'growing up in a less wealthy family taught me to be resourceful because we had to make do with what we had'). (scores 2, not 3 — gives a reason but lacks a concrete specific detail).","all of 2 AND includes a concrete specific that materially develops the example (e.g., 'I learned to sew my own clothes because we couldn't afford new ones, which taught me valuable problem-solving skills'). General statements like 'I learned a lot' do NOT count.",Additional on-topic development,"no semantically distinct extra on-topic point, OR the 'extra' content paraphrases an idea already credited under another requirement","introduces a DISTINCT extra on-topic point — not a rephrasing or repeat of any other requirement — within the question's subject, with no further detail","introduces a distinct extra on-topic point AND develops it meaningfully (a real reason, cause, or effect — not just length)",introduces a distinct extra on-topic point AND develops it AND supports it with a concrete specific that genuinely advances the argument,auto-generated,
W-B2-20260420061915,b2,essay,general,100,400,"International tourism has both benefits and drawbacks for local communities and the environment.

Write an essay discussing whether the disadvantages of international tourism outweigh its advantages.

- Consider the advantages of international tourism for local economies
- Think about the negative impacts of tourism on local inhabitants
- Include the environmental consequences of increased tourism",Advantages of international tourism for local economies,absent,"mentions that international tourism benefits local economies without further detail (e.g., 'Tourism helps local economies').","states a benefit of tourism for local economies AND provides a reason or explanation (e.g., 'Tourism boosts local economies by increasing demand for local goods and services'). (scores 2, not 3 — provides a reason but lacks a concrete specific such as a type of business or service that benefits).","all of 2 AND includes TWO concrete specifics that materially develop the point (e.g., 'Tourism boosts local economies by increasing demand for local goods and services, such as local crafts and guided tours, which creates jobs and supports small businesses'). Generic statements like 'it helps many people' do NOT count.",Negative impacts of tourism on local inhabitants,absent,"mentions that tourism negatively impacts local inhabitants without further detail (e.g., 'Tourism can harm local people').","describes a negative impact of tourism on local inhabitants AND provides a reason or explanation (e.g., 'Tourism can lead to overcrowding, making daily life difficult for locals'). (scores 2, not 3 — provides a reason but lacks a concrete specific such as a particular area or aspect of life affected).","all of 2 AND includes TWO concrete specifics that materially develop the point (e.g., 'Tourism can lead to overcrowding, making daily life difficult for locals, such as increased traffic congestion and higher living costs in popular tourist areas'). Vague phrases like 'it causes problems' do NOT count.",Environmental consequences of increased tourism,absent,"mentions that tourism has environmental consequences without further detail (e.g., 'Tourism affects the environment').","describes an environmental consequence of tourism AND provides a reason or explanation (e.g., 'Tourism can lead to environmental degradation due to increased waste and pollution'). (scores 2, not 3 — provides a reason but lacks a concrete specific such as a specific location or type of pollution).","all of 2 AND includes TWO concrete specifics that materially develop the point (e.g., 'Tourism can lead to environmental degradation due to increased waste and pollution, such as plastic waste on beaches and air pollution from increased vehicle traffic'). General statements like 'it harms nature' do NOT count.",Additional on-topic development,"no semantically distinct extra on-topic point, OR the 'extra' content paraphrases an idea already credited under another requirement","introduces a DISTINCT extra on-topic point — not a rephrasing or repeat of any other requirement — within the question's subject, with no further detail","introduces a distinct extra on-topic point AND develops it meaningfully (a real reason, cause, or effect — not just length)",introduces a distinct extra on-topic point AND develops it AND supports it with a concrete specific that genuinely advances the argument,auto-generated,
W-B2-20260421071523,b2,paragraph,general,100,400,"Share some personal information about yourself.

Write a paragraph about your background and interests.

- Include details about your personal background
- Describe your hobbies and interests
- Explain your reasons for wanting to join ES Dubai",Details about your personal background,absent,"mentions basic personal details such as name, age, or nationality without further elaboration (e.g., 'I am 25 years old').","provides personal details AND a reason or context for sharing them (e.g., 'I am 25 years old and have been working as a teacher for three years because I love helping students learn'). (scores 2, not 3 — provides context but lacks a concrete specific like a personal anecdote or detailed example).","all of 2 AND includes a concrete specific that materially develops the background (e.g., 'I am 25 years old and have been working as a teacher for three years. Last year, I received an award for innovative teaching methods, which motivated me to pursue further studies in education'). Generic statements like 'I have a good job' do NOT count.",Description of your hobbies and interests,absent,"mentions a hobby or interest without further detail (e.g., 'I like reading').","mentions a hobby or interest AND provides a reason or context (e.g., 'I like reading because it helps me relax after a long day'). (scores 2, not 3 — provides a reason but lacks a concrete specific like a particular book or author).","all of 2 AND includes a concrete specific that materially develops the interest (e.g., 'I like reading because it helps me relax after a long day. Recently, I finished 'The Great Gatsby', which gave me a new perspective on the American Dream'). Vague statements like 'I read a lot' do NOT count.",Reasons for wanting to join ES Dubai,absent,"states a desire to join ES Dubai without further explanation (e.g., 'I want to join ES Dubai').","states a desire to join ES Dubai AND provides a reason or context (e.g., 'I want to join ES Dubai because it offers excellent language programs'). (scores 2, not 3 — provides a reason but lacks a concrete specific like a personal goal or detailed example).","all of 2 AND includes a concrete specific that materially develops the reason (e.g., 'I want to join ES Dubai because it offers excellent language programs. My goal is to improve my English skills to advance my career in international business, and ES Dubai's focus on practical language use aligns perfectly with this aim'). Generic statements like 'it is a good school' do NOT count.",Additional on-topic development,"no semantically distinct extra on-topic point, OR the 'extra' content paraphrases an idea already credited under another requirement","introduces a DISTINCT extra on-topic point — not a rephrasing or repeat of any other requirement — within the question's subject, with no further detail","introduces a distinct extra on-topic point AND develops it meaningfully (a real reason, cause, or effect — not just length)",introduces a distinct extra on-topic point AND develops it AND supports it with a concrete specific that genuinely advances the argument,auto-generated,
W-A1-50,a1,placement writing,"people, relationships, and family (a1)",50,150,,,,,,,,,,,,,,,,,Additional on-topic development,"no semantically distinct extra on-topic point, OR the 'extra' content paraphrases an idea already credited under another requirement","introduces a DISTINCT extra on-topic point — not a rephrasing or repeat of any other requirement — within the question's subject, with no further detail","introduces a distinct extra on-topic point AND develops it meaningfully (a real reason, cause, or effect — not just length)",introduces a distinct extra on-topic point AND develops it AND supports it with a concrete specific that genuinely advances the argument,pending,
W-A1-51,a1,placement writing,"countries, cities, towns, and public places (a1)",50,150,,,,,,,,,,,,,,,,,Additional on-topic development,"no semantically distinct extra on-topic point, OR the 'extra' content paraphrases an idea already credited under another requirement","introduces a DISTINCT extra on-topic point — not a rephrasing or repeat of any other requirement — within the question's subject, with no further detail","introduces a distinct extra on-topic point AND develops it meaningfully (a real reason, cause, or effect — not just length)",introduces a distinct extra on-topic point AND develops it AND supports it with a concrete specific that genuinely advances the argument,pending,
W-A2-50,a2,placement writing,"sports, hobbies, and interests (a2)",80,200,,,,,,,,,,,,,,,,,Additional on-topic development,"no semantically distinct extra on-topic point, OR the 'extra' content paraphrases an idea already credited under another requirement","introduces a DISTINCT extra on-topic point — not a rephrasing or repeat of any other requirement — within the question's subject, with no further detail","introduces a distinct extra on-topic point AND develops it meaningfully (a real reason, cause, or effect — not just length)",introduces a distinct extra on-topic point AND develops it AND supports it with a concrete specific that genuinely advances the argument,pending,
W-A2-51,a2,placement writing,"countries, cities, towns, and public places (a2)",80,200,,,,,,,,,,,,,,,,,Additional on-topic development,"no semantically distinct extra on-topic point, OR the 'extra' content paraphrases an idea already credited under another requirement","introduces a DISTINCT extra on-topic point — not a rephrasing or repeat of any other requirement — within the question's subject, with no further detail","introduces a distinct extra on-topic point AND develops it meaningfully (a real reason, cause, or effect — not just length)",introduces a distinct extra on-topic point AND develops it AND supports it with a concrete specific that genuinely advances the argument,pending,
W-B1-50,b1,placement writing,"education, study, and language (b1)",100,250,,,,,,,,,,,,,,,,,Additional on-topic development,"no semantically distinct extra on-topic point, OR the 'extra' content paraphrases an idea already credited under another requirement","introduces a DISTINCT extra on-topic point — not a rephrasing or repeat of any other requirement — within the question's subject, with no further detail","introduces a distinct extra on-topic point AND develops it meaningfully (a real reason, cause, or effect — not just length)",introduces a distinct extra on-topic point AND develops it AND supports it with a concrete specific that genuinely advances the argument,pending,
W-B1-51,b1,placement writing,body and health (b1),100,250,,,,,,,,,,,,,,,,,Additional on-topic development,"no semantically distinct extra on-topic point, OR the 'extra' content paraphrases an idea already credited under another requirement","introduces a DISTINCT extra on-topic point — not a rephrasing or repeat of any other requirement — within the question's subject, with no further detail","introduces a distinct extra on-topic point AND develops it meaningfully (a real reason, cause, or effect — not just length)",introduces a distinct extra on-topic point AND develops it AND supports it with a concrete specific that genuinely advances the argument,pending,
W-B2-50,b2,placement writing,workplace and jobs (b2),150,300,"Compare working or studying at home with working or studying in an office or school.

Write an essay discussing the differences between these two settings.

- Think about the main advantages of working or studying at home versus in an office or school
- Consider the main disadvantages of each setting
- Include which setting works better for most people and why",Main advantages of home versus office/school,absent,"states an advantage of home without further detail (e.g., 'working from home is more comfortable').","names an advantage of home AND provides a reason or explanation (e.g., 'working from home is more comfortable because you can set your own schedule'). (scores 2, not 3 — provides a reason but lacks a concrete specific like a personal anecdote or example).","all of 2 AND includes a concrete specific that materially develops the point (e.g., 'working from home is more comfortable because you can set your own schedule, such as starting work early to finish by afternoon, which allows more family time'). Generic statements like 'it's better for everyone' do NOT count.",Main disadvantages of home versus office/school,absent,"states a disadvantage of home without further detail (e.g., 'working from home can be isolating').","names a disadvantage of home AND provides a reason or explanation (e.g., 'working from home can be isolating because you miss out on social interactions with colleagues'). (scores 2, not 3 — provides a reason but lacks a concrete specific like a personal anecdote or example).","all of 2 AND includes a concrete specific that materially develops the point (e.g., 'working from home can be isolating because you miss out on social interactions, such as casual chats during coffee breaks that can lead to new ideas'). Vague statements like 'it's not good for everyone' do NOT count.",Which setting works better for most people and why,absent,"states a preference for home or office/school without further detail (e.g., 'home is better for most people').","states a preference AND provides a reason or explanation (e.g., 'home is better for most people because it offers more flexibility'). (scores 2, not 3 — provides a reason but lacks a concrete specific like a personal anecdote or example).","all of 2 AND includes a concrete specific that materially develops the point (e.g., 'home is better for most people because it offers more flexibility, such as allowing parents to manage childcare while working, which can reduce stress'). General statements like 'it's more convenient' do NOT count.",Additional on-topic development,"no semantically distinct extra on-topic point, OR the 'extra' content paraphrases an idea already credited under another requirement","introduces a DISTINCT extra on-topic point — not a rephrasing or repeat of any other requirement — within the question's subject, with no further detail","introduces a distinct extra on-topic point AND develops it meaningfully (a real reason, cause, or effect — not just length)",introduces a distinct extra on-topic point AND develops it AND supports it with a concrete specific that genuinely advances the argument,auto-generated,
W-B2-51,b2,placement writing,"countries, cities, towns, and public places (b2)",150,300,"Living in a big city is different from living in a small town or the countryside.

Write an essay comparing these living environments.

- Think about the main advantage of living in a big city
- Consider the main disadvantage of living in a small town
- Include which living environment is better for most people today and why",Main advantage of living in a big city,absent,"states an advantage of living in a big city without further detail (e.g., 'Living in a big city offers many opportunities').","names an advantage AND provides a reason or explanation (e.g., 'Living in a big city offers many job opportunities because there are numerous companies and industries located there'). (scores 2, not 3 — provides a reason but lacks a concrete specific such as a named company or industry).","all of 2 AND includes a concrete specific that materially develops the point (e.g., 'Living in a big city offers many job opportunities because there are numerous companies like Google and Amazon that provide diverse career paths'). Generic statements like 'many companies' do NOT count as concrete specifics.",Main disadvantage of living in a small town,absent,"states a disadvantage of living in a small town without further detail (e.g., 'Living in a small town can be isolating').","names a disadvantage AND provides a reason or explanation (e.g., 'Living in a small town can be isolating because there are fewer social activities and entertainment options'). (scores 2, not 3 — provides a reason but lacks a concrete specific such as a named activity or event).","all of 2 AND includes a concrete specific that materially develops the point (e.g., 'Living in a small town can be isolating because there are fewer social activities, such as concerts or theater performances, which are more common in larger cities'). Vague phrases like 'fewer activities' do NOT count as concrete specifics.",Which living environment is better and why,absent,"states a preference for a living environment without further detail (e.g., 'I think living in a big city is better').","states a preference AND provides a reason or explanation (e.g., 'I think living in a big city is better because it offers more career opportunities and cultural experiences'). (scores 2, not 3 — provides reasons but lacks a concrete specific such as a named cultural event or career opportunity).","all of 2 AND includes TWO concrete specifics that materially develop the argument (e.g., 'I think living in a big city is better because it offers more career opportunities, such as internships at major firms, and cultural experiences like attending international film festivals'). A single example without comparison or additional specifics does NOT count.",Additional on-topic development,"no semantically distinct extra on-topic point, OR the 'extra' content paraphrases an idea already credited under another requirement","introduces a DISTINCT extra on-topic point — not a rephrasing or repeat of any other requirement — within the question's subject, with no further detail","introduces a distinct extra on-topic point AND develops it meaningfully (a real reason, cause, or effect — not just length)",introduces a distinct extra on-topic point AND develops it AND supports it with a concrete specific that genuinely advances the argument,auto-generated,
W-C1-50,c1,placement writing,science and technology (c1),175,350,,,,,,,,,,,,,,,,,Additional on-topic development,"no semantically distinct extra on-topic point, OR the 'extra' content paraphrases an idea already credited under another requirement","introduces a DISTINCT extra on-topic point — not a rephrasing or repeat of any other requirement — within the question's subject, with no further detail","introduces a distinct extra on-topic point AND develops it meaningfully (a real reason, cause, or effect — not just length)",introduces a distinct extra on-topic point AND develops it AND supports it with a concrete specific that genuinely advances the argument,pending,
W-C1-51,c1,placement writing,politics and society (c1),175,350,,,,,,,,,,,,,,,,,Additional on-topic development,"no semantically distinct extra on-topic point, OR the 'extra' content paraphrases an idea already credited under another requirement","introduces a DISTINCT extra on-topic point — not a rephrasing or repeat of any other requirement — within the question's subject, with no further detail","introduces a distinct extra on-topic point AND develops it meaningfully (a real reason, cause, or effect — not just length)",introduces a distinct extra on-topic point AND develops it AND supports it with a concrete specific that genuinely advances the argument,pending,
W-A2-20260506055545,a2,paragraph,"countries, cities, towns, and public places (a2)",90,120,,,,,,,,,,,,,,,,,Additional on-topic development,"no semantically distinct extra on-topic point, OR the 'extra' content paraphrases an idea already credited under another requirement","introduces a DISTINCT extra on-topic point — not a rephrasing or repeat of any other requirement — within the question's subject, with no further detail","introduces a distinct extra on-topic point AND develops it meaningfully (a real reason, cause, or effect — not just length)",introduces a distinct extra on-topic point AND develops it AND supports it with a concrete specific that genuinely advances the argument,pending,
W-A1-20260506090636,a1,placement writing,"people, relationships, and family (a1)",40,60,,,,,,,,,,,,,,,,,Additional on-topic development,"no semantically distinct extra on-topic point, OR the 'extra' content paraphrases an idea already credited under another requirement","introduces a DISTINCT extra on-topic point — not a rephrasing or repeat of any other requirement — within the question's subject, with no further detail","introduces a distinct extra on-topic point AND develops it meaningfully (a real reason, cause, or effect — not just length)",introduces a distinct extra on-topic point AND develops it AND supports it with a concrete specific that genuinely advances the argument,pending,
W-A1-20260507090557,a1,paragraph,"countries, cities, towns, and public places (a1)",50,70,,,,,,,,,,,,,,,,,Additional on-topic development,"no semantically distinct extra on-topic point, OR the 'extra' content paraphrases an idea already credited under another requirement","introduces a DISTINCT extra on-topic point — not a rephrasing or repeat of any other requirement — within the question's subject, with no further detail","introduces a distinct extra on-topic point AND develops it meaningfully (a real reason, cause, or effect — not just length)",introduces a distinct extra on-topic point AND develops it AND supports it with a concrete specific that genuinely advances the argument,pending,
W-A2-20260507113209,a2,simple email writing,"sports, hobbies, and interests (a2)",80,100,,,,,,,,,,,,,,,,,Additional on-topic development,"no semantically distinct extra on-topic point, OR the 'extra' content paraphrases an idea already credited under another requirement","introduces a DISTINCT extra on-topic point — not a rephrasing or repeat of any other requirement — within the question's subject, with no further detail","introduces a distinct extra on-topic point AND develops it meaningfully (a real reason, cause, or effect — not just length)",introduces a distinct extra on-topic point AND develops it AND supports it with a concrete specific that genuinely advances the argument,pending,
W-B1-20260507120319,b1,essay,body and health (b1),50,300,,,,,,,,,,,,,,,,,Additional on-topic development,"no semantically distinct extra on-topic point, OR the 'extra' content paraphrases an idea already credited under another requirement","introduces a DISTINCT extra on-topic point — not a rephrasing or repeat of any other requirement — within the question's subject, with no further detail","introduces a distinct extra on-topic point AND develops it meaningfully (a real reason, cause, or effect — not just length)",introduces a distinct extra on-topic point AND develops it AND supports it with a concrete specific that genuinely advances the argument,pending,
W-A1-20260401080639,a1,paragraph,"sports, hobbies, and interests (a1)",20,150,,,,,,,,,,,,,,,,,Additional on-topic development,"no semantically distinct extra on-topic point, OR the 'extra' content paraphrases an idea already credited under another requirement","introduces a DISTINCT extra on-topic point — not a rephrasing or repeat of any other requirement — within the question's subject, with no further detail","introduces a distinct extra on-topic point AND develops it meaningfully (a real reason, cause, or effect — not just length)",introduces a distinct extra on-topic point AND develops it AND supports it with a concrete specific that genuinely advances the argument,pending,
W-A1-20260401080754,a1,paragraph,"house, home, and daily life (a1)",25,150,,,,,,,,,,,,,,,,,Additional on-topic development,"no semantically distinct extra on-topic point, OR the 'extra' content paraphrases an idea already credited under another requirement","introduces a DISTINCT extra on-topic point — not a rephrasing or repeat of any other requirement — within the question's subject, with no further detail","introduces a distinct extra on-topic point AND develops it meaningfully (a real reason, cause, or effect — not just length)",introduces a distinct extra on-topic point AND develops it AND supports it with a concrete specific that genuinely advances the argument,pending,
W-A2-20260401081154,a2,paragraph,"sports, hobbies, and interests (a2)",25,250,,,,,,,,,,,,,,,,,Additional on-topic development,"no semantically distinct extra on-topic point, OR the 'extra' content paraphrases an idea already credited under another requirement","introduces a DISTINCT extra on-topic point — not a rephrasing or repeat of any other requirement — within the question's subject, with no further detail","introduces a distinct extra on-topic point AND develops it meaningfully (a real reason, cause, or effect — not just length)",introduces a distinct extra on-topic point AND develops it AND supports it with a concrete specific that genuinely advances the argument,pending,
W-A2-20260401081256,a2,paragraph,"sports, hobbies, and interests (a2)",25,250,,,,,,,,,,,,,,,,,Additional on-topic development,"no semantically distinct extra on-topic point, OR the 'extra' content paraphrases an idea already credited under another requirement","introduces a DISTINCT extra on-topic point — not a rephrasing or repeat of any other requirement — within the question's subject, with no further detail","introduces a distinct extra on-topic point AND develops it meaningfully (a real reason, cause, or effect — not just length)",introduces a distinct extra on-topic point AND develops it AND supports it with a concrete specific that genuinely advances the argument,pending,
W-A2-20260401081426,a2,paragraph,"sports, hobbies, and interests (a2)",25,250,,,,,,,,,,,,,,,,,Additional on-topic development,"no semantically distinct extra on-topic point, OR the 'extra' content paraphrases an idea already credited under another requirement","introduces a DISTINCT extra on-topic point — not a rephrasing or repeat of any other requirement — within the question's subject, with no further detail","introduces a distinct extra on-topic point AND develops it meaningfully (a real reason, cause, or effect — not just length)",introduces a distinct extra on-topic point AND develops it AND supports it with a concrete specific that genuinely advances the argument,pending,
W-B1-20260401081828,b1,essay,workplace and jobs (b1),25,300,,,,,,,,,,,,,,,,,Additional on-topic development,"no semantically distinct extra on-topic point, OR the 'extra' content paraphrases an idea already credited under another requirement","introduces a DISTINCT extra on-topic point — not a rephrasing or repeat of any other requirement — within the question's subject, with no further detail","introduces a distinct extra on-topic point AND develops it meaningfully (a real reason, cause, or effect — not just length)",introduces a distinct extra on-topic point AND develops it AND supports it with a concrete specific that genuinely advances the argument,pending,
W-B1-20260401081932,b1,essay,natural world and environment (b1),25,300,,,,,,,,,,,,,,,,,Additional on-topic development,"no semantically distinct extra on-topic point, OR the 'extra' content paraphrases an idea already credited under another requirement","introduces a DISTINCT extra on-topic point — not a rephrasing or repeat of any other requirement — within the question's subject, with no further detail","introduces a distinct extra on-topic point AND develops it meaningfully (a real reason, cause, or effect — not just length)",introduces a distinct extra on-topic point AND develops it AND supports it with a concrete specific that genuinely advances the argument,pending,
W-B1-20260401082034,b1,essay,science and technology (b1),25,300,,,,,,,,,,,,,,,,,Additional on-topic development,"no semantically distinct extra on-topic point, OR the 'extra' content paraphrases an idea already credited under another requirement","introduces a DISTINCT extra on-topic point — not a rephrasing or repeat of any other requirement — within the question's subject, with no further detail","introduces a distinct extra on-topic point AND develops it meaningfully (a real reason, cause, or effect — not just length)",introduces a distinct extra on-topic point AND develops it AND supports it with a concrete specific that genuinely advances the argument,pending,
W-B1-20260401082137,b1,essay,"shopping, money, and personal finance (b1)",25,300,,,,,,,,,,,,,,,,,Additional on-topic development,"no semantically distinct extra on-topic point, OR the 'extra' content paraphrases an idea already credited under another requirement","introduces a DISTINCT extra on-topic point — not a rephrasing or repeat of any other requirement — within the question's subject, with no further detail","introduces a distinct extra on-topic point AND develops it meaningfully (a real reason, cause, or effect — not just length)",introduces a distinct extra on-topic point AND develops it AND supports it with a concrete specific that genuinely advances the argument,pending,
W-B1-20260401082235,b1,essay,"holidays, travel, and transportation (b1)",25,900,,,,,,,,,,,,,,,,,Additional on-topic development,"no semantically distinct extra on-topic point, OR the 'extra' content paraphrases an idea already credited under another requirement","introduces a DISTINCT extra on-topic point — not a rephrasing or repeat of any other requirement — within the question's subject, with no further detail","introduces a distinct extra on-topic point AND develops it meaningfully (a real reason, cause, or effect — not just length)",introduces a distinct extra on-topic point AND develops it AND supports it with a concrete specific that genuinely advances the argument,pending,
W-B1-20260401082337,b1,essay,science and technology (b1),25,300,,,,,,,,,,,,,,,,,Additional on-topic development,"no semantically distinct extra on-topic point, OR the 'extra' content paraphrases an idea already credited under another requirement","introduces a DISTINCT extra on-topic point — not a rephrasing or repeat of any other requirement — within the question's subject, with no further detail","introduces a distinct extra on-topic point AND develops it meaningfully (a real reason, cause, or effect — not just length)",introduces a distinct extra on-topic point AND develops it AND supports it with a concrete specific that genuinely advances the argument,pending,
W-B2-20260401083650,b2,essay,"shopping, money, and personal finance (b2)",50,400,"The fashion industry produces more clothing than ever before, leading to significant waste.

Write an essay discussing the environmental impact of fast fashion.

- Consider the environmental effects of fast fashion production
- Think about the impact of fast fashion on workers
- Include a personal example of sustainable shopping choices",Environmental effects of fast fashion production,absent,"mentions the environmental impact of fast fashion without further detail (e.g., 'Fast fashion harms the environment').","describes how fast fashion affects the environment with a reason or cause (e.g., 'Fast fashion contributes to pollution because factories release harmful chemicals into rivers'). (scores 2, not 3 — provides a reason but lacks a concrete specific like a location or a specific type of pollution).","all of 2 AND includes a concrete specific that materially develops the point (e.g., 'Fast fashion contributes to pollution because factories in countries like Bangladesh release harmful chemicals into rivers, affecting local water supplies'). General statements like 'it causes pollution' do NOT count.",Impact of fast fashion on workers,absent,"mentions the impact of fast fashion on workers without further detail (e.g., 'Fast fashion affects workers').","describes how fast fashion impacts workers with a reason or cause (e.g., 'Fast fashion leads to poor working conditions because companies prioritize low costs over safety'). (scores 2, not 3 — provides a reason but lacks a concrete specific like a specific incident or location).","all of 2 AND includes a concrete specific that materially develops the point (e.g., 'Fast fashion leads to poor working conditions, such as in factories in Dhaka where workers face long hours and unsafe environments'). Vague statements like 'bad conditions' do NOT count.",Personal example of sustainable shopping choices,absent,"mentions a personal sustainable shopping choice without further detail (e.g., 'I shop sustainably').","describes a personal sustainable shopping choice with a reason or cause (e.g., 'I choose to buy second-hand clothes because it reduces waste'). (scores 2, not 3 — provides a reason but lacks a concrete specific like a particular item or store).","all of 2 AND includes a concrete specific that materially develops the point (e.g., 'I choose to buy second-hand clothes from local thrift stores like Goodwill, which helps reduce waste and supports community initiatives'). General statements like 'I buy eco-friendly products' do NOT count.",Additional on-topic development,"no semantically distinct extra on-topic point, OR the 'extra' content paraphrases an idea already credited under another requirement","introduces a DISTINCT extra on-topic point — not a rephrasing or repeat of any other requirement — within the question's subject, with no further detail","introduces a distinct extra on-topic point AND develops it meaningfully (a real reason, cause, or effect — not just length)",introduces a distinct extra on-topic point AND develops it AND supports it with a concrete specific that genuinely advances the argument,auto-generated,
W-B2-20260401083820,b2,essay,"people, relationships, and family (b2)",50,500,"Celebrities have a significant impact on people's lives today.

Write an essay discussing the positive and negative influence of celebrity culture on society.

- Consider how celebrities influence people's values
- Think about the positive and negative effects on lifestyle choices
- Include examples of celebrity impact on self-image",How celebrities influence people's values,absent,"mentions that celebrities influence people's values without further detail (e.g., 'celebrities shape our values').","states how celebrities influence values and provides a reason or explanation (e.g., 'celebrities influence values by promoting certain lifestyles that people admire'). (scores 2, not 3 — explains the influence but lacks a concrete example of a value change).","all of 2 AND includes a concrete specific that materially develops the point (e.g., 'celebrities like Emma Watson promote gender equality, which influences young people to support feminist causes'). General statements like 'celebrities make people want to be like them' do NOT count.",Positive and negative effects on lifestyle choices,absent,"mentions that celebrities affect lifestyle choices without further detail (e.g., 'celebrities impact our lifestyle choices').","describes a positive or negative effect on lifestyle choices with a reason or explanation (e.g., 'celebrities can encourage healthy living by sharing their fitness routines'). (scores 2, not 3 — provides an effect and reason but lacks a concrete example of a lifestyle change).","all of 2 AND includes a concrete specific that materially develops the point (e.g., 'celebrities like Chris Hemsworth inspire people to adopt fitness regimes, leading to increased gym memberships'). Vague statements like 'celebrities make people want to be fit' do NOT count.",Examples of celebrity impact on self-image,absent,"mentions that celebrities impact self-image without further detail (e.g., 'celebrities affect how we see ourselves').","explains how celebrities impact self-image with a reason or explanation (e.g., 'celebrities can affect self-image by setting beauty standards that people try to emulate'). (scores 2, not 3 — explains the impact but lacks a concrete example of self-image change).","all of 2 AND includes a concrete specific that materially develops the point (e.g., 'celebrities like Kim Kardashian influence self-image by popularizing certain body types, leading many to pursue cosmetic surgery'). General statements like 'celebrities make people want to look like them' do NOT count.",Additional on-topic development,"no semantically distinct extra on-topic point, OR the 'extra' content paraphrases an idea already credited under another requirement","introduces a DISTINCT extra on-topic point — not a rephrasing or repeat of any other requirement — within the question's subject, with no further detail","introduces a distinct extra on-topic point AND develops it meaningfully (a real reason, cause, or effect — not just length)",introduces a distinct extra on-topic point AND develops it AND supports it with a concrete specific that genuinely advances the argument,auto-generated,
W-B2-20260401083916,b2,essay,"education, study, and language (b2)",50,400,"More young people are choosing to go to university, but its value is often questioned.

Write an essay discussing the value of higher education in today's world.

- Consider the benefits of a university education beyond just getting a job
- Think about the financial costs and whether there are other paths to success
- Use examples from your own experience or people you know",Benefits of university beyond job prospects,absent,"mentions benefits of university education beyond job prospects without further detail (e.g., 'University offers more than just job opportunities').","names a benefit beyond job prospects AND provides a reason or explanation (e.g., 'University education broadens one's perspective by exposing students to diverse cultures'). (scores 2, not 3 — provides a reason but lacks a concrete specific such as a personal experience or detailed example).","all of 2 AND includes a concrete specific that materially develops the point (e.g., 'At university, I joined an international student club where I learned about different cultures, which broadened my understanding of global issues'). Generic statements like 'it helps in many ways' do NOT count as concrete specifics.",Financial costs versus alternative success paths,absent,"mentions financial costs of university or alternative success paths without further detail (e.g., 'University is expensive, but there are other ways to succeed').","compares financial costs of university with alternative paths AND provides a reason or explanation (e.g., 'While university is costly, starting a business can be a cheaper path to success because it allows for immediate income generation'). (scores 2, not 3 — provides a comparison but lacks a concrete specific such as a detailed example or personal anecdote).","all of 2 AND includes TWO concrete specifics that materially develop the comparison (e.g., 'My cousin chose to start a tech company instead of attending university, and within two years, he was earning more than many graduates; meanwhile, my friend who went to university is still paying off student loans'). Vague comparisons like 'some people succeed without university' do NOT count as concrete specifics.",Personal example illustrating higher education value,absent,"mentions a personal example related to the value of higher education without further detail (e.g., 'I have seen the value of higher education in my life').","provides a personal example AND explains how it illustrates the value of higher education (e.g., 'Attending university taught me critical thinking skills, which helped me solve complex problems at work'). (scores 2, not 3 — provides an example and explanation but lacks a concrete specific such as a detailed scenario or outcome).","all of 2 AND includes a concrete specific that materially advances the example (e.g., 'During my university years, I completed a research project on renewable energy, which led to a job offer from a leading environmental firm'). General statements like 'it was beneficial' do NOT count as concrete specifics.",Additional on-topic development,"no semantically distinct extra on-topic point, OR the 'extra' content paraphrases an idea already credited under another requirement","introduces a DISTINCT extra on-topic point — not a rephrasing or repeat of any other requirement — within the question's subject, with no further detail","introduces a distinct extra on-topic point AND develops it meaningfully (a real reason, cause, or effect — not just length)",introduces a distinct extra on-topic point AND develops it AND supports it with a concrete specific that genuinely advances the argument,auto-generated,
W-B2-20260401084009,b2,essay,"house, home, and daily life (b2)",50,400,"People have different opinions about living in a city versus the countryside.

Write an essay discussing the advantages and disadvantages of urban and rural living.

- Consider the opportunities available in urban and rural areas
- Think about the cost of living differences between the city and the countryside
- Include a personal example of your lifestyle preference",Comparison of opportunities in urban and rural areas,absent,"mentions opportunities in urban or rural areas without further detail (e.g., 'cities have more job opportunities').","compares opportunities in urban and rural areas with a reason or explanation (e.g., 'cities offer more job opportunities because they have more businesses, while rural areas may offer fewer but more community-focused roles'). (scores 2, not 3 — provides a comparison and reason but lacks a concrete specific example).","all of 2 AND includes TWO concrete specifics that materially develop the comparison (e.g., 'in cities like New York, there are numerous tech startups offering diverse roles, whereas in rural areas like Vermont, opportunities might focus on agriculture and local crafts'). Generic statements like 'cities have more jobs' do NOT count.",Cost of living differences between city and countryside,absent,"mentions cost of living differences between city and countryside without further detail (e.g., 'living in the city is more expensive').","describes cost of living differences with a reason or explanation (e.g., 'living in the city is more expensive due to higher rent and transportation costs compared to the countryside'). (scores 2, not 3 — provides a reason but lacks a concrete specific example).","all of 2 AND includes TWO concrete specifics that materially develop the point (e.g., 'in cities like San Francisco, rent can be triple that of rural areas like Iowa, and daily expenses such as groceries and public transport are significantly higher'). Vague phrases like 'city life costs more' do NOT count.",Personal example of lifestyle preference,absent,"mentions a personal lifestyle preference without further detail (e.g., 'I prefer living in the countryside').","explains a personal lifestyle preference with a reason (e.g., 'I prefer living in the countryside because it is quieter and less stressful than the city'). (scores 2, not 3 — provides a reason but lacks a concrete specific example).","all of 2 AND includes a concrete specific that materially develops the preference (e.g., 'I prefer the countryside because, in my village, I can walk to the local market and know all the vendors by name, which creates a sense of community'). Generic statements like 'it's more peaceful' do NOT count.",Additional on-topic development,"no semantically distinct extra on-topic point, OR the 'extra' content paraphrases an idea already credited under another requirement","introduces a DISTINCT extra on-topic point — not a rephrasing or repeat of any other requirement — within the question's subject, with no further detail","introduces a distinct extra on-topic point AND develops it meaningfully (a real reason, cause, or effect — not just length)",introduces a distinct extra on-topic point AND develops it AND supports it with a concrete specific that genuinely advances the argument,auto-generated,
W-C1-20260401084917,c1,essay,"media, arts, literature, and entertainment (c1)",50,500,,,,,,,,,,,,,,,,,Additional on-topic development,"no semantically distinct extra on-topic point, OR the 'extra' content paraphrases an idea already credited under another requirement","introduces a DISTINCT extra on-topic point — not a rephrasing or repeat of any other requirement — within the question's subject, with no further detail","introduces a distinct extra on-topic point AND develops it meaningfully (a real reason, cause, or effect — not just length)",introduces a distinct extra on-topic point AND develops it AND supports it with a concrete specific that genuinely advances the argument,pending,
W-C1-20260401085011,c1,essay,"cultures, customs, religion, and traditions (c1)",50,500,,,,,,,,,,,,,,,,,Additional on-topic development,"no semantically distinct extra on-topic point, OR the 'extra' content paraphrases an idea already credited under another requirement","introduces a DISTINCT extra on-topic point — not a rephrasing or repeat of any other requirement — within the question's subject, with no further detail","introduces a distinct extra on-topic point AND develops it meaningfully (a real reason, cause, or effect — not just length)",introduces a distinct extra on-topic point AND develops it AND supports it with a concrete specific that genuinely advances the argument,pending,
W-C1-20260401085101,c1,essay,"holidays, travel, and transportation (c1)",50,500,,,,,,,,,,,,,,,,,Additional on-topic development,"no semantically distinct extra on-topic point, OR the 'extra' content paraphrases an idea already credited under another requirement","introduces a DISTINCT extra on-topic point — not a rephrasing or repeat of any other requirement — within the question's subject, with no further detail","introduces a distinct extra on-topic point AND develops it meaningfully (a real reason, cause, or effect — not just length)",introduces a distinct extra on-topic point AND develops it AND supports it with a concrete specific that genuinely advances the argument,pending,
W-C1-20260401085151,c1,essay,"people, relationships, and family (c1)",50,500,,,,,,,,,,,,,,,,,Additional on-topic development,"no semantically distinct extra on-topic point, OR the 'extra' content paraphrases an idea already credited under another requirement","introduces a DISTINCT extra on-topic point — not a rephrasing or repeat of any other requirement — within the question's subject, with no further detail","introduces a distinct extra on-topic point AND develops it meaningfully (a real reason, cause, or effect — not just length)",introduces a distinct extra on-topic point AND develops it AND supports it with a concrete specific that genuinely advances the argument,pending,
W-B1-20260401093728,b1,essay,"people, relationships, and family (b1)",50,300,,,,,,,,,,,,,,,,,Additional on-topic development,"no semantically distinct extra on-topic point, OR the 'extra' content paraphrases an idea already credited under another requirement","introduces a DISTINCT extra on-topic point — not a rephrasing or repeat of any other requirement — within the question's subject, with no further detail","introduces a distinct extra on-topic point AND develops it meaningfully (a real reason, cause, or effect — not just length)",introduces a distinct extra on-topic point AND develops it AND supports it with a concrete specific that genuinely advances the argument,pending,
W-B1-20260401093829,b1,essay,natural world and environment (b1),50,300,,,,,,,,,,,,,,,,,Additional on-topic development,"no semantically distinct extra on-topic point, OR the 'extra' content paraphrases an idea already credited under another requirement","introduces a DISTINCT extra on-topic point — not a rephrasing or repeat of any other requirement — within the question's subject, with no further detail","introduces a distinct extra on-topic point AND develops it meaningfully (a real reason, cause, or effect — not just length)",introduces a distinct extra on-topic point AND develops it AND supports it with a concrete specific that genuinely advances the argument,pending,
W-B1-20260401093929,b1,essay,"media, arts, literature, and entertainment (b1)",50,300,,,,,,,,,,,,,,,,,Additional on-topic development,"no semantically distinct extra on-topic point, OR the 'extra' content paraphrases an idea already credited under another requirement","introduces a DISTINCT extra on-topic point — not a rephrasing or repeat of any other requirement — within the question's subject, with no further detail","introduces a distinct extra on-topic point AND develops it meaningfully (a real reason, cause, or effect — not just length)",introduces a distinct extra on-topic point AND develops it AND supports it with a concrete specific that genuinely advances the argument,pending,
