ref_#,cefr_level,task_type,topic,word_count_min,word_count_max,question_prompt,requirement_1,req_1_score_0,req_1_score_1,req_1_score_2,req_1_score_3,requirement_2,req_2_score_0,req_2_score_1,req_2_score_2,req_2_score_3,requirement_3,req_3_score_0,req_3_score_1,req_3_score_2,req_3_score_3,requirement_4,req_4_score_0,req_4_score_1,req_4_score_2,req_4_score_3,status,notes
W-A1-1,b1,note,shopping and consumer activities,50,300,,,,,,,,,,,,,,,,,Additional on-topic development,"no semantically distinct extra on-topic point, OR the 'extra' content paraphrases an idea already credited under another requirement","introduces a DISTINCT extra on-topic point — not a rephrasing or repeat of any other requirement — within the question's subject, with no further detail","introduces a distinct extra on-topic point AND develops it meaningfully (a real reason, cause, or effect — not just length)",introduces a distinct extra on-topic point AND develops it AND supports it with a concrete specific that genuinely advances the argument,pending,
W-A1-2,a1,sentence level,,25,80,,,,,,,,,,,,,,,,,Additional on-topic development,"no semantically distinct extra on-topic point, OR the 'extra' content paraphrases an idea already credited under another requirement","introduces a DISTINCT extra on-topic point — not a rephrasing or repeat of any other requirement — within the question's subject, with no further detail","introduces a distinct extra on-topic point AND develops it meaningfully (a real reason, cause, or effect — not just length)",introduces a distinct extra on-topic point AND develops it AND supports it with a concrete specific that genuinely advances the argument,pending,
W-A1-3,a1,sentence level,,25,80,,,,,,,,,,,,,,,,,Additional on-topic development,"no semantically distinct extra on-topic point, OR the 'extra' content paraphrases an idea already credited under another requirement","introduces a DISTINCT extra on-topic point — not a rephrasing or repeat of any other requirement — within the question's subject, with no further detail","introduces a distinct extra on-topic point AND develops it meaningfully (a real reason, cause, or effect — not just length)",introduces a distinct extra on-topic point AND develops it AND supports it with a concrete specific that genuinely advances the argument,pending,
W-A1-4,a1,sentence level,,25,80,,,,,,,,,,,,,,,,,Additional on-topic development,"no semantically distinct extra on-topic point, OR the 'extra' content paraphrases an idea already credited under another requirement","introduces a DISTINCT extra on-topic point — not a rephrasing or repeat of any other requirement — within the question's subject, with no further detail","introduces a distinct extra on-topic point AND develops it meaningfully (a real reason, cause, or effect — not just length)",introduces a distinct extra on-topic point AND develops it AND supports it with a concrete specific that genuinely advances the argument,pending,
W-A1-5,a1,long answer,,25,80,,,,,,,,,,,,,,,,,Additional on-topic development,"no semantically distinct extra on-topic point, OR the 'extra' content paraphrases an idea already credited under another requirement","introduces a DISTINCT extra on-topic point — not a rephrasing or repeat of any other requirement — within the question's subject, with no further detail","introduces a distinct extra on-topic point AND develops it meaningfully (a real reason, cause, or effect — not just length)",introduces a distinct extra on-topic point AND develops it AND supports it with a concrete specific that genuinely advances the argument,pending,
W-A1-6,a1,note,,25,80,,,,,,,,,,,,,,,,,Additional on-topic development,"no semantically distinct extra on-topic point, OR the 'extra' content paraphrases an idea already credited under another requirement","introduces a DISTINCT extra on-topic point — not a rephrasing or repeat of any other requirement — within the question's subject, with no further detail","introduces a distinct extra on-topic point AND develops it meaningfully (a real reason, cause, or effect — not just length)",introduces a distinct extra on-topic point AND develops it AND supports it with a concrete specific that genuinely advances the argument,pending,
W-A1-7,a1,letter/email,,25,80,,,,,,,,,,,,,,,,,Additional on-topic development,"no semantically distinct extra on-topic point, OR the 'extra' content paraphrases an idea already credited under another requirement","introduces a DISTINCT extra on-topic point — not a rephrasing or repeat of any other requirement — within the question's subject, with no further detail","introduces a distinct extra on-topic point AND develops it meaningfully (a real reason, cause, or effect — not just length)",introduces a distinct extra on-topic point AND develops it AND supports it with a concrete specific that genuinely advances the argument,pending,
W-A1-8,a1,note,,25,80,,,,,,,,,,,,,,,,,Additional on-topic development,"no semantically distinct extra on-topic point, OR the 'extra' content paraphrases an idea already credited under another requirement","introduces a DISTINCT extra on-topic point — not a rephrasing or repeat of any other requirement — within the question's subject, with no further detail","introduces a distinct extra on-topic point AND develops it meaningfully (a real reason, cause, or effect — not just length)",introduces a distinct extra on-topic point AND develops it AND supports it with a concrete specific that genuinely advances the argument,pending,
W-A1-9,a1,note,,25,80,,,,,,,,,,,,,,,,,Additional on-topic development,"no semantically distinct extra on-topic point, OR the 'extra' content paraphrases an idea already credited under another requirement","introduces a DISTINCT extra on-topic point — not a rephrasing or repeat of any other requirement — within the question's subject, with no further detail","introduces a distinct extra on-topic point AND develops it meaningfully (a real reason, cause, or effect — not just length)",introduces a distinct extra on-topic point AND develops it AND supports it with a concrete specific that genuinely advances the argument,pending,
W-A1-10,a1,note,,25,80,,,,,,,,,,,,,,,,,Additional on-topic development,"no semantically distinct extra on-topic point, OR the 'extra' content paraphrases an idea already credited under another requirement","introduces a DISTINCT extra on-topic point — not a rephrasing or repeat of any other requirement — within the question's subject, with no further detail","introduces a distinct extra on-topic point AND develops it meaningfully (a real reason, cause, or effect — not just length)",introduces a distinct extra on-topic point AND develops it AND supports it with a concrete specific that genuinely advances the argument,pending,
W-A1-11,a1,simple note,self and identity,25,80,,,,,,,,,,,,,,,,,Additional on-topic development,"no semantically distinct extra on-topic point, OR the 'extra' content paraphrases an idea already credited under another requirement","introduces a DISTINCT extra on-topic point — not a rephrasing or repeat of any other requirement — within the question's subject, with no further detail","introduces a distinct extra on-topic point AND develops it meaningfully (a real reason, cause, or effect — not just length)",introduces a distinct extra on-topic point AND develops it AND supports it with a concrete specific that genuinely advances the argument,pending,
W-A2-1,a2,note,,40,120,,,,,,,,,,,,,,,,,Additional on-topic development,"no semantically distinct extra on-topic point, OR the 'extra' content paraphrases an idea already credited under another requirement","introduces a DISTINCT extra on-topic point — not a rephrasing or repeat of any other requirement — within the question's subject, with no further detail","introduces a distinct extra on-topic point AND develops it meaningfully (a real reason, cause, or effect — not just length)",introduces a distinct extra on-topic point AND develops it AND supports it with a concrete specific that genuinely advances the argument,pending,
W-A2-2,a2,paragraph,,40,120,,,,,,,,,,,,,,,,,Additional on-topic development,"no semantically distinct extra on-topic point, OR the 'extra' content paraphrases an idea already credited under another requirement","introduces a DISTINCT extra on-topic point — not a rephrasing or repeat of any other requirement — within the question's subject, with no further detail","introduces a distinct extra on-topic point AND develops it meaningfully (a real reason, cause, or effect — not just length)",introduces a distinct extra on-topic point AND develops it AND supports it with a concrete specific that genuinely advances the argument,pending,
W-A2-3,a2,note,,40,120,,,,,,,,,,,,,,,,,Additional on-topic development,"no semantically distinct extra on-topic point, OR the 'extra' content paraphrases an idea already credited under another requirement","introduces a DISTINCT extra on-topic point — not a rephrasing or repeat of any other requirement — within the question's subject, with no further detail","introduces a distinct extra on-topic point AND develops it meaningfully (a real reason, cause, or effect — not just length)",introduces a distinct extra on-topic point AND develops it AND supports it with a concrete specific that genuinely advances the argument,pending,
W-A2-4,a2,letter/email,,40,120,,,,,,,,,,,,,,,,,Additional on-topic development,"no semantically distinct extra on-topic point, OR the 'extra' content paraphrases an idea already credited under another requirement","introduces a DISTINCT extra on-topic point — not a rephrasing or repeat of any other requirement — within the question's subject, with no further detail","introduces a distinct extra on-topic point AND develops it meaningfully (a real reason, cause, or effect — not just length)",introduces a distinct extra on-topic point AND develops it AND supports it with a concrete specific that genuinely advances the argument,pending,
W-A2-5,a2,note,,40,120,,,,,,,,,,,,,,,,,Additional on-topic development,"no semantically distinct extra on-topic point, OR the 'extra' content paraphrases an idea already credited under another requirement","introduces a DISTINCT extra on-topic point — not a rephrasing or repeat of any other requirement — within the question's subject, with no further detail","introduces a distinct extra on-topic point AND develops it meaningfully (a real reason, cause, or effect — not just length)",introduces a distinct extra on-topic point AND develops it AND supports it with a concrete specific that genuinely advances the argument,pending,
W-A2-6,a2,letter/email,,40,120,,,,,,,,,,,,,,,,,Additional on-topic development,"no semantically distinct extra on-topic point, OR the 'extra' content paraphrases an idea already credited under another requirement","introduces a DISTINCT extra on-topic point — not a rephrasing or repeat of any other requirement — within the question's subject, with no further detail","introduces a distinct extra on-topic point AND develops it meaningfully (a real reason, cause, or effect — not just length)",introduces a distinct extra on-topic point AND develops it AND supports it with a concrete specific that genuinely advances the argument,pending,
W-A2-7,a2,paragraph,"countries, cities, towns, and public places (a2)",50,150,,,,,,,,,,,,,,,,,Additional on-topic development,"no semantically distinct extra on-topic point, OR the 'extra' content paraphrases an idea already credited under another requirement","introduces a DISTINCT extra on-topic point — not a rephrasing or repeat of any other requirement — within the question's subject, with no further detail","introduces a distinct extra on-topic point AND develops it meaningfully (a real reason, cause, or effect — not just length)",introduces a distinct extra on-topic point AND develops it AND supports it with a concrete specific that genuinely advances the argument,pending,
W-A2-8,a2,paragraph,,40,120,,,,,,,,,,,,,,,,,Additional on-topic development,"no semantically distinct extra on-topic point, OR the 'extra' content paraphrases an idea already credited under another requirement","introduces a DISTINCT extra on-topic point — not a rephrasing or repeat of any other requirement — within the question's subject, with no further detail","introduces a distinct extra on-topic point AND develops it meaningfully (a real reason, cause, or effect — not just length)",introduces a distinct extra on-topic point AND develops it AND supports it with a concrete specific that genuinely advances the argument,pending,
W-A2-9,a2,note,,40,120,,,,,,,,,,,,,,,,,Additional on-topic development,"no semantically distinct extra on-topic point, OR the 'extra' content paraphrases an idea already credited under another requirement","introduces a DISTINCT extra on-topic point — not a rephrasing or repeat of any other requirement — within the question's subject, with no further detail","introduces a distinct extra on-topic point AND develops it meaningfully (a real reason, cause, or effect — not just length)",introduces a distinct extra on-topic point AND develops it AND supports it with a concrete specific that genuinely advances the argument,pending,
W-A2-10,a2,letter/email,,40,120,,,,,,,,,,,,,,,,,Additional on-topic development,"no semantically distinct extra on-topic point, OR the 'extra' content paraphrases an idea already credited under another requirement","introduces a DISTINCT extra on-topic point — not a rephrasing or repeat of any other requirement — within the question's subject, with no further detail","introduces a distinct extra on-topic point AND develops it meaningfully (a real reason, cause, or effect — not just length)",introduces a distinct extra on-topic point AND develops it AND supports it with a concrete specific that genuinely advances the argument,pending,
W-A2-11,a2,note,,40,120,,,,,,,,,,,,,,,,,Additional on-topic development,"no semantically distinct extra on-topic point, OR the 'extra' content paraphrases an idea already credited under another requirement","introduces a DISTINCT extra on-topic point — not a rephrasing or repeat of any other requirement — within the question's subject, with no further detail","introduces a distinct extra on-topic point AND develops it meaningfully (a real reason, cause, or effect — not just length)",introduces a distinct extra on-topic point AND develops it AND supports it with a concrete specific that genuinely advances the argument,pending,
W-A2-12,a2,simple email writing,shopping and consumer activities,40,120,,,,,,,,,,,,,,,,,Additional on-topic development,"no semantically distinct extra on-topic point, OR the 'extra' content paraphrases an idea already credited under another requirement","introduces a DISTINCT extra on-topic point — not a rephrasing or repeat of any other requirement — within the question's subject, with no further detail","introduces a distinct extra on-topic point AND develops it meaningfully (a real reason, cause, or effect — not just length)",introduces a distinct extra on-topic point AND develops it AND supports it with a concrete specific that genuinely advances the argument,pending,
W-B1-1,b1,report,,50,300,,,,,,,,,,,,,,,,,Additional on-topic development,"no semantically distinct extra on-topic point, OR the 'extra' content paraphrases an idea already credited under another requirement","introduces a DISTINCT extra on-topic point — not a rephrasing or repeat of any other requirement — within the question's subject, with no further detail","introduces a distinct extra on-topic point AND develops it meaningfully (a real reason, cause, or effect — not just length)",introduces a distinct extra on-topic point AND develops it AND supports it with a concrete specific that genuinely advances the argument,pending,
W-B1-2,b1,letter/email,,50,300,,,,,,,,,,,,,,,,,Additional on-topic development,"no semantically distinct extra on-topic point, OR the 'extra' content paraphrases an idea already credited under another requirement","introduces a DISTINCT extra on-topic point — not a rephrasing or repeat of any other requirement — within the question's subject, with no further detail","introduces a distinct extra on-topic point AND develops it meaningfully (a real reason, cause, or effect — not just length)",introduces a distinct extra on-topic point AND develops it AND supports it with a concrete specific that genuinely advances the argument,pending,
W-B1-3,b1,article,,50,300,,,,,,,,,,,,,,,,,Additional on-topic development,"no semantically distinct extra on-topic point, OR the 'extra' content paraphrases an idea already credited under another requirement","introduces a DISTINCT extra on-topic point — not a rephrasing or repeat of any other requirement — within the question's subject, with no further detail","introduces a distinct extra on-topic point AND develops it meaningfully (a real reason, cause, or effect — not just length)",introduces a distinct extra on-topic point AND develops it AND supports it with a concrete specific that genuinely advances the argument,pending,
W-B1-4,b1,article,,50,300,,,,,,,,,,,,,,,,,Additional on-topic development,"no semantically distinct extra on-topic point, OR the 'extra' content paraphrases an idea already credited under another requirement","introduces a DISTINCT extra on-topic point — not a rephrasing or repeat of any other requirement — within the question's subject, with no further detail","introduces a distinct extra on-topic point AND develops it meaningfully (a real reason, cause, or effect — not just length)",introduces a distinct extra on-topic point AND develops it AND supports it with a concrete specific that genuinely advances the argument,pending,
W-B1-5,b1,essay,,50,300,,,,,,,,,,,,,,,,,Additional on-topic development,"no semantically distinct extra on-topic point, OR the 'extra' content paraphrases an idea already credited under another requirement","introduces a DISTINCT extra on-topic point — not a rephrasing or repeat of any other requirement — within the question's subject, with no further detail","introduces a distinct extra on-topic point AND develops it meaningfully (a real reason, cause, or effect — not just length)",introduces a distinct extra on-topic point AND develops it AND supports it with a concrete specific that genuinely advances the argument,pending,
W-B1-6,b1,report,,50,300,,,,,,,,,,,,,,,,,Additional on-topic development,"no semantically distinct extra on-topic point, OR the 'extra' content paraphrases an idea already credited under another requirement","introduces a DISTINCT extra on-topic point — not a rephrasing or repeat of any other requirement — within the question's subject, with no further detail","introduces a distinct extra on-topic point AND develops it meaningfully (a real reason, cause, or effect — not just length)",introduces a distinct extra on-topic point AND develops it AND supports it with a concrete specific that genuinely advances the argument,pending,
W-B1-7,b1,letter/email,,50,300,,,,,,,,,,,,,,,,,Additional on-topic development,"no semantically distinct extra on-topic point, OR the 'extra' content paraphrases an idea already credited under another requirement","introduces a DISTINCT extra on-topic point — not a rephrasing or repeat of any other requirement — within the question's subject, with no further detail","introduces a distinct extra on-topic point AND develops it meaningfully (a real reason, cause, or effect — not just length)",introduces a distinct extra on-topic point AND develops it AND supports it with a concrete specific that genuinely advances the argument,pending,
W-B1-8,b1,paragraph,,50,300,,,,,,,,,,,,,,,,,Additional on-topic development,"no semantically distinct extra on-topic point, OR the 'extra' content paraphrases an idea already credited under another requirement","introduces a DISTINCT extra on-topic point — not a rephrasing or repeat of any other requirement — within the question's subject, with no further detail","introduces a distinct extra on-topic point AND develops it meaningfully (a real reason, cause, or effect — not just length)",introduces a distinct extra on-topic point AND develops it AND supports it with a concrete specific that genuinely advances the argument,pending,
W-B1-9,b1,letter/email,,50,300,,,,,,,,,,,,,,,,,Additional on-topic development,"no semantically distinct extra on-topic point, OR the 'extra' content paraphrases an idea already credited under another requirement","introduces a DISTINCT extra on-topic point — not a rephrasing or repeat of any other requirement — within the question's subject, with no further detail","introduces a distinct extra on-topic point AND develops it meaningfully (a real reason, cause, or effect — not just length)",introduces a distinct extra on-topic point AND develops it AND supports it with a concrete specific that genuinely advances the argument,pending,
W-B1-10,b1,paragraph,,50,300,,,,,,,,,,,,,,,,,Additional on-topic development,"no semantically distinct extra on-topic point, OR the 'extra' content paraphrases an idea already credited under another requirement","introduces a DISTINCT extra on-topic point — not a rephrasing or repeat of any other requirement — within the question's subject, with no further detail","introduces a distinct extra on-topic point AND develops it meaningfully (a real reason, cause, or effect — not just length)",introduces a distinct extra on-topic point AND develops it AND supports it with a concrete specific that genuinely advances the argument,pending,
W-B1-11,b1,letter/email,,50,300,,,,,,,,,,,,,,,,,Additional on-topic development,"no semantically distinct extra on-topic point, OR the 'extra' content paraphrases an idea already credited under another requirement","introduces a DISTINCT extra on-topic point — not a rephrasing or repeat of any other requirement — within the question's subject, with no further detail","introduces a distinct extra on-topic point AND develops it meaningfully (a real reason, cause, or effect — not just length)",introduces a distinct extra on-topic point AND develops it AND supports it with a concrete specific that genuinely advances the argument,pending,
W-B1-12,b1,paragraph,,50,300,,,,,,,,,,,,,,,,,Additional on-topic development,"no semantically distinct extra on-topic point, OR the 'extra' content paraphrases an idea already credited under another requirement","introduces a DISTINCT extra on-topic point — not a rephrasing or repeat of any other requirement — within the question's subject, with no further detail","introduces a distinct extra on-topic point AND develops it meaningfully (a real reason, cause, or effect — not just length)",introduces a distinct extra on-topic point AND develops it AND supports it with a concrete specific that genuinely advances the argument,pending,
W-B1-13,b1,paragraph,,50,300,,,,,,,,,,,,,,,,,Additional on-topic development,"no semantically distinct extra on-topic point, OR the 'extra' content paraphrases an idea already credited under another requirement","introduces a DISTINCT extra on-topic point — not a rephrasing or repeat of any other requirement — within the question's subject, with no further detail","introduces a distinct extra on-topic point AND develops it meaningfully (a real reason, cause, or effect — not just length)",introduces a distinct extra on-topic point AND develops it AND supports it with a concrete specific that genuinely advances the argument,pending,
W-B1-14,b1,paragraph,,50,300,,,,,,,,,,,,,,,,,Additional on-topic development,"no semantically distinct extra on-topic point, OR the 'extra' content paraphrases an idea already credited under another requirement","introduces a DISTINCT extra on-topic point — not a rephrasing or repeat of any other requirement — within the question's subject, with no further detail","introduces a distinct extra on-topic point AND develops it meaningfully (a real reason, cause, or effect — not just length)",introduces a distinct extra on-topic point AND develops it AND supports it with a concrete specific that genuinely advances the argument,pending,
W-B1-15,b1,paragraph,,50,300,,,,,,,,,,,,,,,,,Additional on-topic development,"no semantically distinct extra on-topic point, OR the 'extra' content paraphrases an idea already credited under another requirement","introduces a DISTINCT extra on-topic point — not a rephrasing or repeat of any other requirement — within the question's subject, with no further detail","introduces a distinct extra on-topic point AND develops it meaningfully (a real reason, cause, or effect — not just length)",introduces a distinct extra on-topic point AND develops it AND supports it with a concrete specific that genuinely advances the argument,pending,
W-B1-16,b1,summary,,50,300,,,,,,,,,,,,,,,,,Additional on-topic development,"no semantically distinct extra on-topic point, OR the 'extra' content paraphrases an idea already credited under another requirement","introduces a DISTINCT extra on-topic point — not a rephrasing or repeat of any other requirement — within the question's subject, with no further detail","introduces a distinct extra on-topic point AND develops it meaningfully (a real reason, cause, or effect — not just length)",introduces a distinct extra on-topic point AND develops it AND supports it with a concrete specific that genuinely advances the argument,pending,
W-B1-17,b1,summary,,50,300,,,,,,,,,,,,,,,,,Additional on-topic development,"no semantically distinct extra on-topic point, OR the 'extra' content paraphrases an idea already credited under another requirement","introduces a DISTINCT extra on-topic point — not a rephrasing or repeat of any other requirement — within the question's subject, with no further detail","introduces a distinct extra on-topic point AND develops it meaningfully (a real reason, cause, or effect — not just length)",introduces a distinct extra on-topic point AND develops it AND supports it with a concrete specific that genuinely advances the argument,pending,
W-B1-18,b1,article,,50,300,,,,,,,,,,,,,,,,,Additional on-topic development,"no semantically distinct extra on-topic point, OR the 'extra' content paraphrases an idea already credited under another requirement","introduces a DISTINCT extra on-topic point — not a rephrasing or repeat of any other requirement — within the question's subject, with no further detail","introduces a distinct extra on-topic point AND develops it meaningfully (a real reason, cause, or effect — not just length)",introduces a distinct extra on-topic point AND develops it AND supports it with a concrete specific that genuinely advances the argument,pending,
W-B1-19,b1,summary,,50,300,,,,,,,,,,,,,,,,,Additional on-topic development,"no semantically distinct extra on-topic point, OR the 'extra' content paraphrases an idea already credited under another requirement","introduces a DISTINCT extra on-topic point — not a rephrasing or repeat of any other requirement — within the question's subject, with no further detail","introduces a distinct extra on-topic point AND develops it meaningfully (a real reason, cause, or effect — not just length)",introduces a distinct extra on-topic point AND develops it AND supports it with a concrete specific that genuinely advances the argument,pending,
W-B1-20,b1,letter/email,,50,300,,,,,,,,,,,,,,,,,Additional on-topic development,"no semantically distinct extra on-topic point, OR the 'extra' content paraphrases an idea already credited under another requirement","introduces a DISTINCT extra on-topic point — not a rephrasing or repeat of any other requirement — within the question's subject, with no further detail","introduces a distinct extra on-topic point AND develops it meaningfully (a real reason, cause, or effect — not just length)",introduces a distinct extra on-topic point AND develops it AND supports it with a concrete specific that genuinely advances the argument,pending,
W-B1-21,b1,paragraph,,50,300,,,,,,,,,,,,,,,,,Additional on-topic development,"no semantically distinct extra on-topic point, OR the 'extra' content paraphrases an idea already credited under another requirement","introduces a DISTINCT extra on-topic point — not a rephrasing or repeat of any other requirement — within the question's subject, with no further detail","introduces a distinct extra on-topic point AND develops it meaningfully (a real reason, cause, or effect — not just length)",introduces a distinct extra on-topic point AND develops it AND supports it with a concrete specific that genuinely advances the argument,pending,
W-B1-22,b1,article,,50,300,,,,,,,,,,,,,,,,,Additional on-topic development,"no semantically distinct extra on-topic point, OR the 'extra' content paraphrases an idea already credited under another requirement","introduces a DISTINCT extra on-topic point — not a rephrasing or repeat of any other requirement — within the question's subject, with no further detail","introduces a distinct extra on-topic point AND develops it meaningfully (a real reason, cause, or effect — not just length)",introduces a distinct extra on-topic point AND develops it AND supports it with a concrete specific that genuinely advances the argument,pending,
W-B1-23,b1,article,,50,300,,,,,,,,,,,,,,,,,Additional on-topic development,"no semantically distinct extra on-topic point, OR the 'extra' content paraphrases an idea already credited under another requirement","introduces a DISTINCT extra on-topic point — not a rephrasing or repeat of any other requirement — within the question's subject, with no further detail","introduces a distinct extra on-topic point AND develops it meaningfully (a real reason, cause, or effect — not just length)",introduces a distinct extra on-topic point AND develops it AND supports it with a concrete specific that genuinely advances the argument,pending,
W-B1-24,b1,letter/email,,50,300,,,,,,,,,,,,,,,,,Additional on-topic development,"no semantically distinct extra on-topic point, OR the 'extra' content paraphrases an idea already credited under another requirement","introduces a DISTINCT extra on-topic point — not a rephrasing or repeat of any other requirement — within the question's subject, with no further detail","introduces a distinct extra on-topic point AND develops it meaningfully (a real reason, cause, or effect — not just length)",introduces a distinct extra on-topic point AND develops it AND supports it with a concrete specific that genuinely advances the argument,pending,
W-B1-25,b1,report,,50,300,,,,,,,,,,,,,,,,,Additional on-topic development,"no semantically distinct extra on-topic point, OR the 'extra' content paraphrases an idea already credited under another requirement","introduces a DISTINCT extra on-topic point — not a rephrasing or repeat of any other requirement — within the question's subject, with no further detail","introduces a distinct extra on-topic point AND develops it meaningfully (a real reason, cause, or effect — not just length)",introduces a distinct extra on-topic point AND develops it AND supports it with a concrete specific that genuinely advances the argument,pending,
W-B1-26,b1,report,,50,300,,,,,,,,,,,,,,,,,Additional on-topic development,"no semantically distinct extra on-topic point, OR the 'extra' content paraphrases an idea already credited under another requirement","introduces a DISTINCT extra on-topic point — not a rephrasing or repeat of any other requirement — within the question's subject, with no further detail","introduces a distinct extra on-topic point AND develops it meaningfully (a real reason, cause, or effect — not just length)",introduces a distinct extra on-topic point AND develops it AND supports it with a concrete specific that genuinely advances the argument,pending,
W-B1-27,b1,letter/email,,50,300,,,,,,,,,,,,,,,,,Additional on-topic development,"no semantically distinct extra on-topic point, OR the 'extra' content paraphrases an idea already credited under another requirement","introduces a DISTINCT extra on-topic point — not a rephrasing or repeat of any other requirement — within the question's subject, with no further detail","introduces a distinct extra on-topic point AND develops it meaningfully (a real reason, cause, or effect — not just length)",introduces a distinct extra on-topic point AND develops it AND supports it with a concrete specific that genuinely advances the argument,pending,
W-B1-28,b1,letter/email,,50,300,,,,,,,,,,,,,,,,,Additional on-topic development,"no semantically distinct extra on-topic point, OR the 'extra' content paraphrases an idea already credited under another requirement","introduces a DISTINCT extra on-topic point — not a rephrasing or repeat of any other requirement — within the question's subject, with no further detail","introduces a distinct extra on-topic point AND develops it meaningfully (a real reason, cause, or effect — not just length)",introduces a distinct extra on-topic point AND develops it AND supports it with a concrete specific that genuinely advances the argument,pending,
W-B1-29,b1,letter/email,,50,300,,,,,,,,,,,,,,,,,Additional on-topic development,"no semantically distinct extra on-topic point, OR the 'extra' content paraphrases an idea already credited under another requirement","introduces a DISTINCT extra on-topic point — not a rephrasing or repeat of any other requirement — within the question's subject, with no further detail","introduces a distinct extra on-topic point AND develops it meaningfully (a real reason, cause, or effect — not just length)",introduces a distinct extra on-topic point AND develops it AND supports it with a concrete specific that genuinely advances the argument,pending,
W-B1-30,b1,paragraph,,50,300,,,,,,,,,,,,,,,,,Additional on-topic development,"no semantically distinct extra on-topic point, OR the 'extra' content paraphrases an idea already credited under another requirement","introduces a DISTINCT extra on-topic point — not a rephrasing or repeat of any other requirement — within the question's subject, with no further detail","introduces a distinct extra on-topic point AND develops it meaningfully (a real reason, cause, or effect — not just length)",introduces a distinct extra on-topic point AND develops it AND supports it with a concrete specific that genuinely advances the argument,pending,
W-B2-1,b2,article,,100,400,,,,,,,,,,,,,,,,,Additional on-topic development,"no semantically distinct extra on-topic point, OR the 'extra' content paraphrases an idea already credited under another requirement","introduces a DISTINCT extra on-topic point — not a rephrasing or repeat of any other requirement — within the question's subject, with no further detail","introduces a distinct extra on-topic point AND develops it meaningfully (a real reason, cause, or effect — not just length)",introduces a distinct extra on-topic point AND develops it AND supports it with a concrete specific that genuinely advances the argument,pending,
W-B2-2,b2,article,,100,400,,,,,,,,,,,,,,,,,Additional on-topic development,"no semantically distinct extra on-topic point, OR the 'extra' content paraphrases an idea already credited under another requirement","introduces a DISTINCT extra on-topic point — not a rephrasing or repeat of any other requirement — within the question's subject, with no further detail","introduces a distinct extra on-topic point AND develops it meaningfully (a real reason, cause, or effect — not just length)",introduces a distinct extra on-topic point AND develops it AND supports it with a concrete specific that genuinely advances the argument,pending,
W-B2-3,b2,essay,"people, relationships, and family (b2)",100,400,"Social media has transformed the way people maintain friendships.

Write an essay discussing how online communication affects relationships.

- Consider the effects on keeping in touch with friends
- Think about both positive and negative aspects of online connections
- Use examples from your own social media use",Effects on keeping in touch with friends,absent,"mentions keeping in touch with friends through online communication without further detail (e.g., 'Social media helps me keep in touch with friends').","explains how online communication helps maintain friendships with a reason or effect (e.g., 'Social media allows me to stay updated with my friends' lives because we can share photos and messages instantly'). (scores 2, not 3 — provides a reason but lacks a concrete specific example of a friendship maintained).","all of 2 AND includes TWO concrete specifics that illustrate the effect (e.g., 'I use Instagram to see my friend's vacation photos, and we often chat about them, which keeps our friendship strong'; or 'my friend and I play online games together every weekend, which helps us stay connected despite living in different cities'). Generic statements like 'we talk a lot' do NOT count.",Positive and negative aspects of online connections,absent,"mentions positive or negative aspects of online connections without further detail (e.g., 'Online connections have both good and bad sides').","describes a positive or negative aspect with a reason or explanation (e.g., 'Online connections are positive because they allow people to communicate across long distances easily'). (scores 2, not 3 — provides a reason but lacks a concrete specific example of a positive or negative aspect).","all of 2 AND includes TWO concrete specifics that illustrate both aspects (e.g., 'While social media helps me stay in touch with my cousin in Australia, it also sometimes leads to misunderstandings because messages can be misinterpreted'; or 'I enjoy sharing my art online, but I also feel pressure to constantly update my profile'). Vague phrases like 'it's good and bad' do NOT count.",Examples from personal social media use,absent,"mentions using social media personally without further detail (e.g., 'I use social media').","provides a reason or explanation for using social media personally (e.g., 'I use social media to keep up with news and trends because it is convenient'). (scores 2, not 3 — gives a reason but lacks a concrete specific example of personal use).","all of 2 AND includes TWO concrete specifics from personal experience (e.g., 'I follow a cooking channel on YouTube to learn new recipes, and I also use Facebook to organize events with my friends'; or 'I post my travel photos on Instagram and use Twitter to engage in discussions about my favorite TV shows'). General statements like 'I use it for fun' do NOT count.",Additional on-topic development,"no semantically distinct extra on-topic point, OR the 'extra' content paraphrases an idea already credited under another requirement","introduces a DISTINCT extra on-topic point — not a rephrasing or repeat of any other requirement — within the question's subject, with no further detail","introduces a distinct extra on-topic point AND develops it meaningfully (a real reason, cause, or effect — not just length)",introduces a distinct extra on-topic point AND develops it AND supports it with a concrete specific that genuinely advances the argument,auto-generated,
W-B2-4,b2,article,,100,400,,,,,,,,,,,,,,,,,Additional on-topic development,"no semantically distinct extra on-topic point, OR the 'extra' content paraphrases an idea already credited under another requirement","introduces a DISTINCT extra on-topic point — not a rephrasing or repeat of any other requirement — within the question's subject, with no further detail","introduces a distinct extra on-topic point AND develops it meaningfully (a real reason, cause, or effect — not just length)",introduces a distinct extra on-topic point AND develops it AND supports it with a concrete specific that genuinely advances the argument,pending,
W-B2-5,b2,letter/email,,100,400,,,,,,,,,,,,,,,,,Additional on-topic development,"no semantically distinct extra on-topic point, OR the 'extra' content paraphrases an idea already credited under another requirement","introduces a DISTINCT extra on-topic point — not a rephrasing or repeat of any other requirement — within the question's subject, with no further detail","introduces a distinct extra on-topic point AND develops it meaningfully (a real reason, cause, or effect — not just length)",introduces a distinct extra on-topic point AND develops it AND supports it with a concrete specific that genuinely advances the argument,pending,
W-B2-6,b2,essay,,100,400,"Technology has significantly impacted various aspects of our lives in recent years.

Write an essay discussing both the positive and negative effects of technology on society.

- Think about the positive effects of technology on communication
- Consider the negative effects of technology on the workplace
- Use specific examples from recent news",Positive effects of technology on communication,absent,"mentions technology's impact on communication without further detail (e.g., 'technology improves communication').","describes a positive effect of technology on communication with a reason or explanation (e.g., 'technology allows people to communicate instantly across long distances'). (scores 2, not 3 — provides a reason but lacks a concrete specific example or scenario).","all of 2 AND includes TWO concrete specifics that illustrate the positive effects (e.g., 'video calls enable families to stay connected despite living in different countries, and social media platforms allow friends to share daily updates instantly'). General statements like 'it makes communication better' do NOT count.",Negative effects of technology on the workplace,absent,"mentions a negative effect of technology on the workplace without further detail (e.g., 'technology can be bad for jobs').","describes a negative effect of technology on the workplace with a reason or explanation (e.g., 'automation can lead to job displacement as machines replace human workers'). (scores 2, not 3 — provides a reason but lacks a concrete specific example or scenario).","all of 2 AND includes TWO concrete specifics that illustrate the negative effects (e.g., 'in manufacturing, robots have replaced assembly line workers, and in customer service, chatbots are reducing the need for human operators'). Vague statements like 'it causes problems' do NOT count.",Specific examples from recent news,absent,"mentions recent news without providing a specific example or detail (e.g., 'there are many news stories about technology').","refers to a recent news story with a reason or explanation but lacks a concrete specific (e.g., 'recent news has shown how technology affects privacy, as many people are concerned about data breaches'). (scores 2, not 3 — provides a reason but lacks a concrete specific example or scenario).","all of 2 AND includes a concrete specific from recent news OR a developed hypothetical or personal example (e.g., 'a recent article reported on a major data breach at a tech company, affecting millions of users, or imagine a scenario where a new app inadvertently leaks user data'). General references like 'news about technology' do NOT count.",Additional on-topic development,"no semantically distinct extra on-topic point, OR the 'extra' content paraphrases an idea already credited under another requirement","introduces a DISTINCT extra on-topic point — not a rephrasing or repeat of any other requirement — within the question's subject, with no further detail","introduces a distinct extra on-topic point AND develops it meaningfully (a real reason, cause, or effect — not just length)",introduces a distinct extra on-topic point AND develops it AND supports it with a concrete specific that genuinely advances the argument,auto-generated,
W-B2-7,b2,essay,,100,400,"Online shopping has become a common part of modern life, raising questions about consumer rights.

Write an essay discussing the rights of consumers in online shopping.

- Think about current protections for online shoppers
- Consider common problems in online shopping
- Include needed improvements in consumer rights",Current protections for online shoppers,absent,"mentions that there are protections for online shoppers without specifying what they are (e.g., 'There are protections for online shoppers').","mentions a specific protection and explains its purpose or effect (e.g., 'Online shoppers are protected by return policies that allow them to return items if they are not satisfied'). (scores 2, not 3 — explains the protection but lacks a concrete example of how it works in practice).","all of 2 AND provides TWO concrete specifics that illustrate the protection in action (e.g., 'Return policies allow customers to send back items within 30 days, and secure payment systems protect their financial information from fraud'). Vague statements like 'there are many protections' do NOT count.",Common problems in online shopping,absent,"mentions that there are problems with online shopping without specifying what they are (e.g., 'There are problems with online shopping').","mentions a specific problem and explains its cause or effect (e.g., 'A common problem is receiving damaged goods because they are not handled properly during shipping'). (scores 2, not 3 — identifies a problem and its cause but lacks a concrete example of a specific incident).","all of 2 AND provides TWO concrete specifics that illustrate the problem (e.g., 'Customers often receive broken items due to poor packaging, and delays in delivery can occur when items are stuck in customs'). General complaints like 'things go wrong' do NOT count.",Needed improvements in consumer rights,absent,"mentions that improvements are needed in consumer rights without specifying what they are (e.g., 'Consumer rights need to be improved').","mentions a specific improvement and explains why it is needed (e.g., 'Consumers need better protection against misleading advertisements to make informed purchasing decisions'). (scores 2, not 3 — suggests an improvement and its necessity but lacks a concrete example of how it could be implemented).","all of 2 AND provides TWO concrete specifics that illustrate the improvement (e.g., 'Stricter regulations on advertising could prevent false claims, and clearer labeling requirements would help consumers understand product contents'). Vague suggestions like 'better laws' do NOT count.",Additional on-topic development,"no semantically distinct extra on-topic point, OR the 'extra' content paraphrases an idea already credited under another requirement","introduces a DISTINCT extra on-topic point — not a rephrasing or repeat of any other requirement — within the question's subject, with no further detail","introduces a distinct extra on-topic point AND develops it meaningfully (a real reason, cause, or effect — not just length)",introduces a distinct extra on-topic point AND develops it AND supports it with a concrete specific that genuinely advances the argument,auto-generated,
W-B2-8,b2,report,,100,400,,,,,,,,,,,,,,,,,Additional on-topic development,"no semantically distinct extra on-topic point, OR the 'extra' content paraphrases an idea already credited under another requirement","introduces a DISTINCT extra on-topic point — not a rephrasing or repeat of any other requirement — within the question's subject, with no further detail","introduces a distinct extra on-topic point AND develops it meaningfully (a real reason, cause, or effect — not just length)",introduces a distinct extra on-topic point AND develops it AND supports it with a concrete specific that genuinely advances the argument,pending,
W-B2-9,b2,letter/email,,100,400,,,,,,,,,,,,,,,,,Additional on-topic development,"no semantically distinct extra on-topic point, OR the 'extra' content paraphrases an idea already credited under another requirement","introduces a DISTINCT extra on-topic point — not a rephrasing or repeat of any other requirement — within the question's subject, with no further detail","introduces a distinct extra on-topic point AND develops it meaningfully (a real reason, cause, or effect — not just length)",introduces a distinct extra on-topic point AND develops it AND supports it with a concrete specific that genuinely advances the argument,pending,
W-B2-10,b2,letter/email,,100,400,,,,,,,,,,,,,,,,,Additional on-topic development,"no semantically distinct extra on-topic point, OR the 'extra' content paraphrases an idea already credited under another requirement","introduces a DISTINCT extra on-topic point — not a rephrasing or repeat of any other requirement — within the question's subject, with no further detail","introduces a distinct extra on-topic point AND develops it meaningfully (a real reason, cause, or effect — not just length)",introduces a distinct extra on-topic point AND develops it AND supports it with a concrete specific that genuinely advances the argument,pending,
W-B2-11,b2,article,,100,400,,,,,,,,,,,,,,,,,Additional on-topic development,"no semantically distinct extra on-topic point, OR the 'extra' content paraphrases an idea already credited under another requirement","introduces a DISTINCT extra on-topic point — not a rephrasing or repeat of any other requirement — within the question's subject, with no further detail","introduces a distinct extra on-topic point AND develops it meaningfully (a real reason, cause, or effect — not just length)",introduces a distinct extra on-topic point AND develops it AND supports it with a concrete specific that genuinely advances the argument,pending,
W-B2-12,b2,essay,,100,400,"Social media has a significant impact on our daily lives.

Write an essay discussing the advantages and disadvantages of social media.

- Consider the pros and cons of social media
- Include your personal experiences with social media
- Think about suggestions for safe social media use",Pros and cons of social media,absent,"mentions a pro or con of social media without further detail (e.g., 'Social media has advantages').","names a pro or con AND provides a reason or explanation (e.g., 'Social media allows people to connect with friends easily'). (scores 2, not 3 — provides a reason but lacks a concrete specific example or scenario).","all of 2 AND includes TWO concrete specifics that illustrate the point (e.g., 'Social media allows people to connect with friends easily, such as using Facebook to organize reunions and Instagram to share daily life updates'). Generic statements like 'many people use it' do NOT count.",Personal experience with social media,absent,"mentions having personal experience with social media without further detail (e.g., 'I use social media').","describes a personal experience with social media AND provides a reason or effect (e.g., 'I use social media to stay in touch with my family because we live in different countries'). (scores 2, not 3 — describes an experience and reason but lacks a concrete specific detail).","all of 2 AND includes a concrete specific detail that adds depth (e.g., 'I use social media to stay in touch with my family because we live in different countries, and we have a weekly video call on WhatsApp every Sunday'). Vague descriptions like 'I use it a lot' do NOT count.",Suggestions for safe social media use,absent,"mentions a suggestion for safe social media use without further detail (e.g., 'Be careful online').","provides a suggestion AND explains why it is important (e.g., 'Use strong passwords to protect your accounts from being hacked'). (scores 2, not 3 — provides a suggestion and reason but lacks a concrete specific example or scenario).","all of 2 AND includes TWO concrete specifics that illustrate the suggestion (e.g., 'Use strong passwords to protect your accounts from being hacked, such as combining letters, numbers, and symbols, and changing them every three months'). Generic advice like 'be safe' do NOT count.",Additional on-topic development,"no semantically distinct extra on-topic point, OR the 'extra' content paraphrases an idea already credited under another requirement","introduces a DISTINCT extra on-topic point — not a rephrasing or repeat of any other requirement — within the question's subject, with no further detail","introduces a distinct extra on-topic point AND develops it meaningfully (a real reason, cause, or effect — not just length)",introduces a distinct extra on-topic point AND develops it AND supports it with a concrete specific that genuinely advances the argument,auto-generated,
W-B2-13,b2,essay,,100,400,"Technology plays a significant role in our daily lives.

Write an essay discussing the effects of technology on our everyday activities.

- Think about how technology affects communication
- Consider the impact of technology on health
- Include your own idea on technology's effect",How technology affects communication,absent,"mentions technology's impact on communication without further detail (e.g., 'Technology changes how we communicate').","describes how technology affects communication with a reason or explanation (e.g., 'Technology allows us to communicate instantly with people across the world'). (scores 2, not 3 — provides a reason but lacks a concrete specific like a platform or method).","all of 2 AND includes TWO concrete specifics that illustrate the impact (e.g., 'Video calls on platforms like Zoom and instant messaging apps like WhatsApp have made it easier to stay in touch with family and friends'). Generic statements like 'many apps help us communicate' do NOT count.",Impact of technology on health,absent,"mentions technology's impact on health without further detail (e.g., 'Technology affects our health').","describes how technology impacts health with a reason or explanation (e.g., 'Technology can improve health by providing access to online fitness programs'). (scores 2, not 3 — gives a reason but lacks a concrete specific like a particular program or device).","all of 2 AND includes TWO concrete specifics that illustrate the impact (e.g., 'Wearable devices like Fitbits track physical activity, while telemedicine apps allow remote consultations with doctors'). Vague phrases like 'many devices help us stay healthy' do NOT count.",Your own idea on technology's effect,absent,"mentions a personal idea about technology's effect without further detail (e.g., 'Technology changes education').","describes a personal idea about technology's effect with a reason or explanation (e.g., 'Technology enhances education by providing access to online courses'). (scores 2, not 3 — provides a reason but lacks a concrete specific like a particular course or platform).","all of 2 AND includes TWO concrete specifics that illustrate the effect (e.g., 'Platforms like Coursera and Khan Academy offer courses from top universities, making education more accessible'). General statements like 'many websites offer learning' do NOT count.",Additional on-topic development,"no semantically distinct extra on-topic point, OR the 'extra' content paraphrases an idea already credited under another requirement","introduces a DISTINCT extra on-topic point — not a rephrasing or repeat of any other requirement — within the question's subject, with no further detail","introduces a distinct extra on-topic point AND develops it meaningfully (a real reason, cause, or effect — not just length)",introduces a distinct extra on-topic point AND develops it AND supports it with a concrete specific that genuinely advances the argument,auto-generated,
W-B2-14,b2,essay,,100,400,,,,,,,,,,,,,,,,,Additional on-topic development,"no semantically distinct extra on-topic point, OR the 'extra' content paraphrases an idea already credited under another requirement","introduces a DISTINCT extra on-topic point — not a rephrasing or repeat of any other requirement — within the question's subject, with no further detail","introduces a distinct extra on-topic point AND develops it meaningfully (a real reason, cause, or effect — not just length)",introduces a distinct extra on-topic point AND develops it AND supports it with a concrete specific that genuinely advances the argument,pending,
W-B2-15,b2,essay,,100,400,,,,,,,,,,,,,,,,,Additional on-topic development,"no semantically distinct extra on-topic point, OR the 'extra' content paraphrases an idea already credited under another requirement","introduces a DISTINCT extra on-topic point — not a rephrasing or repeat of any other requirement — within the question's subject, with no further detail","introduces a distinct extra on-topic point AND develops it meaningfully (a real reason, cause, or effect — not just length)",introduces a distinct extra on-topic point AND develops it AND supports it with a concrete specific that genuinely advances the argument,pending,
W-B2-16,b2,essay,,100,400,,,,,,,,,,,,,,,,,Additional on-topic development,"no semantically distinct extra on-topic point, OR the 'extra' content paraphrases an idea already credited under another requirement","introduces a DISTINCT extra on-topic point — not a rephrasing or repeat of any other requirement — within the question's subject, with no further detail","introduces a distinct extra on-topic point AND develops it meaningfully (a real reason, cause, or effect — not just length)",introduces a distinct extra on-topic point AND develops it AND supports it with a concrete specific that genuinely advances the argument,pending,
W-B2-17,b2,report,,100,400,,,,,,,,,,,,,,,,,Additional on-topic development,"no semantically distinct extra on-topic point, OR the 'extra' content paraphrases an idea already credited under another requirement","introduces a DISTINCT extra on-topic point — not a rephrasing or repeat of any other requirement — within the question's subject, with no further detail","introduces a distinct extra on-topic point AND develops it meaningfully (a real reason, cause, or effect — not just length)",introduces a distinct extra on-topic point AND develops it AND supports it with a concrete specific that genuinely advances the argument,pending,
W-B2-18,b2,report,,100,400,,,,,,,,,,,,,,,,,Additional on-topic development,"no semantically distinct extra on-topic point, OR the 'extra' content paraphrases an idea already credited under another requirement","introduces a DISTINCT extra on-topic point — not a rephrasing or repeat of any other requirement — within the question's subject, with no further detail","introduces a distinct extra on-topic point AND develops it meaningfully (a real reason, cause, or effect — not just length)",introduces a distinct extra on-topic point AND develops it AND supports it with a concrete specific that genuinely advances the argument,pending,
W-B2-19,b2,article,,100,400,,,,,,,,,,,,,,,,,Additional on-topic development,"no semantically distinct extra on-topic point, OR the 'extra' content paraphrases an idea already credited under another requirement","introduces a DISTINCT extra on-topic point — not a rephrasing or repeat of any other requirement — within the question's subject, with no further detail","introduces a distinct extra on-topic point AND develops it meaningfully (a real reason, cause, or effect — not just length)",introduces a distinct extra on-topic point AND develops it AND supports it with a concrete specific that genuinely advances the argument,pending,
W-B2-20,b2,article,,100,400,,,,,,,,,,,,,,,,,Additional on-topic development,"no semantically distinct extra on-topic point, OR the 'extra' content paraphrases an idea already credited under another requirement","introduces a DISTINCT extra on-topic point — not a rephrasing or repeat of any other requirement — within the question's subject, with no further detail","introduces a distinct extra on-topic point AND develops it meaningfully (a real reason, cause, or effect — not just length)",introduces a distinct extra on-topic point AND develops it AND supports it with a concrete specific that genuinely advances the argument,pending,
W-B2-21,b2,report,,100,400,,,,,,,,,,,,,,,,,Additional on-topic development,"no semantically distinct extra on-topic point, OR the 'extra' content paraphrases an idea already credited under another requirement","introduces a DISTINCT extra on-topic point — not a rephrasing or repeat of any other requirement — within the question's subject, with no further detail","introduces a distinct extra on-topic point AND develops it meaningfully (a real reason, cause, or effect — not just length)",introduces a distinct extra on-topic point AND develops it AND supports it with a concrete specific that genuinely advances the argument,pending,
W-B2-22,b2,letter/email,,100,400,,,,,,,,,,,,,,,,,Additional on-topic development,"no semantically distinct extra on-topic point, OR the 'extra' content paraphrases an idea already credited under another requirement","introduces a DISTINCT extra on-topic point — not a rephrasing or repeat of any other requirement — within the question's subject, with no further detail","introduces a distinct extra on-topic point AND develops it meaningfully (a real reason, cause, or effect — not just length)",introduces a distinct extra on-topic point AND develops it AND supports it with a concrete specific that genuinely advances the argument,pending,
W-B2-23,b2,report,,100,400,,,,,,,,,,,,,,,,,Additional on-topic development,"no semantically distinct extra on-topic point, OR the 'extra' content paraphrases an idea already credited under another requirement","introduces a DISTINCT extra on-topic point — not a rephrasing or repeat of any other requirement — within the question's subject, with no further detail","introduces a distinct extra on-topic point AND develops it meaningfully (a real reason, cause, or effect — not just length)",introduces a distinct extra on-topic point AND develops it AND supports it with a concrete specific that genuinely advances the argument,pending,
W-B2-24,b2,letter/email,,100,400,,,,,,,,,,,,,,,,,Additional on-topic development,"no semantically distinct extra on-topic point, OR the 'extra' content paraphrases an idea already credited under another requirement","introduces a DISTINCT extra on-topic point — not a rephrasing or repeat of any other requirement — within the question's subject, with no further detail","introduces a distinct extra on-topic point AND develops it meaningfully (a real reason, cause, or effect — not just length)",introduces a distinct extra on-topic point AND develops it AND supports it with a concrete specific that genuinely advances the argument,pending,
W-B2-25,b2,essay,,100,400,,,,,,,,,,,,,,,,,Additional on-topic development,"no semantically distinct extra on-topic point, OR the 'extra' content paraphrases an idea already credited under another requirement","introduces a DISTINCT extra on-topic point — not a rephrasing or repeat of any other requirement — within the question's subject, with no further detail","introduces a distinct extra on-topic point AND develops it meaningfully (a real reason, cause, or effect — not just length)",introduces a distinct extra on-topic point AND develops it AND supports it with a concrete specific that genuinely advances the argument,pending,
W-B2-26,b2,essay,"countries, cities, towns, and public places (b2)",100,200,,,,,,,,,,,,,,,,,Additional on-topic development,"no semantically distinct extra on-topic point, OR the 'extra' content paraphrases an idea already credited under another requirement","introduces a DISTINCT extra on-topic point — not a rephrasing or repeat of any other requirement — within the question's subject, with no further detail","introduces a distinct extra on-topic point AND develops it meaningfully (a real reason, cause, or effect — not just length)",introduces a distinct extra on-topic point AND develops it AND supports it with a concrete specific that genuinely advances the argument,pending,
W-B2-27,b2,report,,100,400,,,,,,,,,,,,,,,,,Additional on-topic development,"no semantically distinct extra on-topic point, OR the 'extra' content paraphrases an idea already credited under another requirement","introduces a DISTINCT extra on-topic point — not a rephrasing or repeat of any other requirement — within the question's subject, with no further detail","introduces a distinct extra on-topic point AND develops it meaningfully (a real reason, cause, or effect — not just length)",introduces a distinct extra on-topic point AND develops it AND supports it with a concrete specific that genuinely advances the argument,pending,
W-C1-1,c1,report,,150,500,,,,,,,,,,,,,,,,,Additional on-topic development,"no semantically distinct extra on-topic point, OR the 'extra' content paraphrases an idea already credited under another requirement","introduces a DISTINCT extra on-topic point — not a rephrasing or repeat of any other requirement — within the question's subject, with no further detail","introduces a distinct extra on-topic point AND develops it meaningfully (a real reason, cause, or effect — not just length)",introduces a distinct extra on-topic point AND develops it AND supports it with a concrete specific that genuinely advances the argument,pending,
W-C1-2,c1,essay,,150,500,,,,,,,,,,,,,,,,,Additional on-topic development,"no semantically distinct extra on-topic point, OR the 'extra' content paraphrases an idea already credited under another requirement","introduces a DISTINCT extra on-topic point — not a rephrasing or repeat of any other requirement — within the question's subject, with no further detail","introduces a distinct extra on-topic point AND develops it meaningfully (a real reason, cause, or effect — not just length)",introduces a distinct extra on-topic point AND develops it AND supports it with a concrete specific that genuinely advances the argument,pending,
W-C1-3,c1,report,,150,500,,,,,,,,,,,,,,,,,Additional on-topic development,"no semantically distinct extra on-topic point, OR the 'extra' content paraphrases an idea already credited under another requirement","introduces a DISTINCT extra on-topic point — not a rephrasing or repeat of any other requirement — within the question's subject, with no further detail","introduces a distinct extra on-topic point AND develops it meaningfully (a real reason, cause, or effect — not just length)",introduces a distinct extra on-topic point AND develops it AND supports it with a concrete specific that genuinely advances the argument,pending,
W-C1-4,c1,letter/email,,150,500,,,,,,,,,,,,,,,,,Additional on-topic development,"no semantically distinct extra on-topic point, OR the 'extra' content paraphrases an idea already credited under another requirement","introduces a DISTINCT extra on-topic point — not a rephrasing or repeat of any other requirement — within the question's subject, with no further detail","introduces a distinct extra on-topic point AND develops it meaningfully (a real reason, cause, or effect — not just length)",introduces a distinct extra on-topic point AND develops it AND supports it with a concrete specific that genuinely advances the argument,pending,
W-C1-5,c1,essay,,150,500,,,,,,,,,,,,,,,,,Additional on-topic development,"no semantically distinct extra on-topic point, OR the 'extra' content paraphrases an idea already credited under another requirement","introduces a DISTINCT extra on-topic point — not a rephrasing or repeat of any other requirement — within the question's subject, with no further detail","introduces a distinct extra on-topic point AND develops it meaningfully (a real reason, cause, or effect — not just length)",introduces a distinct extra on-topic point AND develops it AND supports it with a concrete specific that genuinely advances the argument,pending,
W-C1-6,c1,proposal,,150,500,,,,,,,,,,,,,,,,,Additional on-topic development,"no semantically distinct extra on-topic point, OR the 'extra' content paraphrases an idea already credited under another requirement","introduces a DISTINCT extra on-topic point — not a rephrasing or repeat of any other requirement — within the question's subject, with no further detail","introduces a distinct extra on-topic point AND develops it meaningfully (a real reason, cause, or effect — not just length)",introduces a distinct extra on-topic point AND develops it AND supports it with a concrete specific that genuinely advances the argument,pending,
W-C1-7,c1,proposal,,150,500,,,,,,,,,,,,,,,,,Additional on-topic development,"no semantically distinct extra on-topic point, OR the 'extra' content paraphrases an idea already credited under another requirement","introduces a DISTINCT extra on-topic point — not a rephrasing or repeat of any other requirement — within the question's subject, with no further detail","introduces a distinct extra on-topic point AND develops it meaningfully (a real reason, cause, or effect — not just length)",introduces a distinct extra on-topic point AND develops it AND supports it with a concrete specific that genuinely advances the argument,pending,
W-C1-8,c1,article,,150,500,,,,,,,,,,,,,,,,,Additional on-topic development,"no semantically distinct extra on-topic point, OR the 'extra' content paraphrases an idea already credited under another requirement","introduces a DISTINCT extra on-topic point — not a rephrasing or repeat of any other requirement — within the question's subject, with no further detail","introduces a distinct extra on-topic point AND develops it meaningfully (a real reason, cause, or effect — not just length)",introduces a distinct extra on-topic point AND develops it AND supports it with a concrete specific that genuinely advances the argument,pending,
W-C1-9,c1,essay,,150,500,,,,,,,,,,,,,,,,,Additional on-topic development,"no semantically distinct extra on-topic point, OR the 'extra' content paraphrases an idea already credited under another requirement","introduces a DISTINCT extra on-topic point — not a rephrasing or repeat of any other requirement — within the question's subject, with no further detail","introduces a distinct extra on-topic point AND develops it meaningfully (a real reason, cause, or effect — not just length)",introduces a distinct extra on-topic point AND develops it AND supports it with a concrete specific that genuinely advances the argument,pending,
W-C1-10,c1,report,,150,500,,,,,,,,,,,,,,,,,Additional on-topic development,"no semantically distinct extra on-topic point, OR the 'extra' content paraphrases an idea already credited under another requirement","introduces a DISTINCT extra on-topic point — not a rephrasing or repeat of any other requirement — within the question's subject, with no further detail","introduces a distinct extra on-topic point AND develops it meaningfully (a real reason, cause, or effect — not just length)",introduces a distinct extra on-topic point AND develops it AND supports it with a concrete specific that genuinely advances the argument,pending,
W-C1-11,c1,report,,150,500,,,,,,,,,,,,,,,,,Additional on-topic development,"no semantically distinct extra on-topic point, OR the 'extra' content paraphrases an idea already credited under another requirement","introduces a DISTINCT extra on-topic point — not a rephrasing or repeat of any other requirement — within the question's subject, with no further detail","introduces a distinct extra on-topic point AND develops it meaningfully (a real reason, cause, or effect — not just length)",introduces a distinct extra on-topic point AND develops it AND supports it with a concrete specific that genuinely advances the argument,pending,
W-C1-12,c1,report,,150,500,,,,,,,,,,,,,,,,,Additional on-topic development,"no semantically distinct extra on-topic point, OR the 'extra' content paraphrases an idea already credited under another requirement","introduces a DISTINCT extra on-topic point — not a rephrasing or repeat of any other requirement — within the question's subject, with no further detail","introduces a distinct extra on-topic point AND develops it meaningfully (a real reason, cause, or effect — not just length)",introduces a distinct extra on-topic point AND develops it AND supports it with a concrete specific that genuinely advances the argument,pending,
W-C1-13,c1,report,,150,500,,,,,,,,,,,,,,,,,Additional on-topic development,"no semantically distinct extra on-topic point, OR the 'extra' content paraphrases an idea already credited under another requirement","introduces a DISTINCT extra on-topic point — not a rephrasing or repeat of any other requirement — within the question's subject, with no further detail","introduces a distinct extra on-topic point AND develops it meaningfully (a real reason, cause, or effect — not just length)",introduces a distinct extra on-topic point AND develops it AND supports it with a concrete specific that genuinely advances the argument,pending,
W-C1-14,c1,essay,,150,500,,,,,,,,,,,,,,,,,Additional on-topic development,"no semantically distinct extra on-topic point, OR the 'extra' content paraphrases an idea already credited under another requirement","introduces a DISTINCT extra on-topic point — not a rephrasing or repeat of any other requirement — within the question's subject, with no further detail","introduces a distinct extra on-topic point AND develops it meaningfully (a real reason, cause, or effect — not just length)",introduces a distinct extra on-topic point AND develops it AND supports it with a concrete specific that genuinely advances the argument,pending,
W-C1-15,c1,essay,,150,500,,,,,,,,,,,,,,,,,Additional on-topic development,"no semantically distinct extra on-topic point, OR the 'extra' content paraphrases an idea already credited under another requirement","introduces a DISTINCT extra on-topic point — not a rephrasing or repeat of any other requirement — within the question's subject, with no further detail","introduces a distinct extra on-topic point AND develops it meaningfully (a real reason, cause, or effect — not just length)",introduces a distinct extra on-topic point AND develops it AND supports it with a concrete specific that genuinely advances the argument,pending,
W-C1-16,c1,long answer,,150,500,,,,,,,,,,,,,,,,,Additional on-topic development,"no semantically distinct extra on-topic point, OR the 'extra' content paraphrases an idea already credited under another requirement","introduces a DISTINCT extra on-topic point — not a rephrasing or repeat of any other requirement — within the question's subject, with no further detail","introduces a distinct extra on-topic point AND develops it meaningfully (a real reason, cause, or effect — not just length)",introduces a distinct extra on-topic point AND develops it AND supports it with a concrete specific that genuinely advances the argument,pending,
W-C2-20260324071428,c2,letter/email,global challenges (accessible),150,500,,,,,,,,,,,,,,,,,Additional on-topic development,"no semantically distinct extra on-topic point, OR the 'extra' content paraphrases an idea already credited under another requirement","introduces a DISTINCT extra on-topic point — not a rephrasing or repeat of any other requirement — within the question's subject, with no further detail","introduces a distinct extra on-topic point AND develops it meaningfully (a real reason, cause, or effect — not just length)",introduces a distinct extra on-topic point AND develops it AND supports it with a concrete specific that genuinely advances the argument,pending,
W-B1-20260414131142,b1,summary,self and identity,50,300,,,,,,,,,,,,,,,,,Additional on-topic development,"no semantically distinct extra on-topic point, OR the 'extra' content paraphrases an idea already credited under another requirement","introduces a DISTINCT extra on-topic point — not a rephrasing or repeat of any other requirement — within the question's subject, with no further detail","introduces a distinct extra on-topic point AND develops it meaningfully (a real reason, cause, or effect — not just length)",introduces a distinct extra on-topic point AND develops it AND supports it with a concrete specific that genuinely advances the argument,pending,
W-B2-20260420061805,b2,essay,general,50,250,,,,,,,,,,,,,,,,,Additional on-topic development,"no semantically distinct extra on-topic point, OR the 'extra' content paraphrases an idea already credited under another requirement","introduces a DISTINCT extra on-topic point — not a rephrasing or repeat of any other requirement — within the question's subject, with no further detail","introduces a distinct extra on-topic point AND develops it meaningfully (a real reason, cause, or effect — not just length)",introduces a distinct extra on-topic point AND develops it AND supports it with a concrete specific that genuinely advances the argument,pending,
W-B2-20260420061915,b2,essay,general,100,400,,,,,,,,,,,,,,,,,Additional on-topic development,"no semantically distinct extra on-topic point, OR the 'extra' content paraphrases an idea already credited under another requirement","introduces a DISTINCT extra on-topic point — not a rephrasing or repeat of any other requirement — within the question's subject, with no further detail","introduces a distinct extra on-topic point AND develops it meaningfully (a real reason, cause, or effect — not just length)",introduces a distinct extra on-topic point AND develops it AND supports it with a concrete specific that genuinely advances the argument,pending,
W-B2-20260421071523,b2,paragraph,general,100,400,,,,,,,,,,,,,,,,,Additional on-topic development,"no semantically distinct extra on-topic point, OR the 'extra' content paraphrases an idea already credited under another requirement","introduces a DISTINCT extra on-topic point — not a rephrasing or repeat of any other requirement — within the question's subject, with no further detail","introduces a distinct extra on-topic point AND develops it meaningfully (a real reason, cause, or effect — not just length)",introduces a distinct extra on-topic point AND develops it AND supports it with a concrete specific that genuinely advances the argument,pending,
W-A1-50,a1,placement writing,"people, relationships, and family (a1)",50,150,,,,,,,,,,,,,,,,,Additional on-topic development,"no semantically distinct extra on-topic point, OR the 'extra' content paraphrases an idea already credited under another requirement","introduces a DISTINCT extra on-topic point — not a rephrasing or repeat of any other requirement — within the question's subject, with no further detail","introduces a distinct extra on-topic point AND develops it meaningfully (a real reason, cause, or effect — not just length)",introduces a distinct extra on-topic point AND develops it AND supports it with a concrete specific that genuinely advances the argument,pending,
W-A1-51,a1,placement writing,"countries, cities, towns, and public places (a1)",50,150,,,,,,,,,,,,,,,,,Additional on-topic development,"no semantically distinct extra on-topic point, OR the 'extra' content paraphrases an idea already credited under another requirement","introduces a DISTINCT extra on-topic point — not a rephrasing or repeat of any other requirement — within the question's subject, with no further detail","introduces a distinct extra on-topic point AND develops it meaningfully (a real reason, cause, or effect — not just length)",introduces a distinct extra on-topic point AND develops it AND supports it with a concrete specific that genuinely advances the argument,pending,
W-A2-50,a2,placement writing,"sports, hobbies, and interests (a2)",80,200,,,,,,,,,,,,,,,,,Additional on-topic development,"no semantically distinct extra on-topic point, OR the 'extra' content paraphrases an idea already credited under another requirement","introduces a DISTINCT extra on-topic point — not a rephrasing or repeat of any other requirement — within the question's subject, with no further detail","introduces a distinct extra on-topic point AND develops it meaningfully (a real reason, cause, or effect — not just length)",introduces a distinct extra on-topic point AND develops it AND supports it with a concrete specific that genuinely advances the argument,pending,
W-A2-51,a2,placement writing,"countries, cities, towns, and public places (a2)",80,200,,,,,,,,,,,,,,,,,Additional on-topic development,"no semantically distinct extra on-topic point, OR the 'extra' content paraphrases an idea already credited under another requirement","introduces a DISTINCT extra on-topic point — not a rephrasing or repeat of any other requirement — within the question's subject, with no further detail","introduces a distinct extra on-topic point AND develops it meaningfully (a real reason, cause, or effect — not just length)",introduces a distinct extra on-topic point AND develops it AND supports it with a concrete specific that genuinely advances the argument,pending,
W-B1-50,b1,placement writing,"education, study, and language (b1)",100,250,,,,,,,,,,,,,,,,,Additional on-topic development,"no semantically distinct extra on-topic point, OR the 'extra' content paraphrases an idea already credited under another requirement","introduces a DISTINCT extra on-topic point — not a rephrasing or repeat of any other requirement — within the question's subject, with no further detail","introduces a distinct extra on-topic point AND develops it meaningfully (a real reason, cause, or effect — not just length)",introduces a distinct extra on-topic point AND develops it AND supports it with a concrete specific that genuinely advances the argument,pending,
W-B1-51,b1,placement writing,body and health (b1),100,250,,,,,,,,,,,,,,,,,Additional on-topic development,"no semantically distinct extra on-topic point, OR the 'extra' content paraphrases an idea already credited under another requirement","introduces a DISTINCT extra on-topic point — not a rephrasing or repeat of any other requirement — within the question's subject, with no further detail","introduces a distinct extra on-topic point AND develops it meaningfully (a real reason, cause, or effect — not just length)",introduces a distinct extra on-topic point AND develops it AND supports it with a concrete specific that genuinely advances the argument,pending,
W-B2-50,b2,placement writing,workplace and jobs (b2),150,300,,,,,,,,,,,,,,,,,Additional on-topic development,"no semantically distinct extra on-topic point, OR the 'extra' content paraphrases an idea already credited under another requirement","introduces a DISTINCT extra on-topic point — not a rephrasing or repeat of any other requirement — within the question's subject, with no further detail","introduces a distinct extra on-topic point AND develops it meaningfully (a real reason, cause, or effect — not just length)",introduces a distinct extra on-topic point AND develops it AND supports it with a concrete specific that genuinely advances the argument,pending,
W-B2-51,b2,placement writing,"countries, cities, towns, and public places (b2)",150,300,,,,,,,,,,,,,,,,,Additional on-topic development,"no semantically distinct extra on-topic point, OR the 'extra' content paraphrases an idea already credited under another requirement","introduces a DISTINCT extra on-topic point — not a rephrasing or repeat of any other requirement — within the question's subject, with no further detail","introduces a distinct extra on-topic point AND develops it meaningfully (a real reason, cause, or effect — not just length)",introduces a distinct extra on-topic point AND develops it AND supports it with a concrete specific that genuinely advances the argument,pending,
W-C1-50,c1,placement writing,science and technology (c1),175,350,,,,,,,,,,,,,,,,,Additional on-topic development,"no semantically distinct extra on-topic point, OR the 'extra' content paraphrases an idea already credited under another requirement","introduces a DISTINCT extra on-topic point — not a rephrasing or repeat of any other requirement — within the question's subject, with no further detail","introduces a distinct extra on-topic point AND develops it meaningfully (a real reason, cause, or effect — not just length)",introduces a distinct extra on-topic point AND develops it AND supports it with a concrete specific that genuinely advances the argument,pending,
W-C1-51,c1,placement writing,politics and society (c1),175,350,,,,,,,,,,,,,,,,,Additional on-topic development,"no semantically distinct extra on-topic point, OR the 'extra' content paraphrases an idea already credited under another requirement","introduces a DISTINCT extra on-topic point — not a rephrasing or repeat of any other requirement — within the question's subject, with no further detail","introduces a distinct extra on-topic point AND develops it meaningfully (a real reason, cause, or effect — not just length)",introduces a distinct extra on-topic point AND develops it AND supports it with a concrete specific that genuinely advances the argument,pending,
W-A2-20260506055545,a2,paragraph,"countries, cities, towns, and public places (a2)",90,120,,,,,,,,,,,,,,,,,Additional on-topic development,"no semantically distinct extra on-topic point, OR the 'extra' content paraphrases an idea already credited under another requirement","introduces a DISTINCT extra on-topic point — not a rephrasing or repeat of any other requirement — within the question's subject, with no further detail","introduces a distinct extra on-topic point AND develops it meaningfully (a real reason, cause, or effect — not just length)",introduces a distinct extra on-topic point AND develops it AND supports it with a concrete specific that genuinely advances the argument,pending,
W-A1-20260506090636,a1,placement writing,"people, relationships, and family (a1)",40,60,,,,,,,,,,,,,,,,,Additional on-topic development,"no semantically distinct extra on-topic point, OR the 'extra' content paraphrases an idea already credited under another requirement","introduces a DISTINCT extra on-topic point — not a rephrasing or repeat of any other requirement — within the question's subject, with no further detail","introduces a distinct extra on-topic point AND develops it meaningfully (a real reason, cause, or effect — not just length)",introduces a distinct extra on-topic point AND develops it AND supports it with a concrete specific that genuinely advances the argument,pending,
W-A1-20260507090557,a1,paragraph,"countries, cities, towns, and public places (a1)",50,70,,,,,,,,,,,,,,,,,Additional on-topic development,"no semantically distinct extra on-topic point, OR the 'extra' content paraphrases an idea already credited under another requirement","introduces a DISTINCT extra on-topic point — not a rephrasing or repeat of any other requirement — within the question's subject, with no further detail","introduces a distinct extra on-topic point AND develops it meaningfully (a real reason, cause, or effect — not just length)",introduces a distinct extra on-topic point AND develops it AND supports it with a concrete specific that genuinely advances the argument,pending,
W-A2-20260507113209,a2,simple email writing,"sports, hobbies, and interests (a2)",80,100,,,,,,,,,,,,,,,,,Additional on-topic development,"no semantically distinct extra on-topic point, OR the 'extra' content paraphrases an idea already credited under another requirement","introduces a DISTINCT extra on-topic point — not a rephrasing or repeat of any other requirement — within the question's subject, with no further detail","introduces a distinct extra on-topic point AND develops it meaningfully (a real reason, cause, or effect — not just length)",introduces a distinct extra on-topic point AND develops it AND supports it with a concrete specific that genuinely advances the argument,pending,
W-B1-20260507120319,b1,essay,body and health (b1),50,300,,,,,,,,,,,,,,,,,Additional on-topic development,"no semantically distinct extra on-topic point, OR the 'extra' content paraphrases an idea already credited under another requirement","introduces a DISTINCT extra on-topic point — not a rephrasing or repeat of any other requirement — within the question's subject, with no further detail","introduces a distinct extra on-topic point AND develops it meaningfully (a real reason, cause, or effect — not just length)",introduces a distinct extra on-topic point AND develops it AND supports it with a concrete specific that genuinely advances the argument,pending,
W-A1-20260401080639,a1,paragraph,"sports, hobbies, and interests (a1)",20,150,,,,,,,,,,,,,,,,,Additional on-topic development,"no semantically distinct extra on-topic point, OR the 'extra' content paraphrases an idea already credited under another requirement","introduces a DISTINCT extra on-topic point — not a rephrasing or repeat of any other requirement — within the question's subject, with no further detail","introduces a distinct extra on-topic point AND develops it meaningfully (a real reason, cause, or effect — not just length)",introduces a distinct extra on-topic point AND develops it AND supports it with a concrete specific that genuinely advances the argument,pending,
W-A1-20260401080754,a1,paragraph,"house, home, and daily life (a1)",25,150,,,,,,,,,,,,,,,,,Additional on-topic development,"no semantically distinct extra on-topic point, OR the 'extra' content paraphrases an idea already credited under another requirement","introduces a DISTINCT extra on-topic point — not a rephrasing or repeat of any other requirement — within the question's subject, with no further detail","introduces a distinct extra on-topic point AND develops it meaningfully (a real reason, cause, or effect — not just length)",introduces a distinct extra on-topic point AND develops it AND supports it with a concrete specific that genuinely advances the argument,pending,
W-A2-20260401081154,a2,paragraph,"sports, hobbies, and interests (a2)",25,250,,,,,,,,,,,,,,,,,Additional on-topic development,"no semantically distinct extra on-topic point, OR the 'extra' content paraphrases an idea already credited under another requirement","introduces a DISTINCT extra on-topic point — not a rephrasing or repeat of any other requirement — within the question's subject, with no further detail","introduces a distinct extra on-topic point AND develops it meaningfully (a real reason, cause, or effect — not just length)",introduces a distinct extra on-topic point AND develops it AND supports it with a concrete specific that genuinely advances the argument,pending,
W-A2-20260401081256,a2,paragraph,"sports, hobbies, and interests (a2)",25,250,,,,,,,,,,,,,,,,,Additional on-topic development,"no semantically distinct extra on-topic point, OR the 'extra' content paraphrases an idea already credited under another requirement","introduces a DISTINCT extra on-topic point — not a rephrasing or repeat of any other requirement — within the question's subject, with no further detail","introduces a distinct extra on-topic point AND develops it meaningfully (a real reason, cause, or effect — not just length)",introduces a distinct extra on-topic point AND develops it AND supports it with a concrete specific that genuinely advances the argument,pending,
W-A2-20260401081426,a2,paragraph,"sports, hobbies, and interests (a2)",25,250,,,,,,,,,,,,,,,,,Additional on-topic development,"no semantically distinct extra on-topic point, OR the 'extra' content paraphrases an idea already credited under another requirement","introduces a DISTINCT extra on-topic point — not a rephrasing or repeat of any other requirement — within the question's subject, with no further detail","introduces a distinct extra on-topic point AND develops it meaningfully (a real reason, cause, or effect — not just length)",introduces a distinct extra on-topic point AND develops it AND supports it with a concrete specific that genuinely advances the argument,pending,
W-B1-20260401081828,b1,essay,workplace and jobs (b1),25,300,,,,,,,,,,,,,,,,,Additional on-topic development,"no semantically distinct extra on-topic point, OR the 'extra' content paraphrases an idea already credited under another requirement","introduces a DISTINCT extra on-topic point — not a rephrasing or repeat of any other requirement — within the question's subject, with no further detail","introduces a distinct extra on-topic point AND develops it meaningfully (a real reason, cause, or effect — not just length)",introduces a distinct extra on-topic point AND develops it AND supports it with a concrete specific that genuinely advances the argument,pending,
W-B1-20260401081932,b1,essay,natural world and environment (b1),25,300,,,,,,,,,,,,,,,,,Additional on-topic development,"no semantically distinct extra on-topic point, OR the 'extra' content paraphrases an idea already credited under another requirement","introduces a DISTINCT extra on-topic point — not a rephrasing or repeat of any other requirement — within the question's subject, with no further detail","introduces a distinct extra on-topic point AND develops it meaningfully (a real reason, cause, or effect — not just length)",introduces a distinct extra on-topic point AND develops it AND supports it with a concrete specific that genuinely advances the argument,pending,
W-B1-20260401082034,b1,essay,science and technology (b1),25,300,,,,,,,,,,,,,,,,,Additional on-topic development,"no semantically distinct extra on-topic point, OR the 'extra' content paraphrases an idea already credited under another requirement","introduces a DISTINCT extra on-topic point — not a rephrasing or repeat of any other requirement — within the question's subject, with no further detail","introduces a distinct extra on-topic point AND develops it meaningfully (a real reason, cause, or effect — not just length)",introduces a distinct extra on-topic point AND develops it AND supports it with a concrete specific that genuinely advances the argument,pending,
W-B1-20260401082137,b1,essay,"shopping, money, and personal finance (b1)",25,300,,,,,,,,,,,,,,,,,Additional on-topic development,"no semantically distinct extra on-topic point, OR the 'extra' content paraphrases an idea already credited under another requirement","introduces a DISTINCT extra on-topic point — not a rephrasing or repeat of any other requirement — within the question's subject, with no further detail","introduces a distinct extra on-topic point AND develops it meaningfully (a real reason, cause, or effect — not just length)",introduces a distinct extra on-topic point AND develops it AND supports it with a concrete specific that genuinely advances the argument,pending,
W-B1-20260401082235,b1,essay,"holidays, travel, and transportation (b1)",25,900,,,,,,,,,,,,,,,,,Additional on-topic development,"no semantically distinct extra on-topic point, OR the 'extra' content paraphrases an idea already credited under another requirement","introduces a DISTINCT extra on-topic point — not a rephrasing or repeat of any other requirement — within the question's subject, with no further detail","introduces a distinct extra on-topic point AND develops it meaningfully (a real reason, cause, or effect — not just length)",introduces a distinct extra on-topic point AND develops it AND supports it with a concrete specific that genuinely advances the argument,pending,
W-B1-20260401082337,b1,essay,science and technology (b1),25,300,,,,,,,,,,,,,,,,,Additional on-topic development,"no semantically distinct extra on-topic point, OR the 'extra' content paraphrases an idea already credited under another requirement","introduces a DISTINCT extra on-topic point — not a rephrasing or repeat of any other requirement — within the question's subject, with no further detail","introduces a distinct extra on-topic point AND develops it meaningfully (a real reason, cause, or effect — not just length)",introduces a distinct extra on-topic point AND develops it AND supports it with a concrete specific that genuinely advances the argument,pending,
W-B2-20260401083650,b2,essay,"shopping, money, and personal finance (b2)",50,400,,,,,,,,,,,,,,,,,Additional on-topic development,"no semantically distinct extra on-topic point, OR the 'extra' content paraphrases an idea already credited under another requirement","introduces a DISTINCT extra on-topic point — not a rephrasing or repeat of any other requirement — within the question's subject, with no further detail","introduces a distinct extra on-topic point AND develops it meaningfully (a real reason, cause, or effect — not just length)",introduces a distinct extra on-topic point AND develops it AND supports it with a concrete specific that genuinely advances the argument,pending,
W-B2-20260401083820,b2,essay,"people, relationships, and family (b2)",50,500,,,,,,,,,,,,,,,,,Additional on-topic development,"no semantically distinct extra on-topic point, OR the 'extra' content paraphrases an idea already credited under another requirement","introduces a DISTINCT extra on-topic point — not a rephrasing or repeat of any other requirement — within the question's subject, with no further detail","introduces a distinct extra on-topic point AND develops it meaningfully (a real reason, cause, or effect — not just length)",introduces a distinct extra on-topic point AND develops it AND supports it with a concrete specific that genuinely advances the argument,pending,
W-B2-20260401083916,b2,essay,"education, study, and language (b2)",50,400,,,,,,,,,,,,,,,,,Additional on-topic development,"no semantically distinct extra on-topic point, OR the 'extra' content paraphrases an idea already credited under another requirement","introduces a DISTINCT extra on-topic point — not a rephrasing or repeat of any other requirement — within the question's subject, with no further detail","introduces a distinct extra on-topic point AND develops it meaningfully (a real reason, cause, or effect — not just length)",introduces a distinct extra on-topic point AND develops it AND supports it with a concrete specific that genuinely advances the argument,pending,
W-B2-20260401084009,b2,essay,"house, home, and daily life (b2)",50,400,,,,,,,,,,,,,,,,,Additional on-topic development,"no semantically distinct extra on-topic point, OR the 'extra' content paraphrases an idea already credited under another requirement","introduces a DISTINCT extra on-topic point — not a rephrasing or repeat of any other requirement — within the question's subject, with no further detail","introduces a distinct extra on-topic point AND develops it meaningfully (a real reason, cause, or effect — not just length)",introduces a distinct extra on-topic point AND develops it AND supports it with a concrete specific that genuinely advances the argument,pending,
W-C1-20260401084917,c1,essay,"media, arts, literature, and entertainment (c1)",50,500,,,,,,,,,,,,,,,,,Additional on-topic development,"no semantically distinct extra on-topic point, OR the 'extra' content paraphrases an idea already credited under another requirement","introduces a DISTINCT extra on-topic point — not a rephrasing or repeat of any other requirement — within the question's subject, with no further detail","introduces a distinct extra on-topic point AND develops it meaningfully (a real reason, cause, or effect — not just length)",introduces a distinct extra on-topic point AND develops it AND supports it with a concrete specific that genuinely advances the argument,pending,
W-C1-20260401085011,c1,essay,"cultures, customs, religion, and traditions (c1)",50,500,,,,,,,,,,,,,,,,,Additional on-topic development,"no semantically distinct extra on-topic point, OR the 'extra' content paraphrases an idea already credited under another requirement","introduces a DISTINCT extra on-topic point — not a rephrasing or repeat of any other requirement — within the question's subject, with no further detail","introduces a distinct extra on-topic point AND develops it meaningfully (a real reason, cause, or effect — not just length)",introduces a distinct extra on-topic point AND develops it AND supports it with a concrete specific that genuinely advances the argument,pending,
W-C1-20260401085101,c1,essay,"holidays, travel, and transportation (c1)",50,500,,,,,,,,,,,,,,,,,Additional on-topic development,"no semantically distinct extra on-topic point, OR the 'extra' content paraphrases an idea already credited under another requirement","introduces a DISTINCT extra on-topic point — not a rephrasing or repeat of any other requirement — within the question's subject, with no further detail","introduces a distinct extra on-topic point AND develops it meaningfully (a real reason, cause, or effect — not just length)",introduces a distinct extra on-topic point AND develops it AND supports it with a concrete specific that genuinely advances the argument,pending,
W-C1-20260401085151,c1,essay,"people, relationships, and family (c1)",50,500,,,,,,,,,,,,,,,,,Additional on-topic development,"no semantically distinct extra on-topic point, OR the 'extra' content paraphrases an idea already credited under another requirement","introduces a DISTINCT extra on-topic point — not a rephrasing or repeat of any other requirement — within the question's subject, with no further detail","introduces a distinct extra on-topic point AND develops it meaningfully (a real reason, cause, or effect — not just length)",introduces a distinct extra on-topic point AND develops it AND supports it with a concrete specific that genuinely advances the argument,pending,
W-B1-20260401093728,b1,essay,"people, relationships, and family (b1)",50,300,,,,,,,,,,,,,,,,,Additional on-topic development,"no semantically distinct extra on-topic point, OR the 'extra' content paraphrases an idea already credited under another requirement","introduces a DISTINCT extra on-topic point — not a rephrasing or repeat of any other requirement — within the question's subject, with no further detail","introduces a distinct extra on-topic point AND develops it meaningfully (a real reason, cause, or effect — not just length)",introduces a distinct extra on-topic point AND develops it AND supports it with a concrete specific that genuinely advances the argument,pending,
W-B1-20260401093829,b1,essay,natural world and environment (b1),50,300,,,,,,,,,,,,,,,,,Additional on-topic development,"no semantically distinct extra on-topic point, OR the 'extra' content paraphrases an idea already credited under another requirement","introduces a DISTINCT extra on-topic point — not a rephrasing or repeat of any other requirement — within the question's subject, with no further detail","introduces a distinct extra on-topic point AND develops it meaningfully (a real reason, cause, or effect — not just length)",introduces a distinct extra on-topic point AND develops it AND supports it with a concrete specific that genuinely advances the argument,pending,
W-B1-20260401093929,b1,essay,"media, arts, literature, and entertainment (b1)",50,300,,,,,,,,,,,,,,,,,Additional on-topic development,"no semantically distinct extra on-topic point, OR the 'extra' content paraphrases an idea already credited under another requirement","introduces a DISTINCT extra on-topic point — not a rephrasing or repeat of any other requirement — within the question's subject, with no further detail","introduces a distinct extra on-topic point AND develops it meaningfully (a real reason, cause, or effect — not just length)",introduces a distinct extra on-topic point AND develops it AND supports it with a concrete specific that genuinely advances the argument,pending,
